2025-11-25 16:42:25.451 [trace:] [user:] [role:] [op:] WARN  com.zaxxer.hikari.pool.HikariPool - HikariPool-1 - Thread starvation or clock leap detected (housekeeper delta=2h58m24s117ms646µs400ns).
2025-11-25 16:55:30.451 [trace:f28e7e74-9665-4c13-a6e6-94bc7d0016f3] [user:anonymous] [role:NONE] [op:] INFO  c.uniClub.logging.MDCLoggingFilter - REQUEST
traceId=f28e7e74-9665-4c13-a6e6-94bc7d0016f3 | method=POST | uri=/api/auth/authenticate | ip=0:0:0:0:0:0:0:1
headers=[host=localhost:8080, connection=keep-alive, content-length=42, sec-ch-ua-platform="Windows", user-agent=Mozilla/5.0 (Windows NT 10.0; Win64; x64) AppleWebKit/537.36 (KHTML, like Gecko) Chrome/142.0.0.0 Safari/537.36, accept=application/json, text/plain, */*, sec-ch-ua="Chromium";v="142", "Google Chrome";v="142", "Not_A Brand";v="99", content-type=application/json, sec-ch-ua-mobile=?0, origin=http://localhost:5173, sec-fetch-site=same-site, sec-fetch-mode=cors, sec-fetch-dest=empty, referer=http://localhost:5173/, accept-encoding=gzip, deflate, br, zstd, accept-language=tr-TR,tr;q=0.9,en-US;q=0.8,en;q=0.7, ]
body=(empty)

2025-11-25 16:55:30.497 [trace:f28e7e74-9665-4c13-a6e6-94bc7d0016f3] [user:anonymous] [role:NONE] [op:LOGIN] INFO  com.uniClub.logging.LoggingAspect - START [LOGIN] -> Method: AuthenticateServiceImpl.authenticate(..), Args: [com.uniClub.dto.userDto.AuthRequest@3d3a155e]
2025-11-25 16:55:30.512 [trace:f28e7e74-9665-4c13-a6e6-94bc7d0016f3] [user:anonymous] [role:NONE] [op:LOGIN] DEBUG org.hibernate.SQL - 
    select
        ue1_0.id,
        ue1_0.created_at,
        ue1_0.created_by,
        ue1_0.email,
        ue1_0.password,
        ue1_0.role,
        ue1_0.updated_at,
        ue1_0.updated_by,
        ue1_0.username,
        ue1_0.version 
    from
        uniclub.users ue1_0 
    where
        ue1_0.username=?
2025-11-25 16:55:30.560 [trace:f28e7e74-9665-4c13-a6e6-94bc7d0016f3] [user:anonymous] [role:NONE] [op:LOGIN] DEBUG org.hibernate.SQL - 
    select
        ce1_0.id,
        ce1_0.approved,
        ce1_0.club_name,
        ce1_0.created_at,
        ce1_0.created_by,
        ce1_0.description,
        ce1_0.email,
        ce1_0.foundation_date,
        ce1_0.instagram,
        ce1_0.logo_url,
        ce1_0.phone,
        p1_0.id,
        p1_0.created_at,
        p1_0.created_by,
        p1_0.email,
        p1_0.password,
        p1_0.role,
        p1_0.updated_at,
        p1_0.updated_by,
        p1_0.username,
        p1_0.version,
        ce1_0.short_name,
        ce1_0.status,
        ce1_0.updated_at,
        ce1_0.updated_by,
        ce1_0.version 
    from
        uniclub.clubs ce1_0 
    left join
        uniclub.users p1_0 
            on p1_0.id=ce1_0.president_id 
    where
        ce1_0.president_id=?
2025-11-25 16:55:30.707 [trace:f28e7e74-9665-4c13-a6e6-94bc7d0016f3] [user:anonymous] [role:NONE] [op:LOGIN] DEBUG org.hibernate.SQL - 
    select
        ue1_0.id,
        ue1_0.created_at,
        ue1_0.created_by,
        ue1_0.email,
        ue1_0.password,
        ue1_0.role,
        ue1_0.updated_at,
        ue1_0.updated_by,
        ue1_0.username,
        ue1_0.version 
    from
        uniclub.users ue1_0 
    where
        ue1_0.username=?
2025-11-25 16:55:30.718 [trace:f28e7e74-9665-4c13-a6e6-94bc7d0016f3] [user:anonymous] [role:NONE] [op:LOGIN] INFO  com.uniClub.logging.LoggingAspect - END [LOGIN] -> Duration: 220 ms
2025-11-25 16:55:30.720 [trace:f28e7e74-9665-4c13-a6e6-94bc7d0016f3] [user:anonymous] [role:NONE] [op:] DEBUG org.hibernate.SQL - 
    insert 
    into
        uniclub.refresh_token
        (created_at, created_by, expired_date, refresh_token, updated_at, updated_by, user_id, version, id) 
    values
        (?, ?, ?, ?, ?, ?, ?, ?, ?)
2025-11-25 16:55:30.735 [trace:f28e7e74-9665-4c13-a6e6-94bc7d0016f3] [user:anonymous] [role:NONE] [op:] INFO  c.uniClub.logging.MDCLoggingFilter - RESPONSE
traceId=f28e7e74-9665-4c13-a6e6-94bc7d0016f3 | status=200 | duration=285ms
body={"status":200,"payload":{"accessToken":"eyJhbGciOiJIUzI1NiJ9.eyJyb2xlIjoiQURNSU4iLCJzdWIiOiJhZG1pbiIsImlhdCI6MTc2NDA3ODkzMCwiZXhwIjoxNzY0MDg2MTMwfQ.Cj2OzDlXyrl1NHTrGL1vmTGF7YFmlFUjapn5i1RXbys","refreshToken":"ca18a9cb-65ca-48ec-8b59-611736949ec6"}}

2025-11-25 17:09:41.258 [trace:] [user:] [role:] [op:] DEBUG org.hibernate.SQL - 
    select
        ue1_0.id,
        ue1_0.created_at,
        ue1_0.created_by,
        ue1_0.email,
        ue1_0.password,
        ue1_0.role,
        ue1_0.updated_at,
        ue1_0.updated_by,
        ue1_0.username,
        ue1_0.version 
    from
        uniclub.users ue1_0 
    where
        ue1_0.username=?
2025-11-25 17:09:41.262 [trace:] [user:] [role:] [op:] DEBUG org.hibernate.SQL - 
    select
        ce1_0.id,
        ce1_0.approved,
        ce1_0.club_name,
        ce1_0.created_at,
        ce1_0.created_by,
        ce1_0.description,
        ce1_0.email,
        ce1_0.foundation_date,
        ce1_0.instagram,
        ce1_0.logo_url,
        ce1_0.phone,
        p1_0.id,
        p1_0.created_at,
        p1_0.created_by,
        p1_0.email,
        p1_0.password,
        p1_0.role,
        p1_0.updated_at,
        p1_0.updated_by,
        p1_0.username,
        p1_0.version,
        ce1_0.short_name,
        ce1_0.status,
        ce1_0.updated_at,
        ce1_0.updated_by,
        ce1_0.version 
    from
        uniclub.clubs ce1_0 
    left join
        uniclub.users p1_0 
            on p1_0.id=ce1_0.president_id 
    where
        ce1_0.president_id=?
2025-11-25 17:09:41.270 [trace:698e9b48-da41-4d2f-8ff7-2aa6f44f7d67] [user:admin] [role:[]] [op:] INFO  c.uniClub.logging.MDCLoggingFilter - REQUEST
traceId=698e9b48-da41-4d2f-8ff7-2aa6f44f7d67 | method=GET | uri=/api/auth/all/users | ip=0:0:0:0:0:0:0:1
headers=[host=localhost:8080, connection=keep-alive, sec-ch-ua-platform="Android", authorization=Bearer eyJhbGciOiJIUzI1NiJ9.eyJyb2xlIjoiQURNSU4iLCJzdWIiOiJhZG1pbiIsImlhdCI6MTc2NDA3ODkzMCwiZXhwIjoxNzY0MDg2MTMwfQ.Cj2OzDlXyrl1NHTrGL1vmTGF7YFmlFUjapn5i1RXbys, user-agent=Mozilla/5.0 (Linux; Android 6.0; Nexus 5 Build/MRA58N) AppleWebKit/537.36 (KHTML, like Gecko) Chrome/142.0.0.0 Mobile Safari/537.36, accept=application/json, text/plain, */*, sec-ch-ua="Chromium";v="142", "Google Chrome";v="142", "Not_A Brand";v="99", sec-ch-ua-mobile=?1, origin=http://localhost:5173, sec-fetch-site=same-site, sec-fetch-mode=cors, sec-fetch-dest=empty, referer=http://localhost:5173/, accept-encoding=gzip, deflate, br, zstd, accept-language=tr-TR,tr;q=0.9,en-US;q=0.8,en;q=0.7, ]
body=(empty)

2025-11-25 17:09:41.310 [trace:698e9b48-da41-4d2f-8ff7-2aa6f44f7d67] [user:admin] [role:[]] [op:] DEBUG org.hibernate.SQL - 
    select
        ue1_0.id,
        ue1_0.created_at,
        ue1_0.created_by,
        ue1_0.email,
        ue1_0.password,
        ue1_0.role,
        ue1_0.updated_at,
        ue1_0.updated_by,
        ue1_0.username,
        ue1_0.version 
    from
        uniclub.users ue1_0
2025-11-25 17:09:41.322 [trace:698e9b48-da41-4d2f-8ff7-2aa6f44f7d67] [user:admin] [role:[]] [op:] DEBUG org.hibernate.SQL - 
    select
        ce1_0.id,
        ce1_0.approved,
        ce1_0.club_name,
        ce1_0.created_at,
        ce1_0.created_by,
        ce1_0.description,
        ce1_0.email,
        ce1_0.foundation_date,
        ce1_0.instagram,
        ce1_0.logo_url,
        ce1_0.phone,
        p1_0.id,
        p1_0.created_at,
        p1_0.created_by,
        p1_0.email,
        p1_0.password,
        p1_0.role,
        p1_0.updated_at,
        p1_0.updated_by,
        p1_0.username,
        p1_0.version,
        ce1_0.short_name,
        ce1_0.status,
        ce1_0.updated_at,
        ce1_0.updated_by,
        ce1_0.version 
    from
        uniclub.clubs ce1_0 
    left join
        uniclub.users p1_0 
            on p1_0.id=ce1_0.president_id 
    where
        ce1_0.president_id=?
2025-11-25 17:09:41.325 [trace:698e9b48-da41-4d2f-8ff7-2aa6f44f7d67] [user:admin] [role:[]] [op:] DEBUG org.hibernate.SQL - 
    select
        ce1_0.id,
        ce1_0.approved,
        ce1_0.club_name,
        ce1_0.created_at,
        ce1_0.created_by,
        ce1_0.description,
        ce1_0.email,
        ce1_0.foundation_date,
        ce1_0.instagram,
        ce1_0.logo_url,
        ce1_0.phone,
        p1_0.id,
        p1_0.created_at,
        p1_0.created_by,
        p1_0.email,
        p1_0.password,
        p1_0.role,
        p1_0.updated_at,
        p1_0.updated_by,
        p1_0.username,
        p1_0.version,
        ce1_0.short_name,
        ce1_0.status,
        ce1_0.updated_at,
        ce1_0.updated_by,
        ce1_0.version 
    from
        uniclub.clubs ce1_0 
    left join
        uniclub.users p1_0 
            on p1_0.id=ce1_0.president_id 
    where
        ce1_0.president_id=?
2025-11-25 17:09:41.327 [trace:698e9b48-da41-4d2f-8ff7-2aa6f44f7d67] [user:admin] [role:[]] [op:] DEBUG org.hibernate.SQL - 
    select
        ce1_0.id,
        ce1_0.approved,
        ce1_0.club_name,
        ce1_0.created_at,
        ce1_0.created_by,
        ce1_0.description,
        ce1_0.email,
        ce1_0.foundation_date,
        ce1_0.instagram,
        ce1_0.logo_url,
        ce1_0.phone,
        p1_0.id,
        p1_0.created_at,
        p1_0.created_by,
        p1_0.email,
        p1_0.password,
        p1_0.role,
        p1_0.updated_at,
        p1_0.updated_by,
        p1_0.username,
        p1_0.version,
        ce1_0.short_name,
        ce1_0.status,
        ce1_0.updated_at,
        ce1_0.updated_by,
        ce1_0.version 
    from
        uniclub.clubs ce1_0 
    left join
        uniclub.users p1_0 
            on p1_0.id=ce1_0.president_id 
    where
        ce1_0.president_id=?
2025-11-25 17:09:41.369 [trace:698e9b48-da41-4d2f-8ff7-2aa6f44f7d67] [user:admin] [role:[]] [op:] INFO  c.uniClub.logging.MDCLoggingFilter - RESPONSE
traceId=698e9b48-da41-4d2f-8ff7-2aa6f44f7d67 | status=200 | duration=99ms
body={"status":200,"payload":[{"createdAt":"2025-10-28T22:21:57.237716","updatedAt":"2025-10-28T22:21:57.237716","createdBy":null,"updatedBy":null,"id":"8046b87f-e57c-43f7-a694-bacf480e88b8","username":"admin","email":"admin@yalova.edu.tr","role":"ADMIN"},{"createdAt":"2025-10-28T23:31:49.408782","updatedAt":"2025-10-28T23:31:49.408782","createdBy":null,"updatedBy":null,"id":"a26288db-c5b5-48b0-9c99-265de61e1cd6","username":"210101062","email":"210101062@ogrenci.yalova.edu.tr","role":"USER"},{"createdAt":"2025-10-28T23:32:41.720353","updatedAt":"2025-10-28T23:32:41.720353","createdBy":null,"updatedBy":null,"id":"c302c399-71e9-43ff-a208-8a99ef44775c","username":"210101061","email":"210101061@ogrenci.yalova.edu.tr","role":"USER"}]}

2025-11-25 17:09:41.386 [trace:] [user:] [role:] [op:] DEBUG org.hibernate.SQL - 
    select
        ue1_0.id,
        ue1_0.created_at,
        ue1_0.created_by,
        ue1_0.email,
        ue1_0.password,
        ue1_0.role,
        ue1_0.updated_at,
        ue1_0.updated_by,
        ue1_0.username,
        ue1_0.version 
    from
        uniclub.users ue1_0 
    where
        ue1_0.username=?
2025-11-25 17:09:41.388 [trace:] [user:] [role:] [op:] DEBUG org.hibernate.SQL - 
    select
        ce1_0.id,
        ce1_0.approved,
        ce1_0.club_name,
        ce1_0.created_at,
        ce1_0.created_by,
        ce1_0.description,
        ce1_0.email,
        ce1_0.foundation_date,
        ce1_0.instagram,
        ce1_0.logo_url,
        ce1_0.phone,
        p1_0.id,
        p1_0.created_at,
        p1_0.created_by,
        p1_0.email,
        p1_0.password,
        p1_0.role,
        p1_0.updated_at,
        p1_0.updated_by,
        p1_0.username,
        p1_0.version,
        ce1_0.short_name,
        ce1_0.status,
        ce1_0.updated_at,
        ce1_0.updated_by,
        ce1_0.version 
    from
        uniclub.clubs ce1_0 
    left join
        uniclub.users p1_0 
            on p1_0.id=ce1_0.president_id 
    where
        ce1_0.president_id=?
2025-11-25 17:09:41.393 [trace:ff9674b3-0d13-42e8-a360-3016519867f2] [user:admin] [role:[]] [op:] INFO  c.uniClub.logging.MDCLoggingFilter - REQUEST
traceId=ff9674b3-0d13-42e8-a360-3016519867f2 | method=GET | uri=/api/auth/all/users | ip=0:0:0:0:0:0:0:1
headers=[host=localhost:8080, connection=keep-alive, sec-ch-ua-platform="Android", authorization=Bearer eyJhbGciOiJIUzI1NiJ9.eyJyb2xlIjoiQURNSU4iLCJzdWIiOiJhZG1pbiIsImlhdCI6MTc2NDA3ODkzMCwiZXhwIjoxNzY0MDg2MTMwfQ.Cj2OzDlXyrl1NHTrGL1vmTGF7YFmlFUjapn5i1RXbys, user-agent=Mozilla/5.0 (Linux; Android 6.0; Nexus 5 Build/MRA58N) AppleWebKit/537.36 (KHTML, like Gecko) Chrome/142.0.0.0 Mobile Safari/537.36, accept=application/json, text/plain, */*, sec-ch-ua="Chromium";v="142", "Google Chrome";v="142", "Not_A Brand";v="99", sec-ch-ua-mobile=?1, origin=http://localhost:5173, sec-fetch-site=same-site, sec-fetch-mode=cors, sec-fetch-dest=empty, referer=http://localhost:5173/, accept-encoding=gzip, deflate, br, zstd, accept-language=tr-TR,tr;q=0.9,en-US;q=0.8,en;q=0.7, ]
body=(empty)

2025-11-25 17:09:41.405 [trace:ff9674b3-0d13-42e8-a360-3016519867f2] [user:admin] [role:[]] [op:] DEBUG org.hibernate.SQL - 
    select
        ue1_0.id,
        ue1_0.created_at,
        ue1_0.created_by,
        ue1_0.email,
        ue1_0.password,
        ue1_0.role,
        ue1_0.updated_at,
        ue1_0.updated_by,
        ue1_0.username,
        ue1_0.version 
    from
        uniclub.users ue1_0
2025-11-25 17:09:41.406 [trace:ff9674b3-0d13-42e8-a360-3016519867f2] [user:admin] [role:[]] [op:] DEBUG org.hibernate.SQL - 
    select
        ce1_0.id,
        ce1_0.approved,
        ce1_0.club_name,
        ce1_0.created_at,
        ce1_0.created_by,
        ce1_0.description,
        ce1_0.email,
        ce1_0.foundation_date,
        ce1_0.instagram,
        ce1_0.logo_url,
        ce1_0.phone,
        p1_0.id,
        p1_0.created_at,
        p1_0.created_by,
        p1_0.email,
        p1_0.password,
        p1_0.role,
        p1_0.updated_at,
        p1_0.updated_by,
        p1_0.username,
        p1_0.version,
        ce1_0.short_name,
        ce1_0.status,
        ce1_0.updated_at,
        ce1_0.updated_by,
        ce1_0.version 
    from
        uniclub.clubs ce1_0 
    left join
        uniclub.users p1_0 
            on p1_0.id=ce1_0.president_id 
    where
        ce1_0.president_id=?
2025-11-25 17:09:41.406 [trace:ff9674b3-0d13-42e8-a360-3016519867f2] [user:admin] [role:[]] [op:] DEBUG org.hibernate.SQL - 
    select
        ce1_0.id,
        ce1_0.approved,
        ce1_0.club_name,
        ce1_0.created_at,
        ce1_0.created_by,
        ce1_0.description,
        ce1_0.email,
        ce1_0.foundation_date,
        ce1_0.instagram,
        ce1_0.logo_url,
        ce1_0.phone,
        p1_0.id,
        p1_0.created_at,
        p1_0.created_by,
        p1_0.email,
        p1_0.password,
        p1_0.role,
        p1_0.updated_at,
        p1_0.updated_by,
        p1_0.username,
        p1_0.version,
        ce1_0.short_name,
        ce1_0.status,
        ce1_0.updated_at,
        ce1_0.updated_by,
        ce1_0.version 
    from
        uniclub.clubs ce1_0 
    left join
        uniclub.users p1_0 
            on p1_0.id=ce1_0.president_id 
    where
        ce1_0.president_id=?
2025-11-25 17:09:41.406 [trace:ff9674b3-0d13-42e8-a360-3016519867f2] [user:admin] [role:[]] [op:] DEBUG org.hibernate.SQL - 
    select
        ce1_0.id,
        ce1_0.approved,
        ce1_0.club_name,
        ce1_0.created_at,
        ce1_0.created_by,
        ce1_0.description,
        ce1_0.email,
        ce1_0.foundation_date,
        ce1_0.instagram,
        ce1_0.logo_url,
        ce1_0.phone,
        p1_0.id,
        p1_0.created_at,
        p1_0.created_by,
        p1_0.email,
        p1_0.password,
        p1_0.role,
        p1_0.updated_at,
        p1_0.updated_by,
        p1_0.username,
        p1_0.version,
        ce1_0.short_name,
        ce1_0.status,
        ce1_0.updated_at,
        ce1_0.updated_by,
        ce1_0.version 
    from
        uniclub.clubs ce1_0 
    left join
        uniclub.users p1_0 
            on p1_0.id=ce1_0.president_id 
    where
        ce1_0.president_id=?
2025-11-25 17:09:41.406 [trace:ff9674b3-0d13-42e8-a360-3016519867f2] [user:admin] [role:[]] [op:] INFO  c.uniClub.logging.MDCLoggingFilter - RESPONSE
traceId=ff9674b3-0d13-42e8-a360-3016519867f2 | status=200 | duration=13ms
body={"status":200,"payload":[{"createdAt":"2025-10-28T22:21:57.237716","updatedAt":"2025-10-28T22:21:57.237716","createdBy":null,"updatedBy":null,"id":"8046b87f-e57c-43f7-a694-bacf480e88b8","username":"admin","email":"admin@yalova.edu.tr","role":"ADMIN"},{"createdAt":"2025-10-28T23:31:49.408782","updatedAt":"2025-10-28T23:31:49.408782","createdBy":null,"updatedBy":null,"id":"a26288db-c5b5-48b0-9c99-265de61e1cd6","username":"210101062","email":"210101062@ogrenci.yalova.edu.tr","role":"USER"},{"createdAt":"2025-10-28T23:32:41.720353","updatedAt":"2025-10-28T23:32:41.720353","createdBy":null,"updatedBy":null,"id":"c302c399-71e9-43ff-a208-8a99ef44775c","username":"210101061","email":"210101061@ogrenci.yalova.edu.tr","role":"USER"}]}

2025-11-25 17:09:43.474 [trace:] [user:] [role:] [op:] DEBUG org.hibernate.SQL - 
    select
        ue1_0.id,
        ue1_0.created_at,
        ue1_0.created_by,
        ue1_0.email,
        ue1_0.password,
        ue1_0.role,
        ue1_0.updated_at,
        ue1_0.updated_by,
        ue1_0.username,
        ue1_0.version 
    from
        uniclub.users ue1_0 
    where
        ue1_0.username=?
2025-11-25 17:09:43.476 [trace:] [user:] [role:] [op:] DEBUG org.hibernate.SQL - 
    select
        ce1_0.id,
        ce1_0.approved,
        ce1_0.club_name,
        ce1_0.created_at,
        ce1_0.created_by,
        ce1_0.description,
        ce1_0.email,
        ce1_0.foundation_date,
        ce1_0.instagram,
        ce1_0.logo_url,
        ce1_0.phone,
        p1_0.id,
        p1_0.created_at,
        p1_0.created_by,
        p1_0.email,
        p1_0.password,
        p1_0.role,
        p1_0.updated_at,
        p1_0.updated_by,
        p1_0.username,
        p1_0.version,
        ce1_0.short_name,
        ce1_0.status,
        ce1_0.updated_at,
        ce1_0.updated_by,
        ce1_0.version 
    from
        uniclub.clubs ce1_0 
    left join
        uniclub.users p1_0 
            on p1_0.id=ce1_0.president_id 
    where
        ce1_0.president_id=?
2025-11-25 17:09:43.482 [trace:2d253805-c157-4c7c-a007-696ed5bab69e] [user:admin] [role:[]] [op:] INFO  c.uniClub.logging.MDCLoggingFilter - REQUEST
traceId=2d253805-c157-4c7c-a007-696ed5bab69e | method=GET | uri=/api/event/list | ip=0:0:0:0:0:0:0:1
headers=[host=localhost:8080, connection=keep-alive, sec-ch-ua-platform="Android", authorization=Bearer eyJhbGciOiJIUzI1NiJ9.eyJyb2xlIjoiQURNSU4iLCJzdWIiOiJhZG1pbiIsImlhdCI6MTc2NDA3ODkzMCwiZXhwIjoxNzY0MDg2MTMwfQ.Cj2OzDlXyrl1NHTrGL1vmTGF7YFmlFUjapn5i1RXbys, user-agent=Mozilla/5.0 (Linux; Android 6.0; Nexus 5 Build/MRA58N) AppleWebKit/537.36 (KHTML, like Gecko) Chrome/142.0.0.0 Mobile Safari/537.36, accept=application/json, text/plain, */*, sec-ch-ua="Chromium";v="142", "Google Chrome";v="142", "Not_A Brand";v="99", sec-ch-ua-mobile=?1, origin=http://localhost:5173, sec-fetch-site=same-site, sec-fetch-mode=cors, sec-fetch-dest=empty, referer=http://localhost:5173/, accept-encoding=gzip, deflate, br, zstd, accept-language=tr-TR,tr;q=0.9,en-US;q=0.8,en;q=0.7, ]
body=(empty)

2025-11-25 17:09:43.487 [trace:2d253805-c157-4c7c-a007-696ed5bab69e] [user:admin] [role:[]] [op:FIND_ALL_EVENTS] INFO  com.uniClub.logging.LoggingAspect - START [FIND_ALL_EVENTS] -> Method: EventServiceImpl.findAllEvents(), Args: []
2025-11-25 17:09:43.496 [trace:2d253805-c157-4c7c-a007-696ed5bab69e] [user:admin] [role:[]] [op:FIND_ALL_EVENTS] DEBUG org.hibernate.SQL - 
    select
        e1_0.id,
        e1_0.created_at,
        e1_0.created_by,
        e1_0.description,
        e1_0.event_date,
        e1_0.location,
        e1_0.participant_count,
        e1_0.title,
        e1_0.updated_at,
        e1_0.updated_by,
        e1_0.version 
    from
        uniclub.events e1_0 
    order by
        e1_0.event_date
2025-11-25 17:09:43.542 [trace:2d253805-c157-4c7c-a007-696ed5bab69e] [user:admin] [role:[]] [op:FIND_ALL_EVENTS] INFO  c.u.s.e.impl.EventServiceImpl - [EVENT_LISTED] total=3
2025-11-25 17:09:43.554 [trace:2d253805-c157-4c7c-a007-696ed5bab69e] [user:admin] [role:[]] [op:FIND_ALL_EVENTS] DEBUG org.hibernate.SQL - 
    select
        pi1_0.event_id,
        pi1_0.participant_id 
    from
        uniclub.event_participants pi1_0 
    where
        pi1_0.event_id=?
2025-11-25 17:09:43.562 [trace:2d253805-c157-4c7c-a007-696ed5bab69e] [user:admin] [role:[]] [op:FIND_ALL_EVENTS] DEBUG org.hibernate.SQL - 
    select
        pi1_0.event_id,
        pi1_0.participant_id 
    from
        uniclub.event_participants pi1_0 
    where
        pi1_0.event_id=?
2025-11-25 17:09:43.567 [trace:2d253805-c157-4c7c-a007-696ed5bab69e] [user:admin] [role:[]] [op:FIND_ALL_EVENTS] DEBUG org.hibernate.SQL - 
    select
        pi1_0.event_id,
        pi1_0.participant_id 
    from
        uniclub.event_participants pi1_0 
    where
        pi1_0.event_id=?
2025-11-25 17:09:43.568 [trace:2d253805-c157-4c7c-a007-696ed5bab69e] [user:admin] [role:[]] [op:FIND_ALL_EVENTS] INFO  com.uniClub.logging.LoggingAspect - END [FIND_ALL_EVENTS] -> Duration: 81 ms
2025-11-25 17:09:43.569 [trace:2d253805-c157-4c7c-a007-696ed5bab69e] [user:admin] [role:[]] [op:] INFO  c.uniClub.logging.MDCLoggingFilter - RESPONSE
traceId=2d253805-c157-4c7c-a007-696ed5bab69e | status=200 | duration=87ms
body={"status":200,"payload":[{"createdAt":"2025-10-29T15:55:31.864495","updatedAt":"2025-10-29T17:41:30.170936","createdBy":"admin","updatedBy":"admin","version":2,"id":9,"title":"huawein","description":"burda çok eğlencez","eventDate":"2025-10-31T12:54:05.315","location":"nemrutdağı","participantCount":-1,"participantIds":[],"clubIds":null},{"createdAt":"2025-10-15T14:51:47.386525","updatedAt":"2025-10-29T17:41:55.953512","createdBy":"admin","updatedBy":"admin","version":1,"id":7,"title":"string","description":"string","eventDate":"2025-11-15T11:51:34.183","location":"string","participantCount":1,"participantIds":["8046b87f-e57c-43f7-a694-bacf480e88b8"],"clubIds":null},{"createdAt":"2025-10-29T15:54:27.589385","updatedAt":"2025-10-29T15:54:27.589385","createdBy":"admin","updatedBy":"admin","version":0,"id":8,"title":"dağkampıo","description":"burda çok eğlencez","eventDate":"2025-11-29T12:54:05.315","location":"ağrı dağı","participantCount":0,"participantIds":[],"clubIds":null}]}

2025-11-25 17:09:43.586 [trace:] [user:] [role:] [op:] DEBUG org.hibernate.SQL - 
    select
        ue1_0.id,
        ue1_0.created_at,
        ue1_0.created_by,
        ue1_0.email,
        ue1_0.password,
        ue1_0.role,
        ue1_0.updated_at,
        ue1_0.updated_by,
        ue1_0.username,
        ue1_0.version 
    from
        uniclub.users ue1_0 
    where
        ue1_0.username=?
2025-11-25 17:09:43.586 [trace:] [user:] [role:] [op:] DEBUG org.hibernate.SQL - 
    select
        ce1_0.id,
        ce1_0.approved,
        ce1_0.club_name,
        ce1_0.created_at,
        ce1_0.created_by,
        ce1_0.description,
        ce1_0.email,
        ce1_0.foundation_date,
        ce1_0.instagram,
        ce1_0.logo_url,
        ce1_0.phone,
        p1_0.id,
        p1_0.created_at,
        p1_0.created_by,
        p1_0.email,
        p1_0.password,
        p1_0.role,
        p1_0.updated_at,
        p1_0.updated_by,
        p1_0.username,
        p1_0.version,
        ce1_0.short_name,
        ce1_0.status,
        ce1_0.updated_at,
        ce1_0.updated_by,
        ce1_0.version 
    from
        uniclub.clubs ce1_0 
    left join
        uniclub.users p1_0 
            on p1_0.id=ce1_0.president_id 
    where
        ce1_0.president_id=?
2025-11-25 17:09:43.599 [trace:3d0f86a3-ab62-4281-9141-d3ef66ba9d5c] [user:admin] [role:[]] [op:] INFO  c.uniClub.logging.MDCLoggingFilter - REQUEST
traceId=3d0f86a3-ab62-4281-9141-d3ef66ba9d5c | method=GET | uri=/api/event/list | ip=0:0:0:0:0:0:0:1
headers=[host=localhost:8080, connection=keep-alive, sec-ch-ua-platform="Android", authorization=Bearer eyJhbGciOiJIUzI1NiJ9.eyJyb2xlIjoiQURNSU4iLCJzdWIiOiJhZG1pbiIsImlhdCI6MTc2NDA3ODkzMCwiZXhwIjoxNzY0MDg2MTMwfQ.Cj2OzDlXyrl1NHTrGL1vmTGF7YFmlFUjapn5i1RXbys, user-agent=Mozilla/5.0 (Linux; Android 6.0; Nexus 5 Build/MRA58N) AppleWebKit/537.36 (KHTML, like Gecko) Chrome/142.0.0.0 Mobile Safari/537.36, accept=application/json, text/plain, */*, sec-ch-ua="Chromium";v="142", "Google Chrome";v="142", "Not_A Brand";v="99", sec-ch-ua-mobile=?1, origin=http://localhost:5173, sec-fetch-site=same-site, sec-fetch-mode=cors, sec-fetch-dest=empty, referer=http://localhost:5173/, accept-encoding=gzip, deflate, br, zstd, accept-language=tr-TR,tr;q=0.9,en-US;q=0.8,en;q=0.7, ]
body=(empty)

2025-11-25 17:09:43.599 [trace:3d0f86a3-ab62-4281-9141-d3ef66ba9d5c] [user:admin] [role:[]] [op:FIND_ALL_EVENTS] INFO  com.uniClub.logging.LoggingAspect - START [FIND_ALL_EVENTS] -> Method: EventServiceImpl.findAllEvents(), Args: []
2025-11-25 17:09:43.602 [trace:3d0f86a3-ab62-4281-9141-d3ef66ba9d5c] [user:admin] [role:[]] [op:FIND_ALL_EVENTS] DEBUG org.hibernate.SQL - 
    select
        e1_0.id,
        e1_0.created_at,
        e1_0.created_by,
        e1_0.description,
        e1_0.event_date,
        e1_0.location,
        e1_0.participant_count,
        e1_0.title,
        e1_0.updated_at,
        e1_0.updated_by,
        e1_0.version 
    from
        uniclub.events e1_0 
    order by
        e1_0.event_date
2025-11-25 17:09:43.605 [trace:3d0f86a3-ab62-4281-9141-d3ef66ba9d5c] [user:admin] [role:[]] [op:FIND_ALL_EVENTS] INFO  c.u.s.e.impl.EventServiceImpl - [EVENT_LISTED] total=3
2025-11-25 17:09:43.606 [trace:3d0f86a3-ab62-4281-9141-d3ef66ba9d5c] [user:admin] [role:[]] [op:FIND_ALL_EVENTS] DEBUG org.hibernate.SQL - 
    select
        pi1_0.event_id,
        pi1_0.participant_id 
    from
        uniclub.event_participants pi1_0 
    where
        pi1_0.event_id=?
2025-11-25 17:09:43.607 [trace:3d0f86a3-ab62-4281-9141-d3ef66ba9d5c] [user:admin] [role:[]] [op:FIND_ALL_EVENTS] DEBUG org.hibernate.SQL - 
    select
        pi1_0.event_id,
        pi1_0.participant_id 
    from
        uniclub.event_participants pi1_0 
    where
        pi1_0.event_id=?
2025-11-25 17:09:43.609 [trace:3d0f86a3-ab62-4281-9141-d3ef66ba9d5c] [user:admin] [role:[]] [op:FIND_ALL_EVENTS] DEBUG org.hibernate.SQL - 
    select
        pi1_0.event_id,
        pi1_0.participant_id 
    from
        uniclub.event_participants pi1_0 
    where
        pi1_0.event_id=?
2025-11-25 17:09:43.609 [trace:3d0f86a3-ab62-4281-9141-d3ef66ba9d5c] [user:admin] [role:[]] [op:FIND_ALL_EVENTS] INFO  com.uniClub.logging.LoggingAspect - END [FIND_ALL_EVENTS] -> Duration: 9 ms
2025-11-25 17:09:43.612 [trace:3d0f86a3-ab62-4281-9141-d3ef66ba9d5c] [user:admin] [role:[]] [op:] INFO  c.uniClub.logging.MDCLoggingFilter - RESPONSE
traceId=3d0f86a3-ab62-4281-9141-d3ef66ba9d5c | status=200 | duration=12ms
body={"status":200,"payload":[{"createdAt":"2025-10-29T15:55:31.864495","updatedAt":"2025-10-29T17:41:30.170936","createdBy":"admin","updatedBy":"admin","version":2,"id":9,"title":"huawein","description":"burda çok eğlencez","eventDate":"2025-10-31T12:54:05.315","location":"nemrutdağı","participantCount":-1,"participantIds":[],"clubIds":null},{"createdAt":"2025-10-15T14:51:47.386525","updatedAt":"2025-10-29T17:41:55.953512","createdBy":"admin","updatedBy":"admin","version":1,"id":7,"title":"string","description":"string","eventDate":"2025-11-15T11:51:34.183","location":"string","participantCount":1,"participantIds":["8046b87f-e57c-43f7-a694-bacf480e88b8"],"clubIds":null},{"createdAt":"2025-10-29T15:54:27.589385","updatedAt":"2025-10-29T15:54:27.589385","createdBy":"admin","updatedBy":"admin","version":0,"id":8,"title":"dağkampıo","description":"burda çok eğlencez","eventDate":"2025-11-29T12:54:05.315","location":"ağrı dağı","participantCount":0,"participantIds":[],"clubIds":null}]}

2025-11-25 17:10:08.705 [trace:] [user:] [role:] [op:] DEBUG org.hibernate.SQL - 
    select
        ue1_0.id,
        ue1_0.created_at,
        ue1_0.created_by,
        ue1_0.email,
        ue1_0.password,
        ue1_0.role,
        ue1_0.updated_at,
        ue1_0.updated_by,
        ue1_0.username,
        ue1_0.version 
    from
        uniclub.users ue1_0 
    where
        ue1_0.username=?
2025-11-25 17:10:08.707 [trace:] [user:] [role:] [op:] DEBUG org.hibernate.SQL - 
    select
        ce1_0.id,
        ce1_0.approved,
        ce1_0.club_name,
        ce1_0.created_at,
        ce1_0.created_by,
        ce1_0.description,
        ce1_0.email,
        ce1_0.foundation_date,
        ce1_0.instagram,
        ce1_0.logo_url,
        ce1_0.phone,
        p1_0.id,
        p1_0.created_at,
        p1_0.created_by,
        p1_0.email,
        p1_0.password,
        p1_0.role,
        p1_0.updated_at,
        p1_0.updated_by,
        p1_0.username,
        p1_0.version,
        ce1_0.short_name,
        ce1_0.status,
        ce1_0.updated_at,
        ce1_0.updated_by,
        ce1_0.version 
    from
        uniclub.clubs ce1_0 
    left join
        uniclub.users p1_0 
            on p1_0.id=ce1_0.president_id 
    where
        ce1_0.president_id=?
2025-11-25 17:10:08.713 [trace:bbe6814d-6b85-48dd-88ab-769c1862fabd] [user:admin] [role:[]] [op:] INFO  c.uniClub.logging.MDCLoggingFilter - REQUEST
traceId=bbe6814d-6b85-48dd-88ab-769c1862fabd | method=GET | uri=/api/event/list | ip=0:0:0:0:0:0:0:1
headers=[host=localhost:8080, connection=keep-alive, sec-ch-ua-platform="Windows", authorization=Bearer eyJhbGciOiJIUzI1NiJ9.eyJyb2xlIjoiQURNSU4iLCJzdWIiOiJhZG1pbiIsImlhdCI6MTc2NDA3ODkzMCwiZXhwIjoxNzY0MDg2MTMwfQ.Cj2OzDlXyrl1NHTrGL1vmTGF7YFmlFUjapn5i1RXbys, user-agent=Mozilla/5.0 (Windows NT 10.0; Win64; x64) AppleWebKit/537.36 (KHTML, like Gecko) Chrome/142.0.0.0 Safari/537.36, accept=application/json, text/plain, */*, sec-ch-ua="Chromium";v="142", "Google Chrome";v="142", "Not_A Brand";v="99", sec-ch-ua-mobile=?0, origin=http://localhost:5173, sec-fetch-site=same-site, sec-fetch-mode=cors, sec-fetch-dest=empty, referer=http://localhost:5173/, accept-encoding=gzip, deflate, br, zstd, accept-language=tr-TR,tr;q=0.9,en-US;q=0.8,en;q=0.7, ]
body=(empty)

2025-11-25 17:10:08.714 [trace:bbe6814d-6b85-48dd-88ab-769c1862fabd] [user:admin] [role:[]] [op:FIND_ALL_EVENTS] INFO  com.uniClub.logging.LoggingAspect - START [FIND_ALL_EVENTS] -> Method: EventServiceImpl.findAllEvents(), Args: []
2025-11-25 17:10:08.716 [trace:bbe6814d-6b85-48dd-88ab-769c1862fabd] [user:admin] [role:[]] [op:FIND_ALL_EVENTS] DEBUG org.hibernate.SQL - 
    select
        e1_0.id,
        e1_0.created_at,
        e1_0.created_by,
        e1_0.description,
        e1_0.event_date,
        e1_0.location,
        e1_0.participant_count,
        e1_0.title,
        e1_0.updated_at,
        e1_0.updated_by,
        e1_0.version 
    from
        uniclub.events e1_0 
    order by
        e1_0.event_date
2025-11-25 17:10:08.718 [trace:bbe6814d-6b85-48dd-88ab-769c1862fabd] [user:admin] [role:[]] [op:FIND_ALL_EVENTS] INFO  c.u.s.e.impl.EventServiceImpl - [EVENT_LISTED] total=3
2025-11-25 17:10:08.719 [trace:bbe6814d-6b85-48dd-88ab-769c1862fabd] [user:admin] [role:[]] [op:FIND_ALL_EVENTS] DEBUG org.hibernate.SQL - 
    select
        pi1_0.event_id,
        pi1_0.participant_id 
    from
        uniclub.event_participants pi1_0 
    where
        pi1_0.event_id=?
2025-11-25 17:10:08.719 [trace:bbe6814d-6b85-48dd-88ab-769c1862fabd] [user:admin] [role:[]] [op:FIND_ALL_EVENTS] DEBUG org.hibernate.SQL - 
    select
        pi1_0.event_id,
        pi1_0.participant_id 
    from
        uniclub.event_participants pi1_0 
    where
        pi1_0.event_id=?
2025-11-25 17:10:08.721 [trace:bbe6814d-6b85-48dd-88ab-769c1862fabd] [user:admin] [role:[]] [op:FIND_ALL_EVENTS] DEBUG org.hibernate.SQL - 
    select
        pi1_0.event_id,
        pi1_0.participant_id 
    from
        uniclub.event_participants pi1_0 
    where
        pi1_0.event_id=?
2025-11-25 17:10:08.721 [trace:bbe6814d-6b85-48dd-88ab-769c1862fabd] [user:admin] [role:[]] [op:FIND_ALL_EVENTS] INFO  com.uniClub.logging.LoggingAspect - END [FIND_ALL_EVENTS] -> Duration: 7 ms
2025-11-25 17:10:08.722 [trace:bbe6814d-6b85-48dd-88ab-769c1862fabd] [user:admin] [role:[]] [op:] INFO  c.uniClub.logging.MDCLoggingFilter - RESPONSE
traceId=bbe6814d-6b85-48dd-88ab-769c1862fabd | status=200 | duration=9ms
body={"status":200,"payload":[{"createdAt":"2025-10-29T15:55:31.864495","updatedAt":"2025-10-29T17:41:30.170936","createdBy":"admin","updatedBy":"admin","version":2,"id":9,"title":"huawein","description":"burda çok eğlencez","eventDate":"2025-10-31T12:54:05.315","location":"nemrutdağı","participantCount":-1,"participantIds":[],"clubIds":null},{"createdAt":"2025-10-15T14:51:47.386525","updatedAt":"2025-10-29T17:41:55.953512","createdBy":"admin","updatedBy":"admin","version":1,"id":7,"title":"string","description":"string","eventDate":"2025-11-15T11:51:34.183","location":"string","participantCount":1,"participantIds":["8046b87f-e57c-43f7-a694-bacf480e88b8"],"clubIds":null},{"createdAt":"2025-10-29T15:54:27.589385","updatedAt":"2025-10-29T15:54:27.589385","createdBy":"admin","updatedBy":"admin","version":0,"id":8,"title":"dağkampıo","description":"burda çok eğlencez","eventDate":"2025-11-29T12:54:05.315","location":"ağrı dağı","participantCount":0,"participantIds":[],"clubIds":null}]}

2025-11-25 17:10:08.729 [trace:] [user:] [role:] [op:] DEBUG org.hibernate.SQL - 
    select
        ue1_0.id,
        ue1_0.created_at,
        ue1_0.created_by,
        ue1_0.email,
        ue1_0.password,
        ue1_0.role,
        ue1_0.updated_at,
        ue1_0.updated_by,
        ue1_0.username,
        ue1_0.version 
    from
        uniclub.users ue1_0 
    where
        ue1_0.username=?
2025-11-25 17:10:08.730 [trace:] [user:] [role:] [op:] DEBUG org.hibernate.SQL - 
    select
        ce1_0.id,
        ce1_0.approved,
        ce1_0.club_name,
        ce1_0.created_at,
        ce1_0.created_by,
        ce1_0.description,
        ce1_0.email,
        ce1_0.foundation_date,
        ce1_0.instagram,
        ce1_0.logo_url,
        ce1_0.phone,
        p1_0.id,
        p1_0.created_at,
        p1_0.created_by,
        p1_0.email,
        p1_0.password,
        p1_0.role,
        p1_0.updated_at,
        p1_0.updated_by,
        p1_0.username,
        p1_0.version,
        ce1_0.short_name,
        ce1_0.status,
        ce1_0.updated_at,
        ce1_0.updated_by,
        ce1_0.version 
    from
        uniclub.clubs ce1_0 
    left join
        uniclub.users p1_0 
            on p1_0.id=ce1_0.president_id 
    where
        ce1_0.president_id=?
2025-11-25 17:10:08.735 [trace:e9dada69-32ef-40cc-9e9d-31eb50bb0924] [user:admin] [role:[]] [op:] INFO  c.uniClub.logging.MDCLoggingFilter - REQUEST
traceId=e9dada69-32ef-40cc-9e9d-31eb50bb0924 | method=GET | uri=/api/event/list | ip=0:0:0:0:0:0:0:1
headers=[host=localhost:8080, connection=keep-alive, sec-ch-ua-platform="Windows", authorization=Bearer eyJhbGciOiJIUzI1NiJ9.eyJyb2xlIjoiQURNSU4iLCJzdWIiOiJhZG1pbiIsImlhdCI6MTc2NDA3ODkzMCwiZXhwIjoxNzY0MDg2MTMwfQ.Cj2OzDlXyrl1NHTrGL1vmTGF7YFmlFUjapn5i1RXbys, user-agent=Mozilla/5.0 (Windows NT 10.0; Win64; x64) AppleWebKit/537.36 (KHTML, like Gecko) Chrome/142.0.0.0 Safari/537.36, accept=application/json, text/plain, */*, sec-ch-ua="Chromium";v="142", "Google Chrome";v="142", "Not_A Brand";v="99", sec-ch-ua-mobile=?0, origin=http://localhost:5173, sec-fetch-site=same-site, sec-fetch-mode=cors, sec-fetch-dest=empty, referer=http://localhost:5173/, accept-encoding=gzip, deflate, br, zstd, accept-language=tr-TR,tr;q=0.9,en-US;q=0.8,en;q=0.7, ]
body=(empty)

2025-11-25 17:10:08.736 [trace:e9dada69-32ef-40cc-9e9d-31eb50bb0924] [user:admin] [role:[]] [op:FIND_ALL_EVENTS] INFO  com.uniClub.logging.LoggingAspect - START [FIND_ALL_EVENTS] -> Method: EventServiceImpl.findAllEvents(), Args: []
2025-11-25 17:10:08.737 [trace:e9dada69-32ef-40cc-9e9d-31eb50bb0924] [user:admin] [role:[]] [op:FIND_ALL_EVENTS] DEBUG org.hibernate.SQL - 
    select
        e1_0.id,
        e1_0.created_at,
        e1_0.created_by,
        e1_0.description,
        e1_0.event_date,
        e1_0.location,
        e1_0.participant_count,
        e1_0.title,
        e1_0.updated_at,
        e1_0.updated_by,
        e1_0.version 
    from
        uniclub.events e1_0 
    order by
        e1_0.event_date
2025-11-25 17:10:08.739 [trace:e9dada69-32ef-40cc-9e9d-31eb50bb0924] [user:admin] [role:[]] [op:FIND_ALL_EVENTS] INFO  c.u.s.e.impl.EventServiceImpl - [EVENT_LISTED] total=3
2025-11-25 17:10:08.740 [trace:e9dada69-32ef-40cc-9e9d-31eb50bb0924] [user:admin] [role:[]] [op:FIND_ALL_EVENTS] DEBUG org.hibernate.SQL - 
    select
        pi1_0.event_id,
        pi1_0.participant_id 
    from
        uniclub.event_participants pi1_0 
    where
        pi1_0.event_id=?
2025-11-25 17:10:08.741 [trace:e9dada69-32ef-40cc-9e9d-31eb50bb0924] [user:admin] [role:[]] [op:FIND_ALL_EVENTS] DEBUG org.hibernate.SQL - 
    select
        pi1_0.event_id,
        pi1_0.participant_id 
    from
        uniclub.event_participants pi1_0 
    where
        pi1_0.event_id=?
2025-11-25 17:10:08.743 [trace:e9dada69-32ef-40cc-9e9d-31eb50bb0924] [user:admin] [role:[]] [op:FIND_ALL_EVENTS] DEBUG org.hibernate.SQL - 
    select
        pi1_0.event_id,
        pi1_0.participant_id 
    from
        uniclub.event_participants pi1_0 
    where
        pi1_0.event_id=?
2025-11-25 17:10:08.744 [trace:e9dada69-32ef-40cc-9e9d-31eb50bb0924] [user:admin] [role:[]] [op:FIND_ALL_EVENTS] INFO  com.uniClub.logging.LoggingAspect - END [FIND_ALL_EVENTS] -> Duration: 8 ms
2025-11-25 17:10:08.745 [trace:e9dada69-32ef-40cc-9e9d-31eb50bb0924] [user:admin] [role:[]] [op:] INFO  c.uniClub.logging.MDCLoggingFilter - RESPONSE
traceId=e9dada69-32ef-40cc-9e9d-31eb50bb0924 | status=200 | duration=10ms
body={"status":200,"payload":[{"createdAt":"2025-10-29T15:55:31.864495","updatedAt":"2025-10-29T17:41:30.170936","createdBy":"admin","updatedBy":"admin","version":2,"id":9,"title":"huawein","description":"burda çok eğlencez","eventDate":"2025-10-31T12:54:05.315","location":"nemrutdağı","participantCount":-1,"participantIds":[],"clubIds":null},{"createdAt":"2025-10-15T14:51:47.386525","updatedAt":"2025-10-29T17:41:55.953512","createdBy":"admin","updatedBy":"admin","version":1,"id":7,"title":"string","description":"string","eventDate":"2025-11-15T11:51:34.183","location":"string","participantCount":1,"participantIds":["8046b87f-e57c-43f7-a694-bacf480e88b8"],"clubIds":null},{"createdAt":"2025-10-29T15:54:27.589385","updatedAt":"2025-10-29T15:54:27.589385","createdBy":"admin","updatedBy":"admin","version":0,"id":8,"title":"dağkampıo","description":"burda çok eğlencez","eventDate":"2025-11-29T12:54:05.315","location":"ağrı dağı","participantCount":0,"participantIds":[],"clubIds":null}]}

2025-11-25 17:11:06.048 [trace:] [user:] [role:] [op:] DEBUG org.hibernate.SQL - 
    select
        ue1_0.id,
        ue1_0.created_at,
        ue1_0.created_by,
        ue1_0.email,
        ue1_0.password,
        ue1_0.role,
        ue1_0.updated_at,
        ue1_0.updated_by,
        ue1_0.username,
        ue1_0.version 
    from
        uniclub.users ue1_0 
    where
        ue1_0.username=?
2025-11-25 17:11:06.050 [trace:] [user:] [role:] [op:] DEBUG org.hibernate.SQL - 
    select
        ce1_0.id,
        ce1_0.approved,
        ce1_0.club_name,
        ce1_0.created_at,
        ce1_0.created_by,
        ce1_0.description,
        ce1_0.email,
        ce1_0.foundation_date,
        ce1_0.instagram,
        ce1_0.logo_url,
        ce1_0.phone,
        p1_0.id,
        p1_0.created_at,
        p1_0.created_by,
        p1_0.email,
        p1_0.password,
        p1_0.role,
        p1_0.updated_at,
        p1_0.updated_by,
        p1_0.username,
        p1_0.version,
        ce1_0.short_name,
        ce1_0.status,
        ce1_0.updated_at,
        ce1_0.updated_by,
        ce1_0.version 
    from
        uniclub.clubs ce1_0 
    left join
        uniclub.users p1_0 
            on p1_0.id=ce1_0.president_id 
    where
        ce1_0.president_id=?
2025-11-25 17:11:06.056 [trace:a029b530-0a3d-463d-a054-5eff8dd70059] [user:admin] [role:[]] [op:] INFO  c.uniClub.logging.MDCLoggingFilter - REQUEST
traceId=a029b530-0a3d-463d-a054-5eff8dd70059 | method=GET | uri=/api/event/list | ip=0:0:0:0:0:0:0:1
headers=[host=localhost:8080, connection=keep-alive, sec-ch-ua-platform="Windows", authorization=Bearer eyJhbGciOiJIUzI1NiJ9.eyJyb2xlIjoiQURNSU4iLCJzdWIiOiJhZG1pbiIsImlhdCI6MTc2NDA3ODkzMCwiZXhwIjoxNzY0MDg2MTMwfQ.Cj2OzDlXyrl1NHTrGL1vmTGF7YFmlFUjapn5i1RXbys, user-agent=Mozilla/5.0 (Windows NT 10.0; Win64; x64) AppleWebKit/537.36 (KHTML, like Gecko) Chrome/142.0.0.0 Safari/537.36, accept=application/json, text/plain, */*, sec-ch-ua="Chromium";v="142", "Google Chrome";v="142", "Not_A Brand";v="99", sec-ch-ua-mobile=?0, origin=http://localhost:5173, sec-fetch-site=same-site, sec-fetch-mode=cors, sec-fetch-dest=empty, referer=http://localhost:5173/, accept-encoding=gzip, deflate, br, zstd, accept-language=tr-TR,tr;q=0.9,en-US;q=0.8,en;q=0.7, ]
body=(empty)

2025-11-25 17:11:06.057 [trace:a029b530-0a3d-463d-a054-5eff8dd70059] [user:admin] [role:[]] [op:FIND_ALL_EVENTS] INFO  com.uniClub.logging.LoggingAspect - START [FIND_ALL_EVENTS] -> Method: EventServiceImpl.findAllEvents(), Args: []
2025-11-25 17:11:06.058 [trace:a029b530-0a3d-463d-a054-5eff8dd70059] [user:admin] [role:[]] [op:FIND_ALL_EVENTS] DEBUG org.hibernate.SQL - 
    select
        e1_0.id,
        e1_0.created_at,
        e1_0.created_by,
        e1_0.description,
        e1_0.event_date,
        e1_0.location,
        e1_0.participant_count,
        e1_0.title,
        e1_0.updated_at,
        e1_0.updated_by,
        e1_0.version 
    from
        uniclub.events e1_0 
    order by
        e1_0.event_date
2025-11-25 17:11:06.061 [trace:a029b530-0a3d-463d-a054-5eff8dd70059] [user:admin] [role:[]] [op:FIND_ALL_EVENTS] INFO  c.u.s.e.impl.EventServiceImpl - [EVENT_LISTED] total=3
2025-11-25 17:11:06.061 [trace:a029b530-0a3d-463d-a054-5eff8dd70059] [user:admin] [role:[]] [op:FIND_ALL_EVENTS] DEBUG org.hibernate.SQL - 
    select
        pi1_0.event_id,
        pi1_0.participant_id 
    from
        uniclub.event_participants pi1_0 
    where
        pi1_0.event_id=?
2025-11-25 17:11:06.062 [trace:a029b530-0a3d-463d-a054-5eff8dd70059] [user:admin] [role:[]] [op:FIND_ALL_EVENTS] DEBUG org.hibernate.SQL - 
    select
        pi1_0.event_id,
        pi1_0.participant_id 
    from
        uniclub.event_participants pi1_0 
    where
        pi1_0.event_id=?
2025-11-25 17:11:06.063 [trace:a029b530-0a3d-463d-a054-5eff8dd70059] [user:admin] [role:[]] [op:FIND_ALL_EVENTS] DEBUG org.hibernate.SQL - 
    select
        pi1_0.event_id,
        pi1_0.participant_id 
    from
        uniclub.event_participants pi1_0 
    where
        pi1_0.event_id=?
2025-11-25 17:11:06.063 [trace:a029b530-0a3d-463d-a054-5eff8dd70059] [user:admin] [role:[]] [op:FIND_ALL_EVENTS] INFO  com.uniClub.logging.LoggingAspect - END [FIND_ALL_EVENTS] -> Duration: 6 ms
2025-11-25 17:11:06.066 [trace:a029b530-0a3d-463d-a054-5eff8dd70059] [user:admin] [role:[]] [op:] INFO  c.uniClub.logging.MDCLoggingFilter - RESPONSE
traceId=a029b530-0a3d-463d-a054-5eff8dd70059 | status=200 | duration=10ms
body={"status":200,"payload":[{"createdAt":"2025-10-29T15:55:31.864495","updatedAt":"2025-10-29T17:41:30.170936","createdBy":"admin","updatedBy":"admin","version":2,"id":9,"title":"huawein","description":"burda çok eğlencez","eventDate":"2025-10-31T12:54:05.315","location":"nemrutdağı","participantCount":-1,"participantIds":[],"clubIds":null},{"createdAt":"2025-10-15T14:51:47.386525","updatedAt":"2025-10-29T17:41:55.953512","createdBy":"admin","updatedBy":"admin","version":1,"id":7,"title":"string","description":"string","eventDate":"2025-11-15T11:51:34.183","location":"string","participantCount":1,"participantIds":["8046b87f-e57c-43f7-a694-bacf480e88b8"],"clubIds":null},{"createdAt":"2025-10-29T15:54:27.589385","updatedAt":"2025-10-29T15:54:27.589385","createdBy":"admin","updatedBy":"admin","version":0,"id":8,"title":"dağkampıo","description":"burda çok eğlencez","eventDate":"2025-11-29T12:54:05.315","location":"ağrı dağı","participantCount":0,"participantIds":[],"clubIds":null}]}

2025-11-25 17:11:06.075 [trace:] [user:] [role:] [op:] DEBUG org.hibernate.SQL - 
    select
        ue1_0.id,
        ue1_0.created_at,
        ue1_0.created_by,
        ue1_0.email,
        ue1_0.password,
        ue1_0.role,
        ue1_0.updated_at,
        ue1_0.updated_by,
        ue1_0.username,
        ue1_0.version 
    from
        uniclub.users ue1_0 
    where
        ue1_0.username=?
2025-11-25 17:11:06.077 [trace:] [user:] [role:] [op:] DEBUG org.hibernate.SQL - 
    select
        ce1_0.id,
        ce1_0.approved,
        ce1_0.club_name,
        ce1_0.created_at,
        ce1_0.created_by,
        ce1_0.description,
        ce1_0.email,
        ce1_0.foundation_date,
        ce1_0.instagram,
        ce1_0.logo_url,
        ce1_0.phone,
        p1_0.id,
        p1_0.created_at,
        p1_0.created_by,
        p1_0.email,
        p1_0.password,
        p1_0.role,
        p1_0.updated_at,
        p1_0.updated_by,
        p1_0.username,
        p1_0.version,
        ce1_0.short_name,
        ce1_0.status,
        ce1_0.updated_at,
        ce1_0.updated_by,
        ce1_0.version 
    from
        uniclub.clubs ce1_0 
    left join
        uniclub.users p1_0 
            on p1_0.id=ce1_0.president_id 
    where
        ce1_0.president_id=?
2025-11-25 17:11:06.086 [trace:04d89424-5781-4bac-9451-112a3d9bf154] [user:admin] [role:[]] [op:] INFO  c.uniClub.logging.MDCLoggingFilter - REQUEST
traceId=04d89424-5781-4bac-9451-112a3d9bf154 | method=GET | uri=/api/event/list | ip=0:0:0:0:0:0:0:1
headers=[host=localhost:8080, connection=keep-alive, sec-ch-ua-platform="Windows", authorization=Bearer eyJhbGciOiJIUzI1NiJ9.eyJyb2xlIjoiQURNSU4iLCJzdWIiOiJhZG1pbiIsImlhdCI6MTc2NDA3ODkzMCwiZXhwIjoxNzY0MDg2MTMwfQ.Cj2OzDlXyrl1NHTrGL1vmTGF7YFmlFUjapn5i1RXbys, user-agent=Mozilla/5.0 (Windows NT 10.0; Win64; x64) AppleWebKit/537.36 (KHTML, like Gecko) Chrome/142.0.0.0 Safari/537.36, accept=application/json, text/plain, */*, sec-ch-ua="Chromium";v="142", "Google Chrome";v="142", "Not_A Brand";v="99", sec-ch-ua-mobile=?0, origin=http://localhost:5173, sec-fetch-site=same-site, sec-fetch-mode=cors, sec-fetch-dest=empty, referer=http://localhost:5173/, accept-encoding=gzip, deflate, br, zstd, accept-language=tr-TR,tr;q=0.9,en-US;q=0.8,en;q=0.7, ]
body=(empty)

2025-11-25 17:11:06.087 [trace:04d89424-5781-4bac-9451-112a3d9bf154] [user:admin] [role:[]] [op:FIND_ALL_EVENTS] INFO  com.uniClub.logging.LoggingAspect - START [FIND_ALL_EVENTS] -> Method: EventServiceImpl.findAllEvents(), Args: []
2025-11-25 17:11:06.089 [trace:04d89424-5781-4bac-9451-112a3d9bf154] [user:admin] [role:[]] [op:FIND_ALL_EVENTS] DEBUG org.hibernate.SQL - 
    select
        e1_0.id,
        e1_0.created_at,
        e1_0.created_by,
        e1_0.description,
        e1_0.event_date,
        e1_0.location,
        e1_0.participant_count,
        e1_0.title,
        e1_0.updated_at,
        e1_0.updated_by,
        e1_0.version 
    from
        uniclub.events e1_0 
    order by
        e1_0.event_date
2025-11-25 17:11:06.091 [trace:04d89424-5781-4bac-9451-112a3d9bf154] [user:admin] [role:[]] [op:FIND_ALL_EVENTS] INFO  c.u.s.e.impl.EventServiceImpl - [EVENT_LISTED] total=3
2025-11-25 17:11:06.092 [trace:04d89424-5781-4bac-9451-112a3d9bf154] [user:admin] [role:[]] [op:FIND_ALL_EVENTS] DEBUG org.hibernate.SQL - 
    select
        pi1_0.event_id,
        pi1_0.participant_id 
    from
        uniclub.event_participants pi1_0 
    where
        pi1_0.event_id=?
2025-11-25 17:11:06.092 [trace:04d89424-5781-4bac-9451-112a3d9bf154] [user:admin] [role:[]] [op:FIND_ALL_EVENTS] DEBUG org.hibernate.SQL - 
    select
        pi1_0.event_id,
        pi1_0.participant_id 
    from
        uniclub.event_participants pi1_0 
    where
        pi1_0.event_id=?
2025-11-25 17:11:06.093 [trace:04d89424-5781-4bac-9451-112a3d9bf154] [user:admin] [role:[]] [op:FIND_ALL_EVENTS] DEBUG org.hibernate.SQL - 
    select
        pi1_0.event_id,
        pi1_0.participant_id 
    from
        uniclub.event_participants pi1_0 
    where
        pi1_0.event_id=?
2025-11-25 17:11:06.094 [trace:04d89424-5781-4bac-9451-112a3d9bf154] [user:admin] [role:[]] [op:FIND_ALL_EVENTS] INFO  com.uniClub.logging.LoggingAspect - END [FIND_ALL_EVENTS] -> Duration: 7 ms
2025-11-25 17:11:06.096 [trace:04d89424-5781-4bac-9451-112a3d9bf154] [user:admin] [role:[]] [op:] INFO  c.uniClub.logging.MDCLoggingFilter - RESPONSE
traceId=04d89424-5781-4bac-9451-112a3d9bf154 | status=200 | duration=10ms
body={"status":200,"payload":[{"createdAt":"2025-10-29T15:55:31.864495","updatedAt":"2025-10-29T17:41:30.170936","createdBy":"admin","updatedBy":"admin","version":2,"id":9,"title":"huawein","description":"burda çok eğlencez","eventDate":"2025-10-31T12:54:05.315","location":"nemrutdağı","participantCount":-1,"participantIds":[],"clubIds":null},{"createdAt":"2025-10-15T14:51:47.386525","updatedAt":"2025-10-29T17:41:55.953512","createdBy":"admin","updatedBy":"admin","version":1,"id":7,"title":"string","description":"string","eventDate":"2025-11-15T11:51:34.183","location":"string","participantCount":1,"participantIds":["8046b87f-e57c-43f7-a694-bacf480e88b8"],"clubIds":null},{"createdAt":"2025-10-29T15:54:27.589385","updatedAt":"2025-10-29T15:54:27.589385","createdBy":"admin","updatedBy":"admin","version":0,"id":8,"title":"dağkampıo","description":"burda çok eğlencez","eventDate":"2025-11-29T12:54:05.315","location":"ağrı dağı","participantCount":0,"participantIds":[],"clubIds":null}]}

2025-11-25 17:11:10.471 [trace:] [user:] [role:] [op:] DEBUG org.hibernate.SQL - 
    select
        ue1_0.id,
        ue1_0.created_at,
        ue1_0.created_by,
        ue1_0.email,
        ue1_0.password,
        ue1_0.role,
        ue1_0.updated_at,
        ue1_0.updated_by,
        ue1_0.username,
        ue1_0.version 
    from
        uniclub.users ue1_0 
    where
        ue1_0.username=?
2025-11-25 17:11:10.472 [trace:] [user:] [role:] [op:] DEBUG org.hibernate.SQL - 
    select
        ce1_0.id,
        ce1_0.approved,
        ce1_0.club_name,
        ce1_0.created_at,
        ce1_0.created_by,
        ce1_0.description,
        ce1_0.email,
        ce1_0.foundation_date,
        ce1_0.instagram,
        ce1_0.logo_url,
        ce1_0.phone,
        p1_0.id,
        p1_0.created_at,
        p1_0.created_by,
        p1_0.email,
        p1_0.password,
        p1_0.role,
        p1_0.updated_at,
        p1_0.updated_by,
        p1_0.username,
        p1_0.version,
        ce1_0.short_name,
        ce1_0.status,
        ce1_0.updated_at,
        ce1_0.updated_by,
        ce1_0.version 
    from
        uniclub.clubs ce1_0 
    left join
        uniclub.users p1_0 
            on p1_0.id=ce1_0.president_id 
    where
        ce1_0.president_id=?
2025-11-25 17:11:10.477 [trace:b967aed7-06ae-4d04-89ec-adf72d059e43] [user:admin] [role:[]] [op:] INFO  c.uniClub.logging.MDCLoggingFilter - REQUEST
traceId=b967aed7-06ae-4d04-89ec-adf72d059e43 | method=GET | uri=/api/event/list | ip=0:0:0:0:0:0:0:1
headers=[host=localhost:8080, connection=keep-alive, sec-ch-ua-platform="Windows", authorization=Bearer eyJhbGciOiJIUzI1NiJ9.eyJyb2xlIjoiQURNSU4iLCJzdWIiOiJhZG1pbiIsImlhdCI6MTc2NDA3ODkzMCwiZXhwIjoxNzY0MDg2MTMwfQ.Cj2OzDlXyrl1NHTrGL1vmTGF7YFmlFUjapn5i1RXbys, user-agent=Mozilla/5.0 (Windows NT 10.0; Win64; x64) AppleWebKit/537.36 (KHTML, like Gecko) Chrome/142.0.0.0 Safari/537.36, accept=application/json, text/plain, */*, sec-ch-ua="Chromium";v="142", "Google Chrome";v="142", "Not_A Brand";v="99", sec-ch-ua-mobile=?0, origin=http://localhost:5173, sec-fetch-site=same-site, sec-fetch-mode=cors, sec-fetch-dest=empty, referer=http://localhost:5173/, accept-encoding=gzip, deflate, br, zstd, accept-language=tr-TR,tr;q=0.9,en-US;q=0.8,en;q=0.7, ]
body=(empty)

2025-11-25 17:11:10.478 [trace:b967aed7-06ae-4d04-89ec-adf72d059e43] [user:admin] [role:[]] [op:FIND_ALL_EVENTS] INFO  com.uniClub.logging.LoggingAspect - START [FIND_ALL_EVENTS] -> Method: EventServiceImpl.findAllEvents(), Args: []
2025-11-25 17:11:10.480 [trace:b967aed7-06ae-4d04-89ec-adf72d059e43] [user:admin] [role:[]] [op:FIND_ALL_EVENTS] DEBUG org.hibernate.SQL - 
    select
        e1_0.id,
        e1_0.created_at,
        e1_0.created_by,
        e1_0.description,
        e1_0.event_date,
        e1_0.location,
        e1_0.participant_count,
        e1_0.title,
        e1_0.updated_at,
        e1_0.updated_by,
        e1_0.version 
    from
        uniclub.events e1_0 
    order by
        e1_0.event_date
2025-11-25 17:11:10.482 [trace:b967aed7-06ae-4d04-89ec-adf72d059e43] [user:admin] [role:[]] [op:FIND_ALL_EVENTS] INFO  c.u.s.e.impl.EventServiceImpl - [EVENT_LISTED] total=3
2025-11-25 17:11:10.482 [trace:b967aed7-06ae-4d04-89ec-adf72d059e43] [user:admin] [role:[]] [op:FIND_ALL_EVENTS] DEBUG org.hibernate.SQL - 
    select
        pi1_0.event_id,
        pi1_0.participant_id 
    from
        uniclub.event_participants pi1_0 
    where
        pi1_0.event_id=?
2025-11-25 17:11:10.483 [trace:b967aed7-06ae-4d04-89ec-adf72d059e43] [user:admin] [role:[]] [op:FIND_ALL_EVENTS] DEBUG org.hibernate.SQL - 
    select
        pi1_0.event_id,
        pi1_0.participant_id 
    from
        uniclub.event_participants pi1_0 
    where
        pi1_0.event_id=?
2025-11-25 17:11:10.484 [trace:b967aed7-06ae-4d04-89ec-adf72d059e43] [user:admin] [role:[]] [op:FIND_ALL_EVENTS] DEBUG org.hibernate.SQL - 
    select
        pi1_0.event_id,
        pi1_0.participant_id 
    from
        uniclub.event_participants pi1_0 
    where
        pi1_0.event_id=?
2025-11-25 17:11:10.484 [trace:b967aed7-06ae-4d04-89ec-adf72d059e43] [user:admin] [role:[]] [op:FIND_ALL_EVENTS] INFO  com.uniClub.logging.LoggingAspect - END [FIND_ALL_EVENTS] -> Duration: 6 ms
2025-11-25 17:11:10.486 [trace:b967aed7-06ae-4d04-89ec-adf72d059e43] [user:admin] [role:[]] [op:] INFO  c.uniClub.logging.MDCLoggingFilter - RESPONSE
traceId=b967aed7-06ae-4d04-89ec-adf72d059e43 | status=200 | duration=9ms
body={"status":200,"payload":[{"createdAt":"2025-10-29T15:55:31.864495","updatedAt":"2025-10-29T17:41:30.170936","createdBy":"admin","updatedBy":"admin","version":2,"id":9,"title":"huawein","description":"burda çok eğlencez","eventDate":"2025-10-31T12:54:05.315","location":"nemrutdağı","participantCount":-1,"participantIds":[],"clubIds":null},{"createdAt":"2025-10-15T14:51:47.386525","updatedAt":"2025-10-29T17:41:55.953512","createdBy":"admin","updatedBy":"admin","version":1,"id":7,"title":"string","description":"string","eventDate":"2025-11-15T11:51:34.183","location":"string","participantCount":1,"participantIds":["8046b87f-e57c-43f7-a694-bacf480e88b8"],"clubIds":null},{"createdAt":"2025-10-29T15:54:27.589385","updatedAt":"2025-10-29T15:54:27.589385","createdBy":"admin","updatedBy":"admin","version":0,"id":8,"title":"dağkampıo","description":"burda çok eğlencez","eventDate":"2025-11-29T12:54:05.315","location":"ağrı dağı","participantCount":0,"participantIds":[],"clubIds":null}]}

2025-11-25 17:11:10.492 [trace:] [user:] [role:] [op:] DEBUG org.hibernate.SQL - 
    select
        ue1_0.id,
        ue1_0.created_at,
        ue1_0.created_by,
        ue1_0.email,
        ue1_0.password,
        ue1_0.role,
        ue1_0.updated_at,
        ue1_0.updated_by,
        ue1_0.username,
        ue1_0.version 
    from
        uniclub.users ue1_0 
    where
        ue1_0.username=?
2025-11-25 17:11:10.493 [trace:] [user:] [role:] [op:] DEBUG org.hibernate.SQL - 
    select
        ce1_0.id,
        ce1_0.approved,
        ce1_0.club_name,
        ce1_0.created_at,
        ce1_0.created_by,
        ce1_0.description,
        ce1_0.email,
        ce1_0.foundation_date,
        ce1_0.instagram,
        ce1_0.logo_url,
        ce1_0.phone,
        p1_0.id,
        p1_0.created_at,
        p1_0.created_by,
        p1_0.email,
        p1_0.password,
        p1_0.role,
        p1_0.updated_at,
        p1_0.updated_by,
        p1_0.username,
        p1_0.version,
        ce1_0.short_name,
        ce1_0.status,
        ce1_0.updated_at,
        ce1_0.updated_by,
        ce1_0.version 
    from
        uniclub.clubs ce1_0 
    left join
        uniclub.users p1_0 
            on p1_0.id=ce1_0.president_id 
    where
        ce1_0.president_id=?
2025-11-25 17:11:10.495 [trace:238ddd45-5388-4b48-887d-c6f9d11cf295] [user:admin] [role:[]] [op:] INFO  c.uniClub.logging.MDCLoggingFilter - REQUEST
traceId=238ddd45-5388-4b48-887d-c6f9d11cf295 | method=GET | uri=/api/event/list | ip=0:0:0:0:0:0:0:1
headers=[host=localhost:8080, connection=keep-alive, sec-ch-ua-platform="Windows", authorization=Bearer eyJhbGciOiJIUzI1NiJ9.eyJyb2xlIjoiQURNSU4iLCJzdWIiOiJhZG1pbiIsImlhdCI6MTc2NDA3ODkzMCwiZXhwIjoxNzY0MDg2MTMwfQ.Cj2OzDlXyrl1NHTrGL1vmTGF7YFmlFUjapn5i1RXbys, user-agent=Mozilla/5.0 (Windows NT 10.0; Win64; x64) AppleWebKit/537.36 (KHTML, like Gecko) Chrome/142.0.0.0 Safari/537.36, accept=application/json, text/plain, */*, sec-ch-ua="Chromium";v="142", "Google Chrome";v="142", "Not_A Brand";v="99", sec-ch-ua-mobile=?0, origin=http://localhost:5173, sec-fetch-site=same-site, sec-fetch-mode=cors, sec-fetch-dest=empty, referer=http://localhost:5173/, accept-encoding=gzip, deflate, br, zstd, accept-language=tr-TR,tr;q=0.9,en-US;q=0.8,en;q=0.7, ]
body=(empty)

2025-11-25 17:11:10.498 [trace:238ddd45-5388-4b48-887d-c6f9d11cf295] [user:admin] [role:[]] [op:FIND_ALL_EVENTS] INFO  com.uniClub.logging.LoggingAspect - START [FIND_ALL_EVENTS] -> Method: EventServiceImpl.findAllEvents(), Args: []
2025-11-25 17:11:10.499 [trace:238ddd45-5388-4b48-887d-c6f9d11cf295] [user:admin] [role:[]] [op:FIND_ALL_EVENTS] DEBUG org.hibernate.SQL - 
    select
        e1_0.id,
        e1_0.created_at,
        e1_0.created_by,
        e1_0.description,
        e1_0.event_date,
        e1_0.location,
        e1_0.participant_count,
        e1_0.title,
        e1_0.updated_at,
        e1_0.updated_by,
        e1_0.version 
    from
        uniclub.events e1_0 
    order by
        e1_0.event_date
2025-11-25 17:11:10.501 [trace:238ddd45-5388-4b48-887d-c6f9d11cf295] [user:admin] [role:[]] [op:FIND_ALL_EVENTS] INFO  c.u.s.e.impl.EventServiceImpl - [EVENT_LISTED] total=3
2025-11-25 17:11:10.501 [trace:238ddd45-5388-4b48-887d-c6f9d11cf295] [user:admin] [role:[]] [op:FIND_ALL_EVENTS] DEBUG org.hibernate.SQL - 
    select
        pi1_0.event_id,
        pi1_0.participant_id 
    from
        uniclub.event_participants pi1_0 
    where
        pi1_0.event_id=?
2025-11-25 17:11:10.502 [trace:238ddd45-5388-4b48-887d-c6f9d11cf295] [user:admin] [role:[]] [op:FIND_ALL_EVENTS] DEBUG org.hibernate.SQL - 
    select
        pi1_0.event_id,
        pi1_0.participant_id 
    from
        uniclub.event_participants pi1_0 
    where
        pi1_0.event_id=?
2025-11-25 17:11:10.503 [trace:238ddd45-5388-4b48-887d-c6f9d11cf295] [user:admin] [role:[]] [op:FIND_ALL_EVENTS] DEBUG org.hibernate.SQL - 
    select
        pi1_0.event_id,
        pi1_0.participant_id 
    from
        uniclub.event_participants pi1_0 
    where
        pi1_0.event_id=?
2025-11-25 17:11:10.503 [trace:238ddd45-5388-4b48-887d-c6f9d11cf295] [user:admin] [role:[]] [op:FIND_ALL_EVENTS] INFO  com.uniClub.logging.LoggingAspect - END [FIND_ALL_EVENTS] -> Duration: 5 ms
2025-11-25 17:11:10.505 [trace:238ddd45-5388-4b48-887d-c6f9d11cf295] [user:admin] [role:[]] [op:] INFO  c.uniClub.logging.MDCLoggingFilter - RESPONSE
traceId=238ddd45-5388-4b48-887d-c6f9d11cf295 | status=200 | duration=10ms
body={"status":200,"payload":[{"createdAt":"2025-10-29T15:55:31.864495","updatedAt":"2025-10-29T17:41:30.170936","createdBy":"admin","updatedBy":"admin","version":2,"id":9,"title":"huawein","description":"burda çok eğlencez","eventDate":"2025-10-31T12:54:05.315","location":"nemrutdağı","participantCount":-1,"participantIds":[],"clubIds":null},{"createdAt":"2025-10-15T14:51:47.386525","updatedAt":"2025-10-29T17:41:55.953512","createdBy":"admin","updatedBy":"admin","version":1,"id":7,"title":"string","description":"string","eventDate":"2025-11-15T11:51:34.183","location":"string","participantCount":1,"participantIds":["8046b87f-e57c-43f7-a694-bacf480e88b8"],"clubIds":null},{"createdAt":"2025-10-29T15:54:27.589385","updatedAt":"2025-10-29T15:54:27.589385","createdBy":"admin","updatedBy":"admin","version":0,"id":8,"title":"dağkampıo","description":"burda çok eğlencez","eventDate":"2025-11-29T12:54:05.315","location":"ağrı dağı","participantCount":0,"participantIds":[],"clubIds":null}]}

2025-11-25 17:11:13.974 [trace:] [user:] [role:] [op:] DEBUG org.hibernate.SQL - 
    select
        ue1_0.id,
        ue1_0.created_at,
        ue1_0.created_by,
        ue1_0.email,
        ue1_0.password,
        ue1_0.role,
        ue1_0.updated_at,
        ue1_0.updated_by,
        ue1_0.username,
        ue1_0.version 
    from
        uniclub.users ue1_0 
    where
        ue1_0.username=?
2025-11-25 17:11:13.975 [trace:] [user:] [role:] [op:] DEBUG org.hibernate.SQL - 
    select
        ce1_0.id,
        ce1_0.approved,
        ce1_0.club_name,
        ce1_0.created_at,
        ce1_0.created_by,
        ce1_0.description,
        ce1_0.email,
        ce1_0.foundation_date,
        ce1_0.instagram,
        ce1_0.logo_url,
        ce1_0.phone,
        p1_0.id,
        p1_0.created_at,
        p1_0.created_by,
        p1_0.email,
        p1_0.password,
        p1_0.role,
        p1_0.updated_at,
        p1_0.updated_by,
        p1_0.username,
        p1_0.version,
        ce1_0.short_name,
        ce1_0.status,
        ce1_0.updated_at,
        ce1_0.updated_by,
        ce1_0.version 
    from
        uniclub.clubs ce1_0 
    left join
        uniclub.users p1_0 
            on p1_0.id=ce1_0.president_id 
    where
        ce1_0.president_id=?
2025-11-25 17:11:13.979 [trace:a753a03b-b745-41d8-a2d5-6cd50d72b5ba] [user:admin] [role:[]] [op:] INFO  c.uniClub.logging.MDCLoggingFilter - REQUEST
traceId=a753a03b-b745-41d8-a2d5-6cd50d72b5ba | method=GET | uri=/api/event/list | ip=0:0:0:0:0:0:0:1
headers=[host=localhost:8080, connection=keep-alive, sec-ch-ua-platform="Windows", authorization=Bearer eyJhbGciOiJIUzI1NiJ9.eyJyb2xlIjoiQURNSU4iLCJzdWIiOiJhZG1pbiIsImlhdCI6MTc2NDA3ODkzMCwiZXhwIjoxNzY0MDg2MTMwfQ.Cj2OzDlXyrl1NHTrGL1vmTGF7YFmlFUjapn5i1RXbys, user-agent=Mozilla/5.0 (Windows NT 10.0; Win64; x64) AppleWebKit/537.36 (KHTML, like Gecko) Chrome/142.0.0.0 Safari/537.36, accept=application/json, text/plain, */*, sec-ch-ua="Chromium";v="142", "Google Chrome";v="142", "Not_A Brand";v="99", sec-ch-ua-mobile=?0, origin=http://localhost:5173, sec-fetch-site=same-site, sec-fetch-mode=cors, sec-fetch-dest=empty, referer=http://localhost:5173/, accept-encoding=gzip, deflate, br, zstd, accept-language=tr-TR,tr;q=0.9,en-US;q=0.8,en;q=0.7, ]
body=(empty)

2025-11-25 17:11:13.980 [trace:a753a03b-b745-41d8-a2d5-6cd50d72b5ba] [user:admin] [role:[]] [op:FIND_ALL_EVENTS] INFO  com.uniClub.logging.LoggingAspect - START [FIND_ALL_EVENTS] -> Method: EventServiceImpl.findAllEvents(), Args: []
2025-11-25 17:11:13.982 [trace:a753a03b-b745-41d8-a2d5-6cd50d72b5ba] [user:admin] [role:[]] [op:FIND_ALL_EVENTS] DEBUG org.hibernate.SQL - 
    select
        e1_0.id,
        e1_0.created_at,
        e1_0.created_by,
        e1_0.description,
        e1_0.event_date,
        e1_0.location,
        e1_0.participant_count,
        e1_0.title,
        e1_0.updated_at,
        e1_0.updated_by,
        e1_0.version 
    from
        uniclub.events e1_0 
    order by
        e1_0.event_date
2025-11-25 17:11:13.984 [trace:a753a03b-b745-41d8-a2d5-6cd50d72b5ba] [user:admin] [role:[]] [op:FIND_ALL_EVENTS] INFO  c.u.s.e.impl.EventServiceImpl - [EVENT_LISTED] total=3
2025-11-25 17:11:13.984 [trace:a753a03b-b745-41d8-a2d5-6cd50d72b5ba] [user:admin] [role:[]] [op:FIND_ALL_EVENTS] DEBUG org.hibernate.SQL - 
    select
        pi1_0.event_id,
        pi1_0.participant_id 
    from
        uniclub.event_participants pi1_0 
    where
        pi1_0.event_id=?
2025-11-25 17:11:13.985 [trace:a753a03b-b745-41d8-a2d5-6cd50d72b5ba] [user:admin] [role:[]] [op:FIND_ALL_EVENTS] DEBUG org.hibernate.SQL - 
    select
        pi1_0.event_id,
        pi1_0.participant_id 
    from
        uniclub.event_participants pi1_0 
    where
        pi1_0.event_id=?
2025-11-25 17:11:13.986 [trace:a753a03b-b745-41d8-a2d5-6cd50d72b5ba] [user:admin] [role:[]] [op:FIND_ALL_EVENTS] DEBUG org.hibernate.SQL - 
    select
        pi1_0.event_id,
        pi1_0.participant_id 
    from
        uniclub.event_participants pi1_0 
    where
        pi1_0.event_id=?
2025-11-25 17:11:13.987 [trace:a753a03b-b745-41d8-a2d5-6cd50d72b5ba] [user:admin] [role:[]] [op:FIND_ALL_EVENTS] INFO  com.uniClub.logging.LoggingAspect - END [FIND_ALL_EVENTS] -> Duration: 6 ms
2025-11-25 17:11:13.988 [trace:a753a03b-b745-41d8-a2d5-6cd50d72b5ba] [user:admin] [role:[]] [op:] INFO  c.uniClub.logging.MDCLoggingFilter - RESPONSE
traceId=a753a03b-b745-41d8-a2d5-6cd50d72b5ba | status=200 | duration=9ms
body={"status":200,"payload":[{"createdAt":"2025-10-29T15:55:31.864495","updatedAt":"2025-10-29T17:41:30.170936","createdBy":"admin","updatedBy":"admin","version":2,"id":9,"title":"huawein","description":"burda çok eğlencez","eventDate":"2025-10-31T12:54:05.315","location":"nemrutdağı","participantCount":-1,"participantIds":[],"clubIds":null},{"createdAt":"2025-10-15T14:51:47.386525","updatedAt":"2025-10-29T17:41:55.953512","createdBy":"admin","updatedBy":"admin","version":1,"id":7,"title":"string","description":"string","eventDate":"2025-11-15T11:51:34.183","location":"string","participantCount":1,"participantIds":["8046b87f-e57c-43f7-a694-bacf480e88b8"],"clubIds":null},{"createdAt":"2025-10-29T15:54:27.589385","updatedAt":"2025-10-29T15:54:27.589385","createdBy":"admin","updatedBy":"admin","version":0,"id":8,"title":"dağkampıo","description":"burda çok eğlencez","eventDate":"2025-11-29T12:54:05.315","location":"ağrı dağı","participantCount":0,"participantIds":[],"clubIds":null}]}

2025-11-25 17:11:13.994 [trace:] [user:] [role:] [op:] DEBUG org.hibernate.SQL - 
    select
        ue1_0.id,
        ue1_0.created_at,
        ue1_0.created_by,
        ue1_0.email,
        ue1_0.password,
        ue1_0.role,
        ue1_0.updated_at,
        ue1_0.updated_by,
        ue1_0.username,
        ue1_0.version 
    from
        uniclub.users ue1_0 
    where
        ue1_0.username=?
2025-11-25 17:11:13.994 [trace:] [user:] [role:] [op:] DEBUG org.hibernate.SQL - 
    select
        ce1_0.id,
        ce1_0.approved,
        ce1_0.club_name,
        ce1_0.created_at,
        ce1_0.created_by,
        ce1_0.description,
        ce1_0.email,
        ce1_0.foundation_date,
        ce1_0.instagram,
        ce1_0.logo_url,
        ce1_0.phone,
        p1_0.id,
        p1_0.created_at,
        p1_0.created_by,
        p1_0.email,
        p1_0.password,
        p1_0.role,
        p1_0.updated_at,
        p1_0.updated_by,
        p1_0.username,
        p1_0.version,
        ce1_0.short_name,
        ce1_0.status,
        ce1_0.updated_at,
        ce1_0.updated_by,
        ce1_0.version 
    from
        uniclub.clubs ce1_0 
    left join
        uniclub.users p1_0 
            on p1_0.id=ce1_0.president_id 
    where
        ce1_0.president_id=?
2025-11-25 17:11:14.000 [trace:c63dde6a-3d3e-4f86-a68d-a051359a4412] [user:admin] [role:[]] [op:] INFO  c.uniClub.logging.MDCLoggingFilter - REQUEST
traceId=c63dde6a-3d3e-4f86-a68d-a051359a4412 | method=GET | uri=/api/event/list | ip=0:0:0:0:0:0:0:1
headers=[host=localhost:8080, connection=keep-alive, sec-ch-ua-platform="Windows", authorization=Bearer eyJhbGciOiJIUzI1NiJ9.eyJyb2xlIjoiQURNSU4iLCJzdWIiOiJhZG1pbiIsImlhdCI6MTc2NDA3ODkzMCwiZXhwIjoxNzY0MDg2MTMwfQ.Cj2OzDlXyrl1NHTrGL1vmTGF7YFmlFUjapn5i1RXbys, user-agent=Mozilla/5.0 (Windows NT 10.0; Win64; x64) AppleWebKit/537.36 (KHTML, like Gecko) Chrome/142.0.0.0 Safari/537.36, accept=application/json, text/plain, */*, sec-ch-ua="Chromium";v="142", "Google Chrome";v="142", "Not_A Brand";v="99", sec-ch-ua-mobile=?0, origin=http://localhost:5173, sec-fetch-site=same-site, sec-fetch-mode=cors, sec-fetch-dest=empty, referer=http://localhost:5173/, accept-encoding=gzip, deflate, br, zstd, accept-language=tr-TR,tr;q=0.9,en-US;q=0.8,en;q=0.7, ]
body=(empty)

2025-11-25 17:11:14.000 [trace:c63dde6a-3d3e-4f86-a68d-a051359a4412] [user:admin] [role:[]] [op:FIND_ALL_EVENTS] INFO  com.uniClub.logging.LoggingAspect - START [FIND_ALL_EVENTS] -> Method: EventServiceImpl.findAllEvents(), Args: []
2025-11-25 17:11:14.002 [trace:c63dde6a-3d3e-4f86-a68d-a051359a4412] [user:admin] [role:[]] [op:FIND_ALL_EVENTS] DEBUG org.hibernate.SQL - 
    select
        e1_0.id,
        e1_0.created_at,
        e1_0.created_by,
        e1_0.description,
        e1_0.event_date,
        e1_0.location,
        e1_0.participant_count,
        e1_0.title,
        e1_0.updated_at,
        e1_0.updated_by,
        e1_0.version 
    from
        uniclub.events e1_0 
    order by
        e1_0.event_date
2025-11-25 17:11:14.002 [trace:c63dde6a-3d3e-4f86-a68d-a051359a4412] [user:admin] [role:[]] [op:FIND_ALL_EVENTS] INFO  c.u.s.e.impl.EventServiceImpl - [EVENT_LISTED] total=3
2025-11-25 17:11:14.002 [trace:c63dde6a-3d3e-4f86-a68d-a051359a4412] [user:admin] [role:[]] [op:FIND_ALL_EVENTS] DEBUG org.hibernate.SQL - 
    select
        pi1_0.event_id,
        pi1_0.participant_id 
    from
        uniclub.event_participants pi1_0 
    where
        pi1_0.event_id=?
2025-11-25 17:11:14.005 [trace:c63dde6a-3d3e-4f86-a68d-a051359a4412] [user:admin] [role:[]] [op:FIND_ALL_EVENTS] DEBUG org.hibernate.SQL - 
    select
        pi1_0.event_id,
        pi1_0.participant_id 
    from
        uniclub.event_participants pi1_0 
    where
        pi1_0.event_id=?
2025-11-25 17:11:14.005 [trace:c63dde6a-3d3e-4f86-a68d-a051359a4412] [user:admin] [role:[]] [op:FIND_ALL_EVENTS] DEBUG org.hibernate.SQL - 
    select
        pi1_0.event_id,
        pi1_0.participant_id 
    from
        uniclub.event_participants pi1_0 
    where
        pi1_0.event_id=?
2025-11-25 17:11:14.005 [trace:c63dde6a-3d3e-4f86-a68d-a051359a4412] [user:admin] [role:[]] [op:FIND_ALL_EVENTS] INFO  com.uniClub.logging.LoggingAspect - END [FIND_ALL_EVENTS] -> Duration: 5 ms
2025-11-25 17:11:14.005 [trace:c63dde6a-3d3e-4f86-a68d-a051359a4412] [user:admin] [role:[]] [op:] INFO  c.uniClub.logging.MDCLoggingFilter - RESPONSE
traceId=c63dde6a-3d3e-4f86-a68d-a051359a4412 | status=200 | duration=5ms
body={"status":200,"payload":[{"createdAt":"2025-10-29T15:55:31.864495","updatedAt":"2025-10-29T17:41:30.170936","createdBy":"admin","updatedBy":"admin","version":2,"id":9,"title":"huawein","description":"burda çok eğlencez","eventDate":"2025-10-31T12:54:05.315","location":"nemrutdağı","participantCount":-1,"participantIds":[],"clubIds":null},{"createdAt":"2025-10-15T14:51:47.386525","updatedAt":"2025-10-29T17:41:55.953512","createdBy":"admin","updatedBy":"admin","version":1,"id":7,"title":"string","description":"string","eventDate":"2025-11-15T11:51:34.183","location":"string","participantCount":1,"participantIds":["8046b87f-e57c-43f7-a694-bacf480e88b8"],"clubIds":null},{"createdAt":"2025-10-29T15:54:27.589385","updatedAt":"2025-10-29T15:54:27.589385","createdBy":"admin","updatedBy":"admin","version":0,"id":8,"title":"dağkampıo","description":"burda çok eğlencez","eventDate":"2025-11-29T12:54:05.315","location":"ağrı dağı","participantCount":0,"participantIds":[],"clubIds":null}]}

2025-11-25 17:12:11.616 [trace:] [user:] [role:] [op:] DEBUG org.hibernate.SQL - 
    select
        ue1_0.id,
        ue1_0.created_at,
        ue1_0.created_by,
        ue1_0.email,
        ue1_0.password,
        ue1_0.role,
        ue1_0.updated_at,
        ue1_0.updated_by,
        ue1_0.username,
        ue1_0.version 
    from
        uniclub.users ue1_0 
    where
        ue1_0.username=?
2025-11-25 17:12:11.623 [trace:] [user:] [role:] [op:] DEBUG org.hibernate.SQL - 
    select
        ce1_0.id,
        ce1_0.approved,
        ce1_0.club_name,
        ce1_0.created_at,
        ce1_0.created_by,
        ce1_0.description,
        ce1_0.email,
        ce1_0.foundation_date,
        ce1_0.instagram,
        ce1_0.logo_url,
        ce1_0.phone,
        p1_0.id,
        p1_0.created_at,
        p1_0.created_by,
        p1_0.email,
        p1_0.password,
        p1_0.role,
        p1_0.updated_at,
        p1_0.updated_by,
        p1_0.username,
        p1_0.version,
        ce1_0.short_name,
        ce1_0.status,
        ce1_0.updated_at,
        ce1_0.updated_by,
        ce1_0.version 
    from
        uniclub.clubs ce1_0 
    left join
        uniclub.users p1_0 
            on p1_0.id=ce1_0.president_id 
    where
        ce1_0.president_id=?
2025-11-25 17:12:11.635 [trace:66e7abd7-625b-4cd8-85ac-6c1c9873d5be] [user:admin] [role:[]] [op:] INFO  c.uniClub.logging.MDCLoggingFilter - REQUEST
traceId=66e7abd7-625b-4cd8-85ac-6c1c9873d5be | method=GET | uri=/api/event/list | ip=0:0:0:0:0:0:0:1
headers=[host=localhost:8080, connection=keep-alive, sec-ch-ua-platform="Windows", authorization=Bearer eyJhbGciOiJIUzI1NiJ9.eyJyb2xlIjoiQURNSU4iLCJzdWIiOiJhZG1pbiIsImlhdCI6MTc2NDA3ODkzMCwiZXhwIjoxNzY0MDg2MTMwfQ.Cj2OzDlXyrl1NHTrGL1vmTGF7YFmlFUjapn5i1RXbys, user-agent=Mozilla/5.0 (Windows NT 10.0; Win64; x64) AppleWebKit/537.36 (KHTML, like Gecko) Chrome/142.0.0.0 Safari/537.36, accept=application/json, text/plain, */*, sec-ch-ua="Chromium";v="142", "Google Chrome";v="142", "Not_A Brand";v="99", sec-ch-ua-mobile=?0, origin=http://localhost:5173, sec-fetch-site=same-site, sec-fetch-mode=cors, sec-fetch-dest=empty, referer=http://localhost:5173/, accept-encoding=gzip, deflate, br, zstd, accept-language=tr-TR,tr;q=0.9,en-US;q=0.8,en;q=0.7, ]
body=(empty)

2025-11-25 17:12:11.635 [trace:66e7abd7-625b-4cd8-85ac-6c1c9873d5be] [user:admin] [role:[]] [op:FIND_ALL_EVENTS] INFO  com.uniClub.logging.LoggingAspect - START [FIND_ALL_EVENTS] -> Method: EventServiceImpl.findAllEvents(), Args: []
2025-11-25 17:12:11.636 [trace:66e7abd7-625b-4cd8-85ac-6c1c9873d5be] [user:admin] [role:[]] [op:FIND_ALL_EVENTS] DEBUG org.hibernate.SQL - 
    select
        e1_0.id,
        e1_0.created_at,
        e1_0.created_by,
        e1_0.description,
        e1_0.event_date,
        e1_0.location,
        e1_0.participant_count,
        e1_0.title,
        e1_0.updated_at,
        e1_0.updated_by,
        e1_0.version 
    from
        uniclub.events e1_0 
    order by
        e1_0.event_date
2025-11-25 17:12:11.639 [trace:66e7abd7-625b-4cd8-85ac-6c1c9873d5be] [user:admin] [role:[]] [op:FIND_ALL_EVENTS] INFO  c.u.s.e.impl.EventServiceImpl - [EVENT_LISTED] total=3
2025-11-25 17:12:11.639 [trace:66e7abd7-625b-4cd8-85ac-6c1c9873d5be] [user:admin] [role:[]] [op:FIND_ALL_EVENTS] DEBUG org.hibernate.SQL - 
    select
        pi1_0.event_id,
        pi1_0.participant_id 
    from
        uniclub.event_participants pi1_0 
    where
        pi1_0.event_id=?
2025-11-25 17:12:11.639 [trace:66e7abd7-625b-4cd8-85ac-6c1c9873d5be] [user:admin] [role:[]] [op:FIND_ALL_EVENTS] DEBUG org.hibernate.SQL - 
    select
        pi1_0.event_id,
        pi1_0.participant_id 
    from
        uniclub.event_participants pi1_0 
    where
        pi1_0.event_id=?
2025-11-25 17:12:11.639 [trace:66e7abd7-625b-4cd8-85ac-6c1c9873d5be] [user:admin] [role:[]] [op:FIND_ALL_EVENTS] DEBUG org.hibernate.SQL - 
    select
        pi1_0.event_id,
        pi1_0.participant_id 
    from
        uniclub.event_participants pi1_0 
    where
        pi1_0.event_id=?
2025-11-25 17:12:11.639 [trace:66e7abd7-625b-4cd8-85ac-6c1c9873d5be] [user:admin] [role:[]] [op:FIND_ALL_EVENTS] INFO  com.uniClub.logging.LoggingAspect - END [FIND_ALL_EVENTS] -> Duration: 10 ms
2025-11-25 17:12:11.639 [trace:66e7abd7-625b-4cd8-85ac-6c1c9873d5be] [user:admin] [role:[]] [op:] INFO  c.uniClub.logging.MDCLoggingFilter - RESPONSE
traceId=66e7abd7-625b-4cd8-85ac-6c1c9873d5be | status=200 | duration=5ms
body={"status":200,"payload":[{"createdAt":"2025-10-29T15:55:31.864495","updatedAt":"2025-10-29T17:41:30.170936","createdBy":"admin","updatedBy":"admin","version":2,"id":9,"title":"huawein","description":"burda çok eğlencez","eventDate":"2025-10-31T12:54:05.315","location":"nemrutdağı","participantCount":-1,"participantIds":[],"clubIds":null},{"createdAt":"2025-10-15T14:51:47.386525","updatedAt":"2025-10-29T17:41:55.953512","createdBy":"admin","updatedBy":"admin","version":1,"id":7,"title":"string","description":"string","eventDate":"2025-11-15T11:51:34.183","location":"string","participantCount":1,"participantIds":["8046b87f-e57c-43f7-a694-bacf480e88b8"],"clubIds":null},{"createdAt":"2025-10-29T15:54:27.589385","updatedAt":"2025-10-29T15:54:27.589385","createdBy":"admin","updatedBy":"admin","version":0,"id":8,"title":"dağkampıo","description":"burda çok eğlencez","eventDate":"2025-11-29T12:54:05.315","location":"ağrı dağı","participantCount":0,"participantIds":[],"clubIds":null}]}

2025-11-25 17:12:11.654 [trace:] [user:] [role:] [op:] DEBUG org.hibernate.SQL - 
    select
        ue1_0.id,
        ue1_0.created_at,
        ue1_0.created_by,
        ue1_0.email,
        ue1_0.password,
        ue1_0.role,
        ue1_0.updated_at,
        ue1_0.updated_by,
        ue1_0.username,
        ue1_0.version 
    from
        uniclub.users ue1_0 
    where
        ue1_0.username=?
2025-11-25 17:12:11.656 [trace:] [user:] [role:] [op:] DEBUG org.hibernate.SQL - 
    select
        ce1_0.id,
        ce1_0.approved,
        ce1_0.club_name,
        ce1_0.created_at,
        ce1_0.created_by,
        ce1_0.description,
        ce1_0.email,
        ce1_0.foundation_date,
        ce1_0.instagram,
        ce1_0.logo_url,
        ce1_0.phone,
        p1_0.id,
        p1_0.created_at,
        p1_0.created_by,
        p1_0.email,
        p1_0.password,
        p1_0.role,
        p1_0.updated_at,
        p1_0.updated_by,
        p1_0.username,
        p1_0.version,
        ce1_0.short_name,
        ce1_0.status,
        ce1_0.updated_at,
        ce1_0.updated_by,
        ce1_0.version 
    from
        uniclub.clubs ce1_0 
    left join
        uniclub.users p1_0 
            on p1_0.id=ce1_0.president_id 
    where
        ce1_0.president_id=?
2025-11-25 17:12:11.661 [trace:21e96722-3235-44bc-b405-8ef8f8820e76] [user:admin] [role:[]] [op:] INFO  c.uniClub.logging.MDCLoggingFilter - REQUEST
traceId=21e96722-3235-44bc-b405-8ef8f8820e76 | method=GET | uri=/api/event/list | ip=0:0:0:0:0:0:0:1
headers=[host=localhost:8080, connection=keep-alive, sec-ch-ua-platform="Windows", authorization=Bearer eyJhbGciOiJIUzI1NiJ9.eyJyb2xlIjoiQURNSU4iLCJzdWIiOiJhZG1pbiIsImlhdCI6MTc2NDA3ODkzMCwiZXhwIjoxNzY0MDg2MTMwfQ.Cj2OzDlXyrl1NHTrGL1vmTGF7YFmlFUjapn5i1RXbys, user-agent=Mozilla/5.0 (Windows NT 10.0; Win64; x64) AppleWebKit/537.36 (KHTML, like Gecko) Chrome/142.0.0.0 Safari/537.36, accept=application/json, text/plain, */*, sec-ch-ua="Chromium";v="142", "Google Chrome";v="142", "Not_A Brand";v="99", sec-ch-ua-mobile=?0, origin=http://localhost:5173, sec-fetch-site=same-site, sec-fetch-mode=cors, sec-fetch-dest=empty, referer=http://localhost:5173/, accept-encoding=gzip, deflate, br, zstd, accept-language=tr-TR,tr;q=0.9,en-US;q=0.8,en;q=0.7, ]
body=(empty)

2025-11-25 17:12:11.661 [trace:21e96722-3235-44bc-b405-8ef8f8820e76] [user:admin] [role:[]] [op:FIND_ALL_EVENTS] INFO  com.uniClub.logging.LoggingAspect - START [FIND_ALL_EVENTS] -> Method: EventServiceImpl.findAllEvents(), Args: []
2025-11-25 17:12:11.663 [trace:21e96722-3235-44bc-b405-8ef8f8820e76] [user:admin] [role:[]] [op:FIND_ALL_EVENTS] DEBUG org.hibernate.SQL - 
    select
        e1_0.id,
        e1_0.created_at,
        e1_0.created_by,
        e1_0.description,
        e1_0.event_date,
        e1_0.location,
        e1_0.participant_count,
        e1_0.title,
        e1_0.updated_at,
        e1_0.updated_by,
        e1_0.version 
    from
        uniclub.events e1_0 
    order by
        e1_0.event_date
2025-11-25 17:12:11.664 [trace:21e96722-3235-44bc-b405-8ef8f8820e76] [user:admin] [role:[]] [op:FIND_ALL_EVENTS] INFO  c.u.s.e.impl.EventServiceImpl - [EVENT_LISTED] total=3
2025-11-25 17:12:11.664 [trace:21e96722-3235-44bc-b405-8ef8f8820e76] [user:admin] [role:[]] [op:FIND_ALL_EVENTS] DEBUG org.hibernate.SQL - 
    select
        pi1_0.event_id,
        pi1_0.participant_id 
    from
        uniclub.event_participants pi1_0 
    where
        pi1_0.event_id=?
2025-11-25 17:12:11.665 [trace:21e96722-3235-44bc-b405-8ef8f8820e76] [user:admin] [role:[]] [op:FIND_ALL_EVENTS] DEBUG org.hibernate.SQL - 
    select
        pi1_0.event_id,
        pi1_0.participant_id 
    from
        uniclub.event_participants pi1_0 
    where
        pi1_0.event_id=?
2025-11-25 17:12:11.681 [trace:21e96722-3235-44bc-b405-8ef8f8820e76] [user:admin] [role:[]] [op:FIND_ALL_EVENTS] DEBUG org.hibernate.SQL - 
    select
        pi1_0.event_id,
        pi1_0.participant_id 
    from
        uniclub.event_participants pi1_0 
    where
        pi1_0.event_id=?
2025-11-25 17:12:11.685 [trace:21e96722-3235-44bc-b405-8ef8f8820e76] [user:admin] [role:[]] [op:FIND_ALL_EVENTS] INFO  com.uniClub.logging.LoggingAspect - END [FIND_ALL_EVENTS] -> Duration: 23 ms
2025-11-25 17:12:11.688 [trace:21e96722-3235-44bc-b405-8ef8f8820e76] [user:admin] [role:[]] [op:] INFO  c.uniClub.logging.MDCLoggingFilter - RESPONSE
traceId=21e96722-3235-44bc-b405-8ef8f8820e76 | status=200 | duration=27ms
body={"status":200,"payload":[{"createdAt":"2025-10-29T15:55:31.864495","updatedAt":"2025-10-29T17:41:30.170936","createdBy":"admin","updatedBy":"admin","version":2,"id":9,"title":"huawein","description":"burda çok eğlencez","eventDate":"2025-10-31T12:54:05.315","location":"nemrutdağı","participantCount":-1,"participantIds":[],"clubIds":null},{"createdAt":"2025-10-15T14:51:47.386525","updatedAt":"2025-10-29T17:41:55.953512","createdBy":"admin","updatedBy":"admin","version":1,"id":7,"title":"string","description":"string","eventDate":"2025-11-15T11:51:34.183","location":"string","participantCount":1,"participantIds":["8046b87f-e57c-43f7-a694-bacf480e88b8"],"clubIds":null},{"createdAt":"2025-10-29T15:54:27.589385","updatedAt":"2025-10-29T15:54:27.589385","createdBy":"admin","updatedBy":"admin","version":0,"id":8,"title":"dağkampıo","description":"burda çok eğlencez","eventDate":"2025-11-29T12:54:05.315","location":"ağrı dağı","participantCount":0,"participantIds":[],"clubIds":null}]}

2025-11-25 17:14:55.352 [trace:] [user:] [role:] [op:] DEBUG org.hibernate.SQL - 
    select
        ue1_0.id,
        ue1_0.created_at,
        ue1_0.created_by,
        ue1_0.email,
        ue1_0.password,
        ue1_0.role,
        ue1_0.updated_at,
        ue1_0.updated_by,
        ue1_0.username,
        ue1_0.version 
    from
        uniclub.users ue1_0 
    where
        ue1_0.username=?
2025-11-25 17:14:55.359 [trace:] [user:] [role:] [op:] DEBUG org.hibernate.SQL - 
    select
        ce1_0.id,
        ce1_0.approved,
        ce1_0.club_name,
        ce1_0.created_at,
        ce1_0.created_by,
        ce1_0.description,
        ce1_0.email,
        ce1_0.foundation_date,
        ce1_0.instagram,
        ce1_0.logo_url,
        ce1_0.phone,
        p1_0.id,
        p1_0.created_at,
        p1_0.created_by,
        p1_0.email,
        p1_0.password,
        p1_0.role,
        p1_0.updated_at,
        p1_0.updated_by,
        p1_0.username,
        p1_0.version,
        ce1_0.short_name,
        ce1_0.status,
        ce1_0.updated_at,
        ce1_0.updated_by,
        ce1_0.version 
    from
        uniclub.clubs ce1_0 
    left join
        uniclub.users p1_0 
            on p1_0.id=ce1_0.president_id 
    where
        ce1_0.president_id=?
2025-11-25 17:14:55.368 [trace:3d71f659-13c5-4640-a580-4d534378e323] [user:admin] [role:[]] [op:] INFO  c.uniClub.logging.MDCLoggingFilter - REQUEST
traceId=3d71f659-13c5-4640-a580-4d534378e323 | method=GET | uri=/api/event/list | ip=0:0:0:0:0:0:0:1
headers=[host=localhost:8080, connection=keep-alive, sec-ch-ua-platform="Windows", authorization=Bearer eyJhbGciOiJIUzI1NiJ9.eyJyb2xlIjoiQURNSU4iLCJzdWIiOiJhZG1pbiIsImlhdCI6MTc2NDA3ODkzMCwiZXhwIjoxNzY0MDg2MTMwfQ.Cj2OzDlXyrl1NHTrGL1vmTGF7YFmlFUjapn5i1RXbys, user-agent=Mozilla/5.0 (Windows NT 10.0; Win64; x64) AppleWebKit/537.36 (KHTML, like Gecko) Chrome/142.0.0.0 Safari/537.36, accept=application/json, text/plain, */*, sec-ch-ua="Chromium";v="142", "Google Chrome";v="142", "Not_A Brand";v="99", sec-ch-ua-mobile=?0, origin=http://localhost:5173, sec-fetch-site=same-site, sec-fetch-mode=cors, sec-fetch-dest=empty, referer=http://localhost:5173/, accept-encoding=gzip, deflate, br, zstd, accept-language=tr-TR,tr;q=0.9,en-US;q=0.8,en;q=0.7, ]
body=(empty)

2025-11-25 17:14:55.369 [trace:3d71f659-13c5-4640-a580-4d534378e323] [user:admin] [role:[]] [op:FIND_ALL_EVENTS] INFO  com.uniClub.logging.LoggingAspect - START [FIND_ALL_EVENTS] -> Method: EventServiceImpl.findAllEvents(), Args: []
2025-11-25 17:14:55.370 [trace:3d71f659-13c5-4640-a580-4d534378e323] [user:admin] [role:[]] [op:FIND_ALL_EVENTS] DEBUG org.hibernate.SQL - 
    select
        e1_0.id,
        e1_0.created_at,
        e1_0.created_by,
        e1_0.description,
        e1_0.event_date,
        e1_0.location,
        e1_0.participant_count,
        e1_0.title,
        e1_0.updated_at,
        e1_0.updated_by,
        e1_0.version 
    from
        uniclub.events e1_0 
    order by
        e1_0.event_date
2025-11-25 17:14:55.373 [trace:3d71f659-13c5-4640-a580-4d534378e323] [user:admin] [role:[]] [op:FIND_ALL_EVENTS] INFO  c.u.s.e.impl.EventServiceImpl - [EVENT_LISTED] total=3
2025-11-25 17:14:55.374 [trace:3d71f659-13c5-4640-a580-4d534378e323] [user:admin] [role:[]] [op:FIND_ALL_EVENTS] DEBUG org.hibernate.SQL - 
    select
        pi1_0.event_id,
        pi1_0.participant_id 
    from
        uniclub.event_participants pi1_0 
    where
        pi1_0.event_id=?
2025-11-25 17:14:55.375 [trace:3d71f659-13c5-4640-a580-4d534378e323] [user:admin] [role:[]] [op:FIND_ALL_EVENTS] DEBUG org.hibernate.SQL - 
    select
        pi1_0.event_id,
        pi1_0.participant_id 
    from
        uniclub.event_participants pi1_0 
    where
        pi1_0.event_id=?
2025-11-25 17:14:55.376 [trace:3d71f659-13c5-4640-a580-4d534378e323] [user:admin] [role:[]] [op:FIND_ALL_EVENTS] DEBUG org.hibernate.SQL - 
    select
        pi1_0.event_id,
        pi1_0.participant_id 
    from
        uniclub.event_participants pi1_0 
    where
        pi1_0.event_id=?
2025-11-25 17:14:55.377 [trace:3d71f659-13c5-4640-a580-4d534378e323] [user:admin] [role:[]] [op:FIND_ALL_EVENTS] INFO  com.uniClub.logging.LoggingAspect - END [FIND_ALL_EVENTS] -> Duration: 8 ms
2025-11-25 17:14:55.377 [trace:3d71f659-13c5-4640-a580-4d534378e323] [user:admin] [role:[]] [op:] INFO  c.uniClub.logging.MDCLoggingFilter - RESPONSE
traceId=3d71f659-13c5-4640-a580-4d534378e323 | status=200 | duration=9ms
body={"status":200,"payload":[{"createdAt":"2025-10-29T15:55:31.864495","updatedAt":"2025-10-29T17:41:30.170936","createdBy":"admin","updatedBy":"admin","version":2,"id":9,"title":"huawein","description":"burda çok eğlencez","eventDate":"2025-10-31T12:54:05.315","location":"nemrutdağı","participantCount":-1,"participantIds":[],"clubIds":null},{"createdAt":"2025-10-15T14:51:47.386525","updatedAt":"2025-10-29T17:41:55.953512","createdBy":"admin","updatedBy":"admin","version":1,"id":7,"title":"string","description":"string","eventDate":"2025-11-15T11:51:34.183","location":"string","participantCount":1,"participantIds":["8046b87f-e57c-43f7-a694-bacf480e88b8"],"clubIds":null},{"createdAt":"2025-10-29T15:54:27.589385","updatedAt":"2025-10-29T15:54:27.589385","createdBy":"admin","updatedBy":"admin","version":0,"id":8,"title":"dağkampıo","description":"burda çok eğlencez","eventDate":"2025-11-29T12:54:05.315","location":"ağrı dağı","participantCount":0,"participantIds":[],"clubIds":null}]}

2025-11-25 17:14:55.387 [trace:] [user:] [role:] [op:] DEBUG org.hibernate.SQL - 
    select
        ue1_0.id,
        ue1_0.created_at,
        ue1_0.created_by,
        ue1_0.email,
        ue1_0.password,
        ue1_0.role,
        ue1_0.updated_at,
        ue1_0.updated_by,
        ue1_0.username,
        ue1_0.version 
    from
        uniclub.users ue1_0 
    where
        ue1_0.username=?
2025-11-25 17:14:55.388 [trace:] [user:] [role:] [op:] DEBUG org.hibernate.SQL - 
    select
        ce1_0.id,
        ce1_0.approved,
        ce1_0.club_name,
        ce1_0.created_at,
        ce1_0.created_by,
        ce1_0.description,
        ce1_0.email,
        ce1_0.foundation_date,
        ce1_0.instagram,
        ce1_0.logo_url,
        ce1_0.phone,
        p1_0.id,
        p1_0.created_at,
        p1_0.created_by,
        p1_0.email,
        p1_0.password,
        p1_0.role,
        p1_0.updated_at,
        p1_0.updated_by,
        p1_0.username,
        p1_0.version,
        ce1_0.short_name,
        ce1_0.status,
        ce1_0.updated_at,
        ce1_0.updated_by,
        ce1_0.version 
    from
        uniclub.clubs ce1_0 
    left join
        uniclub.users p1_0 
            on p1_0.id=ce1_0.president_id 
    where
        ce1_0.president_id=?
2025-11-25 17:14:55.391 [trace:36c0f22b-8dd0-4e60-8bf0-aae9deaf421a] [user:admin] [role:[]] [op:] INFO  c.uniClub.logging.MDCLoggingFilter - REQUEST
traceId=36c0f22b-8dd0-4e60-8bf0-aae9deaf421a | method=GET | uri=/api/event/list | ip=0:0:0:0:0:0:0:1
headers=[host=localhost:8080, connection=keep-alive, sec-ch-ua-platform="Windows", authorization=Bearer eyJhbGciOiJIUzI1NiJ9.eyJyb2xlIjoiQURNSU4iLCJzdWIiOiJhZG1pbiIsImlhdCI6MTc2NDA3ODkzMCwiZXhwIjoxNzY0MDg2MTMwfQ.Cj2OzDlXyrl1NHTrGL1vmTGF7YFmlFUjapn5i1RXbys, user-agent=Mozilla/5.0 (Windows NT 10.0; Win64; x64) AppleWebKit/537.36 (KHTML, like Gecko) Chrome/142.0.0.0 Safari/537.36, accept=application/json, text/plain, */*, sec-ch-ua="Chromium";v="142", "Google Chrome";v="142", "Not_A Brand";v="99", sec-ch-ua-mobile=?0, origin=http://localhost:5173, sec-fetch-site=same-site, sec-fetch-mode=cors, sec-fetch-dest=empty, referer=http://localhost:5173/, accept-encoding=gzip, deflate, br, zstd, accept-language=tr-TR,tr;q=0.9,en-US;q=0.8,en;q=0.7, ]
body=(empty)

2025-11-25 17:14:55.391 [trace:36c0f22b-8dd0-4e60-8bf0-aae9deaf421a] [user:admin] [role:[]] [op:FIND_ALL_EVENTS] INFO  com.uniClub.logging.LoggingAspect - START [FIND_ALL_EVENTS] -> Method: EventServiceImpl.findAllEvents(), Args: []
2025-11-25 17:14:55.393 [trace:36c0f22b-8dd0-4e60-8bf0-aae9deaf421a] [user:admin] [role:[]] [op:FIND_ALL_EVENTS] DEBUG org.hibernate.SQL - 
    select
        e1_0.id,
        e1_0.created_at,
        e1_0.created_by,
        e1_0.description,
        e1_0.event_date,
        e1_0.location,
        e1_0.participant_count,
        e1_0.title,
        e1_0.updated_at,
        e1_0.updated_by,
        e1_0.version 
    from
        uniclub.events e1_0 
    order by
        e1_0.event_date
2025-11-25 17:14:55.393 [trace:36c0f22b-8dd0-4e60-8bf0-aae9deaf421a] [user:admin] [role:[]] [op:FIND_ALL_EVENTS] INFO  c.u.s.e.impl.EventServiceImpl - [EVENT_LISTED] total=3
2025-11-25 17:14:55.393 [trace:36c0f22b-8dd0-4e60-8bf0-aae9deaf421a] [user:admin] [role:[]] [op:FIND_ALL_EVENTS] DEBUG org.hibernate.SQL - 
    select
        pi1_0.event_id,
        pi1_0.participant_id 
    from
        uniclub.event_participants pi1_0 
    where
        pi1_0.event_id=?
2025-11-25 17:14:55.396 [trace:36c0f22b-8dd0-4e60-8bf0-aae9deaf421a] [user:admin] [role:[]] [op:FIND_ALL_EVENTS] DEBUG org.hibernate.SQL - 
    select
        pi1_0.event_id,
        pi1_0.participant_id 
    from
        uniclub.event_participants pi1_0 
    where
        pi1_0.event_id=?
2025-11-25 17:14:55.397 [trace:36c0f22b-8dd0-4e60-8bf0-aae9deaf421a] [user:admin] [role:[]] [op:FIND_ALL_EVENTS] DEBUG org.hibernate.SQL - 
    select
        pi1_0.event_id,
        pi1_0.participant_id 
    from
        uniclub.event_participants pi1_0 
    where
        pi1_0.event_id=?
2025-11-25 17:14:55.397 [trace:36c0f22b-8dd0-4e60-8bf0-aae9deaf421a] [user:admin] [role:[]] [op:FIND_ALL_EVENTS] INFO  com.uniClub.logging.LoggingAspect - END [FIND_ALL_EVENTS] -> Duration: 5 ms
2025-11-25 17:14:55.400 [trace:36c0f22b-8dd0-4e60-8bf0-aae9deaf421a] [user:admin] [role:[]] [op:] INFO  c.uniClub.logging.MDCLoggingFilter - RESPONSE
traceId=36c0f22b-8dd0-4e60-8bf0-aae9deaf421a | status=200 | duration=7ms
body={"status":200,"payload":[{"createdAt":"2025-10-29T15:55:31.864495","updatedAt":"2025-10-29T17:41:30.170936","createdBy":"admin","updatedBy":"admin","version":2,"id":9,"title":"huawein","description":"burda çok eğlencez","eventDate":"2025-10-31T12:54:05.315","location":"nemrutdağı","participantCount":-1,"participantIds":[],"clubIds":null},{"createdAt":"2025-10-15T14:51:47.386525","updatedAt":"2025-10-29T17:41:55.953512","createdBy":"admin","updatedBy":"admin","version":1,"id":7,"title":"string","description":"string","eventDate":"2025-11-15T11:51:34.183","location":"string","participantCount":1,"participantIds":["8046b87f-e57c-43f7-a694-bacf480e88b8"],"clubIds":null},{"createdAt":"2025-10-29T15:54:27.589385","updatedAt":"2025-10-29T15:54:27.589385","createdBy":"admin","updatedBy":"admin","version":0,"id":8,"title":"dağkampıo","description":"burda çok eğlencez","eventDate":"2025-11-29T12:54:05.315","location":"ağrı dağı","participantCount":0,"participantIds":[],"clubIds":null}]}

2025-11-25 17:14:58.044 [trace:] [user:] [role:] [op:] DEBUG org.hibernate.SQL - 
    select
        ue1_0.id,
        ue1_0.created_at,
        ue1_0.created_by,
        ue1_0.email,
        ue1_0.password,
        ue1_0.role,
        ue1_0.updated_at,
        ue1_0.updated_by,
        ue1_0.username,
        ue1_0.version 
    from
        uniclub.users ue1_0 
    where
        ue1_0.username=?
2025-11-25 17:14:58.047 [trace:] [user:] [role:] [op:] DEBUG org.hibernate.SQL - 
    select
        ce1_0.id,
        ce1_0.approved,
        ce1_0.club_name,
        ce1_0.created_at,
        ce1_0.created_by,
        ce1_0.description,
        ce1_0.email,
        ce1_0.foundation_date,
        ce1_0.instagram,
        ce1_0.logo_url,
        ce1_0.phone,
        p1_0.id,
        p1_0.created_at,
        p1_0.created_by,
        p1_0.email,
        p1_0.password,
        p1_0.role,
        p1_0.updated_at,
        p1_0.updated_by,
        p1_0.username,
        p1_0.version,
        ce1_0.short_name,
        ce1_0.status,
        ce1_0.updated_at,
        ce1_0.updated_by,
        ce1_0.version 
    from
        uniclub.clubs ce1_0 
    left join
        uniclub.users p1_0 
            on p1_0.id=ce1_0.president_id 
    where
        ce1_0.president_id=?
2025-11-25 17:14:58.052 [trace:e2d49684-d7c3-4020-a5cb-c498d5e34fa1] [user:admin] [role:[]] [op:] INFO  c.uniClub.logging.MDCLoggingFilter - REQUEST
traceId=e2d49684-d7c3-4020-a5cb-c498d5e34fa1 | method=GET | uri=/api/event/list | ip=0:0:0:0:0:0:0:1
headers=[host=localhost:8080, connection=keep-alive, sec-ch-ua-platform="Windows", authorization=Bearer eyJhbGciOiJIUzI1NiJ9.eyJyb2xlIjoiQURNSU4iLCJzdWIiOiJhZG1pbiIsImlhdCI6MTc2NDA3ODkzMCwiZXhwIjoxNzY0MDg2MTMwfQ.Cj2OzDlXyrl1NHTrGL1vmTGF7YFmlFUjapn5i1RXbys, user-agent=Mozilla/5.0 (Windows NT 10.0; Win64; x64) AppleWebKit/537.36 (KHTML, like Gecko) Chrome/142.0.0.0 Safari/537.36, accept=application/json, text/plain, */*, sec-ch-ua="Chromium";v="142", "Google Chrome";v="142", "Not_A Brand";v="99", sec-ch-ua-mobile=?0, origin=http://localhost:5173, sec-fetch-site=same-site, sec-fetch-mode=cors, sec-fetch-dest=empty, referer=http://localhost:5173/, accept-encoding=gzip, deflate, br, zstd, accept-language=tr-TR,tr;q=0.9,en-US;q=0.8,en;q=0.7, ]
body=(empty)

2025-11-25 17:14:58.053 [trace:e2d49684-d7c3-4020-a5cb-c498d5e34fa1] [user:admin] [role:[]] [op:FIND_ALL_EVENTS] INFO  com.uniClub.logging.LoggingAspect - START [FIND_ALL_EVENTS] -> Method: EventServiceImpl.findAllEvents(), Args: []
2025-11-25 17:14:58.056 [trace:e2d49684-d7c3-4020-a5cb-c498d5e34fa1] [user:admin] [role:[]] [op:FIND_ALL_EVENTS] DEBUG org.hibernate.SQL - 
    select
        e1_0.id,
        e1_0.created_at,
        e1_0.created_by,
        e1_0.description,
        e1_0.event_date,
        e1_0.location,
        e1_0.participant_count,
        e1_0.title,
        e1_0.updated_at,
        e1_0.updated_by,
        e1_0.version 
    from
        uniclub.events e1_0 
    order by
        e1_0.event_date
2025-11-25 17:14:58.058 [trace:e2d49684-d7c3-4020-a5cb-c498d5e34fa1] [user:admin] [role:[]] [op:FIND_ALL_EVENTS] INFO  c.u.s.e.impl.EventServiceImpl - [EVENT_LISTED] total=3
2025-11-25 17:14:58.059 [trace:e2d49684-d7c3-4020-a5cb-c498d5e34fa1] [user:admin] [role:[]] [op:FIND_ALL_EVENTS] DEBUG org.hibernate.SQL - 
    select
        pi1_0.event_id,
        pi1_0.participant_id 
    from
        uniclub.event_participants pi1_0 
    where
        pi1_0.event_id=?
2025-11-25 17:14:58.059 [trace:e2d49684-d7c3-4020-a5cb-c498d5e34fa1] [user:admin] [role:[]] [op:FIND_ALL_EVENTS] DEBUG org.hibernate.SQL - 
    select
        pi1_0.event_id,
        pi1_0.participant_id 
    from
        uniclub.event_participants pi1_0 
    where
        pi1_0.event_id=?
2025-11-25 17:14:58.061 [trace:e2d49684-d7c3-4020-a5cb-c498d5e34fa1] [user:admin] [role:[]] [op:FIND_ALL_EVENTS] DEBUG org.hibernate.SQL - 
    select
        pi1_0.event_id,
        pi1_0.participant_id 
    from
        uniclub.event_participants pi1_0 
    where
        pi1_0.event_id=?
2025-11-25 17:14:58.061 [trace:e2d49684-d7c3-4020-a5cb-c498d5e34fa1] [user:admin] [role:[]] [op:FIND_ALL_EVENTS] INFO  com.uniClub.logging.LoggingAspect - END [FIND_ALL_EVENTS] -> Duration: 8 ms
2025-11-25 17:14:58.061 [trace:e2d49684-d7c3-4020-a5cb-c498d5e34fa1] [user:admin] [role:[]] [op:] INFO  c.uniClub.logging.MDCLoggingFilter - RESPONSE
traceId=e2d49684-d7c3-4020-a5cb-c498d5e34fa1 | status=200 | duration=9ms
body={"status":200,"payload":[{"createdAt":"2025-10-29T15:55:31.864495","updatedAt":"2025-10-29T17:41:30.170936","createdBy":"admin","updatedBy":"admin","version":2,"id":9,"title":"huawein","description":"burda çok eğlencez","eventDate":"2025-10-31T12:54:05.315","location":"nemrutdağı","participantCount":-1,"participantIds":[],"clubIds":null},{"createdAt":"2025-10-15T14:51:47.386525","updatedAt":"2025-10-29T17:41:55.953512","createdBy":"admin","updatedBy":"admin","version":1,"id":7,"title":"string","description":"string","eventDate":"2025-11-15T11:51:34.183","location":"string","participantCount":1,"participantIds":["8046b87f-e57c-43f7-a694-bacf480e88b8"],"clubIds":null},{"createdAt":"2025-10-29T15:54:27.589385","updatedAt":"2025-10-29T15:54:27.589385","createdBy":"admin","updatedBy":"admin","version":0,"id":8,"title":"dağkampıo","description":"burda çok eğlencez","eventDate":"2025-11-29T12:54:05.315","location":"ağrı dağı","participantCount":0,"participantIds":[],"clubIds":null}]}

2025-11-25 17:14:58.067 [trace:] [user:] [role:] [op:] DEBUG org.hibernate.SQL - 
    select
        ue1_0.id,
        ue1_0.created_at,
        ue1_0.created_by,
        ue1_0.email,
        ue1_0.password,
        ue1_0.role,
        ue1_0.updated_at,
        ue1_0.updated_by,
        ue1_0.username,
        ue1_0.version 
    from
        uniclub.users ue1_0 
    where
        ue1_0.username=?
2025-11-25 17:14:58.069 [trace:] [user:] [role:] [op:] DEBUG org.hibernate.SQL - 
    select
        ce1_0.id,
        ce1_0.approved,
        ce1_0.club_name,
        ce1_0.created_at,
        ce1_0.created_by,
        ce1_0.description,
        ce1_0.email,
        ce1_0.foundation_date,
        ce1_0.instagram,
        ce1_0.logo_url,
        ce1_0.phone,
        p1_0.id,
        p1_0.created_at,
        p1_0.created_by,
        p1_0.email,
        p1_0.password,
        p1_0.role,
        p1_0.updated_at,
        p1_0.updated_by,
        p1_0.username,
        p1_0.version,
        ce1_0.short_name,
        ce1_0.status,
        ce1_0.updated_at,
        ce1_0.updated_by,
        ce1_0.version 
    from
        uniclub.clubs ce1_0 
    left join
        uniclub.users p1_0 
            on p1_0.id=ce1_0.president_id 
    where
        ce1_0.president_id=?
2025-11-25 17:14:58.069 [trace:39f7d330-3967-4ab8-988c-0e1e8fe7a75a] [user:admin] [role:[]] [op:] INFO  c.uniClub.logging.MDCLoggingFilter - REQUEST
traceId=39f7d330-3967-4ab8-988c-0e1e8fe7a75a | method=GET | uri=/api/event/list | ip=0:0:0:0:0:0:0:1
headers=[host=localhost:8080, connection=keep-alive, sec-ch-ua-platform="Windows", authorization=Bearer eyJhbGciOiJIUzI1NiJ9.eyJyb2xlIjoiQURNSU4iLCJzdWIiOiJhZG1pbiIsImlhdCI6MTc2NDA3ODkzMCwiZXhwIjoxNzY0MDg2MTMwfQ.Cj2OzDlXyrl1NHTrGL1vmTGF7YFmlFUjapn5i1RXbys, user-agent=Mozilla/5.0 (Windows NT 10.0; Win64; x64) AppleWebKit/537.36 (KHTML, like Gecko) Chrome/142.0.0.0 Safari/537.36, accept=application/json, text/plain, */*, sec-ch-ua="Chromium";v="142", "Google Chrome";v="142", "Not_A Brand";v="99", sec-ch-ua-mobile=?0, origin=http://localhost:5173, sec-fetch-site=same-site, sec-fetch-mode=cors, sec-fetch-dest=empty, referer=http://localhost:5173/, accept-encoding=gzip, deflate, br, zstd, accept-language=tr-TR,tr;q=0.9,en-US;q=0.8,en;q=0.7, ]
body=(empty)

2025-11-25 17:14:58.069 [trace:39f7d330-3967-4ab8-988c-0e1e8fe7a75a] [user:admin] [role:[]] [op:FIND_ALL_EVENTS] INFO  com.uniClub.logging.LoggingAspect - START [FIND_ALL_EVENTS] -> Method: EventServiceImpl.findAllEvents(), Args: []
2025-11-25 17:14:58.069 [trace:39f7d330-3967-4ab8-988c-0e1e8fe7a75a] [user:admin] [role:[]] [op:FIND_ALL_EVENTS] DEBUG org.hibernate.SQL - 
    select
        e1_0.id,
        e1_0.created_at,
        e1_0.created_by,
        e1_0.description,
        e1_0.event_date,
        e1_0.location,
        e1_0.participant_count,
        e1_0.title,
        e1_0.updated_at,
        e1_0.updated_by,
        e1_0.version 
    from
        uniclub.events e1_0 
    order by
        e1_0.event_date
2025-11-25 17:14:58.078 [trace:39f7d330-3967-4ab8-988c-0e1e8fe7a75a] [user:admin] [role:[]] [op:FIND_ALL_EVENTS] INFO  c.u.s.e.impl.EventServiceImpl - [EVENT_LISTED] total=3
2025-11-25 17:14:58.078 [trace:39f7d330-3967-4ab8-988c-0e1e8fe7a75a] [user:admin] [role:[]] [op:FIND_ALL_EVENTS] DEBUG org.hibernate.SQL - 
    select
        pi1_0.event_id,
        pi1_0.participant_id 
    from
        uniclub.event_participants pi1_0 
    where
        pi1_0.event_id=?
2025-11-25 17:14:58.079 [trace:39f7d330-3967-4ab8-988c-0e1e8fe7a75a] [user:admin] [role:[]] [op:FIND_ALL_EVENTS] DEBUG org.hibernate.SQL - 
    select
        pi1_0.event_id,
        pi1_0.participant_id 
    from
        uniclub.event_participants pi1_0 
    where
        pi1_0.event_id=?
2025-11-25 17:14:58.081 [trace:39f7d330-3967-4ab8-988c-0e1e8fe7a75a] [user:admin] [role:[]] [op:FIND_ALL_EVENTS] DEBUG org.hibernate.SQL - 
    select
        pi1_0.event_id,
        pi1_0.participant_id 
    from
        uniclub.event_participants pi1_0 
    where
        pi1_0.event_id=?
2025-11-25 17:14:58.082 [trace:39f7d330-3967-4ab8-988c-0e1e8fe7a75a] [user:admin] [role:[]] [op:FIND_ALL_EVENTS] INFO  com.uniClub.logging.LoggingAspect - END [FIND_ALL_EVENTS] -> Duration: 7 ms
2025-11-25 17:14:58.083 [trace:39f7d330-3967-4ab8-988c-0e1e8fe7a75a] [user:admin] [role:[]] [op:] INFO  c.uniClub.logging.MDCLoggingFilter - RESPONSE
traceId=39f7d330-3967-4ab8-988c-0e1e8fe7a75a | status=200 | duration=14ms
body={"status":200,"payload":[{"createdAt":"2025-10-29T15:55:31.864495","updatedAt":"2025-10-29T17:41:30.170936","createdBy":"admin","updatedBy":"admin","version":2,"id":9,"title":"huawein","description":"burda çok eğlencez","eventDate":"2025-10-31T12:54:05.315","location":"nemrutdağı","participantCount":-1,"participantIds":[],"clubIds":null},{"createdAt":"2025-10-15T14:51:47.386525","updatedAt":"2025-10-29T17:41:55.953512","createdBy":"admin","updatedBy":"admin","version":1,"id":7,"title":"string","description":"string","eventDate":"2025-11-15T11:51:34.183","location":"string","participantCount":1,"participantIds":["8046b87f-e57c-43f7-a694-bacf480e88b8"],"clubIds":null},{"createdAt":"2025-10-29T15:54:27.589385","updatedAt":"2025-10-29T15:54:27.589385","createdBy":"admin","updatedBy":"admin","version":0,"id":8,"title":"dağkampıo","description":"burda çok eğlencez","eventDate":"2025-11-29T12:54:05.315","location":"ağrı dağı","participantCount":0,"participantIds":[],"clubIds":null}]}

2025-11-25 17:16:32.482 [trace:] [user:] [role:] [op:] DEBUG org.hibernate.SQL - 
    select
        ue1_0.id,
        ue1_0.created_at,
        ue1_0.created_by,
        ue1_0.email,
        ue1_0.password,
        ue1_0.role,
        ue1_0.updated_at,
        ue1_0.updated_by,
        ue1_0.username,
        ue1_0.version 
    from
        uniclub.users ue1_0 
    where
        ue1_0.username=?
2025-11-25 17:16:32.483 [trace:] [user:] [role:] [op:] DEBUG org.hibernate.SQL - 
    select
        ce1_0.id,
        ce1_0.approved,
        ce1_0.club_name,
        ce1_0.created_at,
        ce1_0.created_by,
        ce1_0.description,
        ce1_0.email,
        ce1_0.foundation_date,
        ce1_0.instagram,
        ce1_0.logo_url,
        ce1_0.phone,
        p1_0.id,
        p1_0.created_at,
        p1_0.created_by,
        p1_0.email,
        p1_0.password,
        p1_0.role,
        p1_0.updated_at,
        p1_0.updated_by,
        p1_0.username,
        p1_0.version,
        ce1_0.short_name,
        ce1_0.status,
        ce1_0.updated_at,
        ce1_0.updated_by,
        ce1_0.version 
    from
        uniclub.clubs ce1_0 
    left join
        uniclub.users p1_0 
            on p1_0.id=ce1_0.president_id 
    where
        ce1_0.president_id=?
2025-11-25 17:16:32.489 [trace:85bc2e50-30cd-40fa-9fa2-768e528cb4c3] [user:admin] [role:[]] [op:] INFO  c.uniClub.logging.MDCLoggingFilter - REQUEST
traceId=85bc2e50-30cd-40fa-9fa2-768e528cb4c3 | method=GET | uri=/api/event/list | ip=0:0:0:0:0:0:0:1
headers=[host=localhost:8080, connection=keep-alive, sec-ch-ua-platform="Windows", authorization=Bearer eyJhbGciOiJIUzI1NiJ9.eyJyb2xlIjoiQURNSU4iLCJzdWIiOiJhZG1pbiIsImlhdCI6MTc2NDA3ODkzMCwiZXhwIjoxNzY0MDg2MTMwfQ.Cj2OzDlXyrl1NHTrGL1vmTGF7YFmlFUjapn5i1RXbys, user-agent=Mozilla/5.0 (Windows NT 10.0; Win64; x64) AppleWebKit/537.36 (KHTML, like Gecko) Chrome/142.0.0.0 Safari/537.36, accept=application/json, text/plain, */*, sec-ch-ua="Chromium";v="142", "Google Chrome";v="142", "Not_A Brand";v="99", sec-ch-ua-mobile=?0, origin=http://localhost:5173, sec-fetch-site=same-site, sec-fetch-mode=cors, sec-fetch-dest=empty, referer=http://localhost:5173/, accept-encoding=gzip, deflate, br, zstd, accept-language=tr-TR,tr;q=0.9,en-US;q=0.8,en;q=0.7, ]
body=(empty)

2025-11-25 17:16:32.489 [trace:85bc2e50-30cd-40fa-9fa2-768e528cb4c3] [user:admin] [role:[]] [op:FIND_ALL_EVENTS] INFO  com.uniClub.logging.LoggingAspect - START [FIND_ALL_EVENTS] -> Method: EventServiceImpl.findAllEvents(), Args: []
2025-11-25 17:16:32.490 [trace:85bc2e50-30cd-40fa-9fa2-768e528cb4c3] [user:admin] [role:[]] [op:FIND_ALL_EVENTS] DEBUG org.hibernate.SQL - 
    select
        e1_0.id,
        e1_0.created_at,
        e1_0.created_by,
        e1_0.description,
        e1_0.event_date,
        e1_0.location,
        e1_0.participant_count,
        e1_0.title,
        e1_0.updated_at,
        e1_0.updated_by,
        e1_0.version 
    from
        uniclub.events e1_0 
    order by
        e1_0.event_date
2025-11-25 17:16:32.492 [trace:85bc2e50-30cd-40fa-9fa2-768e528cb4c3] [user:admin] [role:[]] [op:FIND_ALL_EVENTS] INFO  c.u.s.e.impl.EventServiceImpl - [EVENT_LISTED] total=3
2025-11-25 17:16:32.492 [trace:85bc2e50-30cd-40fa-9fa2-768e528cb4c3] [user:admin] [role:[]] [op:FIND_ALL_EVENTS] DEBUG org.hibernate.SQL - 
    select
        pi1_0.event_id,
        pi1_0.participant_id 
    from
        uniclub.event_participants pi1_0 
    where
        pi1_0.event_id=?
2025-11-25 17:16:32.496 [trace:85bc2e50-30cd-40fa-9fa2-768e528cb4c3] [user:admin] [role:[]] [op:FIND_ALL_EVENTS] DEBUG org.hibernate.SQL - 
    select
        pi1_0.event_id,
        pi1_0.participant_id 
    from
        uniclub.event_participants pi1_0 
    where
        pi1_0.event_id=?
2025-11-25 17:16:32.497 [trace:85bc2e50-30cd-40fa-9fa2-768e528cb4c3] [user:admin] [role:[]] [op:FIND_ALL_EVENTS] DEBUG org.hibernate.SQL - 
    select
        pi1_0.event_id,
        pi1_0.participant_id 
    from
        uniclub.event_participants pi1_0 
    where
        pi1_0.event_id=?
2025-11-25 17:16:32.498 [trace:85bc2e50-30cd-40fa-9fa2-768e528cb4c3] [user:admin] [role:[]] [op:FIND_ALL_EVENTS] INFO  com.uniClub.logging.LoggingAspect - END [FIND_ALL_EVENTS] -> Duration: 8 ms
2025-11-25 17:16:32.499 [trace:85bc2e50-30cd-40fa-9fa2-768e528cb4c3] [user:admin] [role:[]] [op:] INFO  c.uniClub.logging.MDCLoggingFilter - RESPONSE
traceId=85bc2e50-30cd-40fa-9fa2-768e528cb4c3 | status=200 | duration=11ms
body={"status":200,"payload":[{"createdAt":"2025-10-29T15:55:31.864495","updatedAt":"2025-10-29T17:41:30.170936","createdBy":"admin","updatedBy":"admin","version":2,"id":9,"title":"huawein","description":"burda çok eğlencez","eventDate":"2025-10-31T12:54:05.315","location":"nemrutdağı","participantCount":-1,"participantIds":[],"clubIds":null},{"createdAt":"2025-10-15T14:51:47.386525","updatedAt":"2025-10-29T17:41:55.953512","createdBy":"admin","updatedBy":"admin","version":1,"id":7,"title":"string","description":"string","eventDate":"2025-11-15T11:51:34.183","location":"string","participantCount":1,"participantIds":["8046b87f-e57c-43f7-a694-bacf480e88b8"],"clubIds":null},{"createdAt":"2025-10-29T15:54:27.589385","updatedAt":"2025-10-29T15:54:27.589385","createdBy":"admin","updatedBy":"admin","version":0,"id":8,"title":"dağkampıo","description":"burda çok eğlencez","eventDate":"2025-11-29T12:54:05.315","location":"ağrı dağı","participantCount":0,"participantIds":[],"clubIds":null}]}

2025-11-25 17:16:32.507 [trace:] [user:] [role:] [op:] DEBUG org.hibernate.SQL - 
    select
        ue1_0.id,
        ue1_0.created_at,
        ue1_0.created_by,
        ue1_0.email,
        ue1_0.password,
        ue1_0.role,
        ue1_0.updated_at,
        ue1_0.updated_by,
        ue1_0.username,
        ue1_0.version 
    from
        uniclub.users ue1_0 
    where
        ue1_0.username=?
2025-11-25 17:16:32.508 [trace:] [user:] [role:] [op:] DEBUG org.hibernate.SQL - 
    select
        ce1_0.id,
        ce1_0.approved,
        ce1_0.club_name,
        ce1_0.created_at,
        ce1_0.created_by,
        ce1_0.description,
        ce1_0.email,
        ce1_0.foundation_date,
        ce1_0.instagram,
        ce1_0.logo_url,
        ce1_0.phone,
        p1_0.id,
        p1_0.created_at,
        p1_0.created_by,
        p1_0.email,
        p1_0.password,
        p1_0.role,
        p1_0.updated_at,
        p1_0.updated_by,
        p1_0.username,
        p1_0.version,
        ce1_0.short_name,
        ce1_0.status,
        ce1_0.updated_at,
        ce1_0.updated_by,
        ce1_0.version 
    from
        uniclub.clubs ce1_0 
    left join
        uniclub.users p1_0 
            on p1_0.id=ce1_0.president_id 
    where
        ce1_0.president_id=?
2025-11-25 17:16:32.512 [trace:b46f59a7-ae2f-479d-98c6-e679a728387c] [user:admin] [role:[]] [op:] INFO  c.uniClub.logging.MDCLoggingFilter - REQUEST
traceId=b46f59a7-ae2f-479d-98c6-e679a728387c | method=GET | uri=/api/event/list | ip=0:0:0:0:0:0:0:1
headers=[host=localhost:8080, connection=keep-alive, sec-ch-ua-platform="Windows", authorization=Bearer eyJhbGciOiJIUzI1NiJ9.eyJyb2xlIjoiQURNSU4iLCJzdWIiOiJhZG1pbiIsImlhdCI6MTc2NDA3ODkzMCwiZXhwIjoxNzY0MDg2MTMwfQ.Cj2OzDlXyrl1NHTrGL1vmTGF7YFmlFUjapn5i1RXbys, user-agent=Mozilla/5.0 (Windows NT 10.0; Win64; x64) AppleWebKit/537.36 (KHTML, like Gecko) Chrome/142.0.0.0 Safari/537.36, accept=application/json, text/plain, */*, sec-ch-ua="Chromium";v="142", "Google Chrome";v="142", "Not_A Brand";v="99", sec-ch-ua-mobile=?0, origin=http://localhost:5173, sec-fetch-site=same-site, sec-fetch-mode=cors, sec-fetch-dest=empty, referer=http://localhost:5173/, accept-encoding=gzip, deflate, br, zstd, accept-language=tr-TR,tr;q=0.9,en-US;q=0.8,en;q=0.7, ]
body=(empty)

2025-11-25 17:16:32.513 [trace:b46f59a7-ae2f-479d-98c6-e679a728387c] [user:admin] [role:[]] [op:FIND_ALL_EVENTS] INFO  com.uniClub.logging.LoggingAspect - START [FIND_ALL_EVENTS] -> Method: EventServiceImpl.findAllEvents(), Args: []
2025-11-25 17:16:32.514 [trace:b46f59a7-ae2f-479d-98c6-e679a728387c] [user:admin] [role:[]] [op:FIND_ALL_EVENTS] DEBUG org.hibernate.SQL - 
    select
        e1_0.id,
        e1_0.created_at,
        e1_0.created_by,
        e1_0.description,
        e1_0.event_date,
        e1_0.location,
        e1_0.participant_count,
        e1_0.title,
        e1_0.updated_at,
        e1_0.updated_by,
        e1_0.version 
    from
        uniclub.events e1_0 
    order by
        e1_0.event_date
2025-11-25 17:16:32.515 [trace:b46f59a7-ae2f-479d-98c6-e679a728387c] [user:admin] [role:[]] [op:FIND_ALL_EVENTS] INFO  c.u.s.e.impl.EventServiceImpl - [EVENT_LISTED] total=3
2025-11-25 17:16:32.516 [trace:b46f59a7-ae2f-479d-98c6-e679a728387c] [user:admin] [role:[]] [op:FIND_ALL_EVENTS] DEBUG org.hibernate.SQL - 
    select
        pi1_0.event_id,
        pi1_0.participant_id 
    from
        uniclub.event_participants pi1_0 
    where
        pi1_0.event_id=?
2025-11-25 17:16:32.516 [trace:b46f59a7-ae2f-479d-98c6-e679a728387c] [user:admin] [role:[]] [op:FIND_ALL_EVENTS] DEBUG org.hibernate.SQL - 
    select
        pi1_0.event_id,
        pi1_0.participant_id 
    from
        uniclub.event_participants pi1_0 
    where
        pi1_0.event_id=?
2025-11-25 17:16:32.517 [trace:b46f59a7-ae2f-479d-98c6-e679a728387c] [user:admin] [role:[]] [op:FIND_ALL_EVENTS] DEBUG org.hibernate.SQL - 
    select
        pi1_0.event_id,
        pi1_0.participant_id 
    from
        uniclub.event_participants pi1_0 
    where
        pi1_0.event_id=?
2025-11-25 17:16:32.518 [trace:b46f59a7-ae2f-479d-98c6-e679a728387c] [user:admin] [role:[]] [op:FIND_ALL_EVENTS] INFO  com.uniClub.logging.LoggingAspect - END [FIND_ALL_EVENTS] -> Duration: 4 ms
2025-11-25 17:16:32.519 [trace:b46f59a7-ae2f-479d-98c6-e679a728387c] [user:admin] [role:[]] [op:] INFO  c.uniClub.logging.MDCLoggingFilter - RESPONSE
traceId=b46f59a7-ae2f-479d-98c6-e679a728387c | status=200 | duration=7ms
body={"status":200,"payload":[{"createdAt":"2025-10-29T15:55:31.864495","updatedAt":"2025-10-29T17:41:30.170936","createdBy":"admin","updatedBy":"admin","version":2,"id":9,"title":"huawein","description":"burda çok eğlencez","eventDate":"2025-10-31T12:54:05.315","location":"nemrutdağı","participantCount":-1,"participantIds":[],"clubIds":null},{"createdAt":"2025-10-15T14:51:47.386525","updatedAt":"2025-10-29T17:41:55.953512","createdBy":"admin","updatedBy":"admin","version":1,"id":7,"title":"string","description":"string","eventDate":"2025-11-15T11:51:34.183","location":"string","participantCount":1,"participantIds":["8046b87f-e57c-43f7-a694-bacf480e88b8"],"clubIds":null},{"createdAt":"2025-10-29T15:54:27.589385","updatedAt":"2025-10-29T15:54:27.589385","createdBy":"admin","updatedBy":"admin","version":0,"id":8,"title":"dağkampıo","description":"burda çok eğlencez","eventDate":"2025-11-29T12:54:05.315","location":"ağrı dağı","participantCount":0,"participantIds":[],"clubIds":null}]}

2025-11-25 17:16:46.131 [trace:] [user:] [role:] [op:] DEBUG org.hibernate.SQL - 
    select
        ue1_0.id,
        ue1_0.created_at,
        ue1_0.created_by,
        ue1_0.email,
        ue1_0.password,
        ue1_0.role,
        ue1_0.updated_at,
        ue1_0.updated_by,
        ue1_0.username,
        ue1_0.version 
    from
        uniclub.users ue1_0 
    where
        ue1_0.username=?
2025-11-25 17:16:46.132 [trace:] [user:] [role:] [op:] DEBUG org.hibernate.SQL - 
    select
        ce1_0.id,
        ce1_0.approved,
        ce1_0.club_name,
        ce1_0.created_at,
        ce1_0.created_by,
        ce1_0.description,
        ce1_0.email,
        ce1_0.foundation_date,
        ce1_0.instagram,
        ce1_0.logo_url,
        ce1_0.phone,
        p1_0.id,
        p1_0.created_at,
        p1_0.created_by,
        p1_0.email,
        p1_0.password,
        p1_0.role,
        p1_0.updated_at,
        p1_0.updated_by,
        p1_0.username,
        p1_0.version,
        ce1_0.short_name,
        ce1_0.status,
        ce1_0.updated_at,
        ce1_0.updated_by,
        ce1_0.version 
    from
        uniclub.clubs ce1_0 
    left join
        uniclub.users p1_0 
            on p1_0.id=ce1_0.president_id 
    where
        ce1_0.president_id=?
2025-11-25 17:16:46.137 [trace:19743322-d1c3-47d4-b21c-58005f9c0617] [user:admin] [role:[]] [op:] INFO  c.uniClub.logging.MDCLoggingFilter - REQUEST
traceId=19743322-d1c3-47d4-b21c-58005f9c0617 | method=GET | uri=/api/event/list | ip=0:0:0:0:0:0:0:1
headers=[host=localhost:8080, connection=keep-alive, sec-ch-ua-platform="Android", authorization=Bearer eyJhbGciOiJIUzI1NiJ9.eyJyb2xlIjoiQURNSU4iLCJzdWIiOiJhZG1pbiIsImlhdCI6MTc2NDA3ODkzMCwiZXhwIjoxNzY0MDg2MTMwfQ.Cj2OzDlXyrl1NHTrGL1vmTGF7YFmlFUjapn5i1RXbys, user-agent=Mozilla/5.0 (Linux; Android 6.0; Nexus 5 Build/MRA58N) AppleWebKit/537.36 (KHTML, like Gecko) Chrome/142.0.0.0 Mobile Safari/537.36, accept=application/json, text/plain, */*, sec-ch-ua="Chromium";v="142", "Google Chrome";v="142", "Not_A Brand";v="99", sec-ch-ua-mobile=?1, origin=http://localhost:5173, sec-fetch-site=same-site, sec-fetch-mode=cors, sec-fetch-dest=empty, referer=http://localhost:5173/, accept-encoding=gzip, deflate, br, zstd, accept-language=tr-TR,tr;q=0.9,en-US;q=0.8,en;q=0.7, ]
body=(empty)

2025-11-25 17:16:46.137 [trace:19743322-d1c3-47d4-b21c-58005f9c0617] [user:admin] [role:[]] [op:FIND_ALL_EVENTS] INFO  com.uniClub.logging.LoggingAspect - START [FIND_ALL_EVENTS] -> Method: EventServiceImpl.findAllEvents(), Args: []
2025-11-25 17:16:46.138 [trace:19743322-d1c3-47d4-b21c-58005f9c0617] [user:admin] [role:[]] [op:FIND_ALL_EVENTS] DEBUG org.hibernate.SQL - 
    select
        e1_0.id,
        e1_0.created_at,
        e1_0.created_by,
        e1_0.description,
        e1_0.event_date,
        e1_0.location,
        e1_0.participant_count,
        e1_0.title,
        e1_0.updated_at,
        e1_0.updated_by,
        e1_0.version 
    from
        uniclub.events e1_0 
    order by
        e1_0.event_date
2025-11-25 17:16:46.140 [trace:19743322-d1c3-47d4-b21c-58005f9c0617] [user:admin] [role:[]] [op:FIND_ALL_EVENTS] INFO  c.u.s.e.impl.EventServiceImpl - [EVENT_LISTED] total=3
2025-11-25 17:16:46.140 [trace:19743322-d1c3-47d4-b21c-58005f9c0617] [user:admin] [role:[]] [op:FIND_ALL_EVENTS] DEBUG org.hibernate.SQL - 
    select
        pi1_0.event_id,
        pi1_0.participant_id 
    from
        uniclub.event_participants pi1_0 
    where
        pi1_0.event_id=?
2025-11-25 17:16:46.140 [trace:19743322-d1c3-47d4-b21c-58005f9c0617] [user:admin] [role:[]] [op:FIND_ALL_EVENTS] DEBUG org.hibernate.SQL - 
    select
        pi1_0.event_id,
        pi1_0.participant_id 
    from
        uniclub.event_participants pi1_0 
    where
        pi1_0.event_id=?
2025-11-25 17:16:46.141 [trace:19743322-d1c3-47d4-b21c-58005f9c0617] [user:admin] [role:[]] [op:FIND_ALL_EVENTS] DEBUG org.hibernate.SQL - 
    select
        pi1_0.event_id,
        pi1_0.participant_id 
    from
        uniclub.event_participants pi1_0 
    where
        pi1_0.event_id=?
2025-11-25 17:16:46.141 [trace:19743322-d1c3-47d4-b21c-58005f9c0617] [user:admin] [role:[]] [op:FIND_ALL_EVENTS] INFO  com.uniClub.logging.LoggingAspect - END [FIND_ALL_EVENTS] -> Duration: 3 ms
2025-11-25 17:16:46.142 [trace:19743322-d1c3-47d4-b21c-58005f9c0617] [user:admin] [role:[]] [op:] INFO  c.uniClub.logging.MDCLoggingFilter - RESPONSE
traceId=19743322-d1c3-47d4-b21c-58005f9c0617 | status=200 | duration=6ms
body={"status":200,"payload":[{"createdAt":"2025-10-29T15:55:31.864495","updatedAt":"2025-10-29T17:41:30.170936","createdBy":"admin","updatedBy":"admin","version":2,"id":9,"title":"huawein","description":"burda çok eğlencez","eventDate":"2025-10-31T12:54:05.315","location":"nemrutdağı","participantCount":-1,"participantIds":[],"clubIds":null},{"createdAt":"2025-10-15T14:51:47.386525","updatedAt":"2025-10-29T17:41:55.953512","createdBy":"admin","updatedBy":"admin","version":1,"id":7,"title":"string","description":"string","eventDate":"2025-11-15T11:51:34.183","location":"string","participantCount":1,"participantIds":["8046b87f-e57c-43f7-a694-bacf480e88b8"],"clubIds":null},{"createdAt":"2025-10-29T15:54:27.589385","updatedAt":"2025-10-29T15:54:27.589385","createdBy":"admin","updatedBy":"admin","version":0,"id":8,"title":"dağkampıo","description":"burda çok eğlencez","eventDate":"2025-11-29T12:54:05.315","location":"ağrı dağı","participantCount":0,"participantIds":[],"clubIds":null}]}

2025-11-25 17:16:46.149 [trace:] [user:] [role:] [op:] DEBUG org.hibernate.SQL - 
    select
        ue1_0.id,
        ue1_0.created_at,
        ue1_0.created_by,
        ue1_0.email,
        ue1_0.password,
        ue1_0.role,
        ue1_0.updated_at,
        ue1_0.updated_by,
        ue1_0.username,
        ue1_0.version 
    from
        uniclub.users ue1_0 
    where
        ue1_0.username=?
2025-11-25 17:16:46.150 [trace:] [user:] [role:] [op:] DEBUG org.hibernate.SQL - 
    select
        ce1_0.id,
        ce1_0.approved,
        ce1_0.club_name,
        ce1_0.created_at,
        ce1_0.created_by,
        ce1_0.description,
        ce1_0.email,
        ce1_0.foundation_date,
        ce1_0.instagram,
        ce1_0.logo_url,
        ce1_0.phone,
        p1_0.id,
        p1_0.created_at,
        p1_0.created_by,
        p1_0.email,
        p1_0.password,
        p1_0.role,
        p1_0.updated_at,
        p1_0.updated_by,
        p1_0.username,
        p1_0.version,
        ce1_0.short_name,
        ce1_0.status,
        ce1_0.updated_at,
        ce1_0.updated_by,
        ce1_0.version 
    from
        uniclub.clubs ce1_0 
    left join
        uniclub.users p1_0 
            on p1_0.id=ce1_0.president_id 
    where
        ce1_0.president_id=?
2025-11-25 17:16:46.154 [trace:48e101ca-6471-4c47-94ea-ad092953a028] [user:admin] [role:[]] [op:] INFO  c.uniClub.logging.MDCLoggingFilter - REQUEST
traceId=48e101ca-6471-4c47-94ea-ad092953a028 | method=GET | uri=/api/event/list | ip=0:0:0:0:0:0:0:1
headers=[host=localhost:8080, connection=keep-alive, sec-ch-ua-platform="Android", authorization=Bearer eyJhbGciOiJIUzI1NiJ9.eyJyb2xlIjoiQURNSU4iLCJzdWIiOiJhZG1pbiIsImlhdCI6MTc2NDA3ODkzMCwiZXhwIjoxNzY0MDg2MTMwfQ.Cj2OzDlXyrl1NHTrGL1vmTGF7YFmlFUjapn5i1RXbys, user-agent=Mozilla/5.0 (Linux; Android 6.0; Nexus 5 Build/MRA58N) AppleWebKit/537.36 (KHTML, like Gecko) Chrome/142.0.0.0 Mobile Safari/537.36, accept=application/json, text/plain, */*, sec-ch-ua="Chromium";v="142", "Google Chrome";v="142", "Not_A Brand";v="99", sec-ch-ua-mobile=?1, origin=http://localhost:5173, sec-fetch-site=same-site, sec-fetch-mode=cors, sec-fetch-dest=empty, referer=http://localhost:5173/, accept-encoding=gzip, deflate, br, zstd, accept-language=tr-TR,tr;q=0.9,en-US;q=0.8,en;q=0.7, ]
body=(empty)

2025-11-25 17:16:46.156 [trace:48e101ca-6471-4c47-94ea-ad092953a028] [user:admin] [role:[]] [op:FIND_ALL_EVENTS] INFO  com.uniClub.logging.LoggingAspect - START [FIND_ALL_EVENTS] -> Method: EventServiceImpl.findAllEvents(), Args: []
2025-11-25 17:16:46.157 [trace:48e101ca-6471-4c47-94ea-ad092953a028] [user:admin] [role:[]] [op:FIND_ALL_EVENTS] DEBUG org.hibernate.SQL - 
    select
        e1_0.id,
        e1_0.created_at,
        e1_0.created_by,
        e1_0.description,
        e1_0.event_date,
        e1_0.location,
        e1_0.participant_count,
        e1_0.title,
        e1_0.updated_at,
        e1_0.updated_by,
        e1_0.version 
    from
        uniclub.events e1_0 
    order by
        e1_0.event_date
2025-11-25 17:16:46.158 [trace:48e101ca-6471-4c47-94ea-ad092953a028] [user:admin] [role:[]] [op:FIND_ALL_EVENTS] INFO  c.u.s.e.impl.EventServiceImpl - [EVENT_LISTED] total=3
2025-11-25 17:16:46.158 [trace:48e101ca-6471-4c47-94ea-ad092953a028] [user:admin] [role:[]] [op:FIND_ALL_EVENTS] DEBUG org.hibernate.SQL - 
    select
        pi1_0.event_id,
        pi1_0.participant_id 
    from
        uniclub.event_participants pi1_0 
    where
        pi1_0.event_id=?
2025-11-25 17:16:46.159 [trace:48e101ca-6471-4c47-94ea-ad092953a028] [user:admin] [role:[]] [op:FIND_ALL_EVENTS] DEBUG org.hibernate.SQL - 
    select
        pi1_0.event_id,
        pi1_0.participant_id 
    from
        uniclub.event_participants pi1_0 
    where
        pi1_0.event_id=?
2025-11-25 17:16:46.159 [trace:48e101ca-6471-4c47-94ea-ad092953a028] [user:admin] [role:[]] [op:FIND_ALL_EVENTS] DEBUG org.hibernate.SQL - 
    select
        pi1_0.event_id,
        pi1_0.participant_id 
    from
        uniclub.event_participants pi1_0 
    where
        pi1_0.event_id=?
2025-11-25 17:16:46.159 [trace:48e101ca-6471-4c47-94ea-ad092953a028] [user:admin] [role:[]] [op:FIND_ALL_EVENTS] INFO  com.uniClub.logging.LoggingAspect - END [FIND_ALL_EVENTS] -> Duration: 4 ms
2025-11-25 17:16:46.161 [trace:48e101ca-6471-4c47-94ea-ad092953a028] [user:admin] [role:[]] [op:] INFO  c.uniClub.logging.MDCLoggingFilter - RESPONSE
traceId=48e101ca-6471-4c47-94ea-ad092953a028 | status=200 | duration=7ms
body={"status":200,"payload":[{"createdAt":"2025-10-29T15:55:31.864495","updatedAt":"2025-10-29T17:41:30.170936","createdBy":"admin","updatedBy":"admin","version":2,"id":9,"title":"huawein","description":"burda çok eğlencez","eventDate":"2025-10-31T12:54:05.315","location":"nemrutdağı","participantCount":-1,"participantIds":[],"clubIds":null},{"createdAt":"2025-10-15T14:51:47.386525","updatedAt":"2025-10-29T17:41:55.953512","createdBy":"admin","updatedBy":"admin","version":1,"id":7,"title":"string","description":"string","eventDate":"2025-11-15T11:51:34.183","location":"string","participantCount":1,"participantIds":["8046b87f-e57c-43f7-a694-bacf480e88b8"],"clubIds":null},{"createdAt":"2025-10-29T15:54:27.589385","updatedAt":"2025-10-29T15:54:27.589385","createdBy":"admin","updatedBy":"admin","version":0,"id":8,"title":"dağkampıo","description":"burda çok eğlencez","eventDate":"2025-11-29T12:54:05.315","location":"ağrı dağı","participantCount":0,"participantIds":[],"clubIds":null}]}

2025-11-25 17:17:00.763 [trace:] [user:] [role:] [op:] DEBUG org.hibernate.SQL - 
    select
        ue1_0.id,
        ue1_0.created_at,
        ue1_0.created_by,
        ue1_0.email,
        ue1_0.password,
        ue1_0.role,
        ue1_0.updated_at,
        ue1_0.updated_by,
        ue1_0.username,
        ue1_0.version 
    from
        uniclub.users ue1_0 
    where
        ue1_0.username=?
2025-11-25 17:17:00.764 [trace:] [user:] [role:] [op:] DEBUG org.hibernate.SQL - 
    select
        ce1_0.id,
        ce1_0.approved,
        ce1_0.club_name,
        ce1_0.created_at,
        ce1_0.created_by,
        ce1_0.description,
        ce1_0.email,
        ce1_0.foundation_date,
        ce1_0.instagram,
        ce1_0.logo_url,
        ce1_0.phone,
        p1_0.id,
        p1_0.created_at,
        p1_0.created_by,
        p1_0.email,
        p1_0.password,
        p1_0.role,
        p1_0.updated_at,
        p1_0.updated_by,
        p1_0.username,
        p1_0.version,
        ce1_0.short_name,
        ce1_0.status,
        ce1_0.updated_at,
        ce1_0.updated_by,
        ce1_0.version 
    from
        uniclub.clubs ce1_0 
    left join
        uniclub.users p1_0 
            on p1_0.id=ce1_0.president_id 
    where
        ce1_0.president_id=?
2025-11-25 17:17:00.771 [trace:75401c1a-7dfb-4f76-81e7-bf3efb592280] [user:admin] [role:[]] [op:] INFO  c.uniClub.logging.MDCLoggingFilter - REQUEST
traceId=75401c1a-7dfb-4f76-81e7-bf3efb592280 | method=GET | uri=/api/event/list | ip=0:0:0:0:0:0:0:1
headers=[host=localhost:8080, connection=keep-alive, sec-ch-ua-platform="Android", authorization=Bearer eyJhbGciOiJIUzI1NiJ9.eyJyb2xlIjoiQURNSU4iLCJzdWIiOiJhZG1pbiIsImlhdCI6MTc2NDA3ODkzMCwiZXhwIjoxNzY0MDg2MTMwfQ.Cj2OzDlXyrl1NHTrGL1vmTGF7YFmlFUjapn5i1RXbys, user-agent=Mozilla/5.0 (Linux; Android 6.0; Nexus 5 Build/MRA58N) AppleWebKit/537.36 (KHTML, like Gecko) Chrome/142.0.0.0 Mobile Safari/537.36, accept=application/json, text/plain, */*, sec-ch-ua="Chromium";v="142", "Google Chrome";v="142", "Not_A Brand";v="99", sec-ch-ua-mobile=?1, origin=http://localhost:5173, sec-fetch-site=same-site, sec-fetch-mode=cors, sec-fetch-dest=empty, referer=http://localhost:5173/, accept-encoding=gzip, deflate, br, zstd, accept-language=tr-TR,tr;q=0.9,en-US;q=0.8,en;q=0.7, ]
body=(empty)

2025-11-25 17:17:00.773 [trace:75401c1a-7dfb-4f76-81e7-bf3efb592280] [user:admin] [role:[]] [op:FIND_ALL_EVENTS] INFO  com.uniClub.logging.LoggingAspect - START [FIND_ALL_EVENTS] -> Method: EventServiceImpl.findAllEvents(), Args: []
2025-11-25 17:17:00.774 [trace:75401c1a-7dfb-4f76-81e7-bf3efb592280] [user:admin] [role:[]] [op:FIND_ALL_EVENTS] DEBUG org.hibernate.SQL - 
    select
        e1_0.id,
        e1_0.created_at,
        e1_0.created_by,
        e1_0.description,
        e1_0.event_date,
        e1_0.location,
        e1_0.participant_count,
        e1_0.title,
        e1_0.updated_at,
        e1_0.updated_by,
        e1_0.version 
    from
        uniclub.events e1_0 
    order by
        e1_0.event_date
2025-11-25 17:17:00.775 [trace:75401c1a-7dfb-4f76-81e7-bf3efb592280] [user:admin] [role:[]] [op:FIND_ALL_EVENTS] INFO  c.u.s.e.impl.EventServiceImpl - [EVENT_LISTED] total=3
2025-11-25 17:17:00.776 [trace:75401c1a-7dfb-4f76-81e7-bf3efb592280] [user:admin] [role:[]] [op:FIND_ALL_EVENTS] DEBUG org.hibernate.SQL - 
    select
        pi1_0.event_id,
        pi1_0.participant_id 
    from
        uniclub.event_participants pi1_0 
    where
        pi1_0.event_id=?
2025-11-25 17:17:00.776 [trace:75401c1a-7dfb-4f76-81e7-bf3efb592280] [user:admin] [role:[]] [op:FIND_ALL_EVENTS] DEBUG org.hibernate.SQL - 
    select
        pi1_0.event_id,
        pi1_0.participant_id 
    from
        uniclub.event_participants pi1_0 
    where
        pi1_0.event_id=?
2025-11-25 17:17:00.777 [trace:75401c1a-7dfb-4f76-81e7-bf3efb592280] [user:admin] [role:[]] [op:FIND_ALL_EVENTS] DEBUG org.hibernate.SQL - 
    select
        pi1_0.event_id,
        pi1_0.participant_id 
    from
        uniclub.event_participants pi1_0 
    where
        pi1_0.event_id=?
2025-11-25 17:17:00.777 [trace:75401c1a-7dfb-4f76-81e7-bf3efb592280] [user:admin] [role:[]] [op:FIND_ALL_EVENTS] INFO  com.uniClub.logging.LoggingAspect - END [FIND_ALL_EVENTS] -> Duration: 5 ms
2025-11-25 17:17:00.779 [trace:75401c1a-7dfb-4f76-81e7-bf3efb592280] [user:admin] [role:[]] [op:] INFO  c.uniClub.logging.MDCLoggingFilter - RESPONSE
traceId=75401c1a-7dfb-4f76-81e7-bf3efb592280 | status=200 | duration=8ms
body={"status":200,"payload":[{"createdAt":"2025-10-29T15:55:31.864495","updatedAt":"2025-10-29T17:41:30.170936","createdBy":"admin","updatedBy":"admin","version":2,"id":9,"title":"huawein","description":"burda çok eğlencez","eventDate":"2025-10-31T12:54:05.315","location":"nemrutdağı","participantCount":-1,"participantIds":[],"clubIds":null},{"createdAt":"2025-10-15T14:51:47.386525","updatedAt":"2025-10-29T17:41:55.953512","createdBy":"admin","updatedBy":"admin","version":1,"id":7,"title":"string","description":"string","eventDate":"2025-11-15T11:51:34.183","location":"string","participantCount":1,"participantIds":["8046b87f-e57c-43f7-a694-bacf480e88b8"],"clubIds":null},{"createdAt":"2025-10-29T15:54:27.589385","updatedAt":"2025-10-29T15:54:27.589385","createdBy":"admin","updatedBy":"admin","version":0,"id":8,"title":"dağkampıo","description":"burda çok eğlencez","eventDate":"2025-11-29T12:54:05.315","location":"ağrı dağı","participantCount":0,"participantIds":[],"clubIds":null}]}

2025-11-25 17:17:00.785 [trace:] [user:] [role:] [op:] DEBUG org.hibernate.SQL - 
    select
        ue1_0.id,
        ue1_0.created_at,
        ue1_0.created_by,
        ue1_0.email,
        ue1_0.password,
        ue1_0.role,
        ue1_0.updated_at,
        ue1_0.updated_by,
        ue1_0.username,
        ue1_0.version 
    from
        uniclub.users ue1_0 
    where
        ue1_0.username=?
2025-11-25 17:17:00.786 [trace:] [user:] [role:] [op:] DEBUG org.hibernate.SQL - 
    select
        ce1_0.id,
        ce1_0.approved,
        ce1_0.club_name,
        ce1_0.created_at,
        ce1_0.created_by,
        ce1_0.description,
        ce1_0.email,
        ce1_0.foundation_date,
        ce1_0.instagram,
        ce1_0.logo_url,
        ce1_0.phone,
        p1_0.id,
        p1_0.created_at,
        p1_0.created_by,
        p1_0.email,
        p1_0.password,
        p1_0.role,
        p1_0.updated_at,
        p1_0.updated_by,
        p1_0.username,
        p1_0.version,
        ce1_0.short_name,
        ce1_0.status,
        ce1_0.updated_at,
        ce1_0.updated_by,
        ce1_0.version 
    from
        uniclub.clubs ce1_0 
    left join
        uniclub.users p1_0 
            on p1_0.id=ce1_0.president_id 
    where
        ce1_0.president_id=?
2025-11-25 17:17:00.790 [trace:32abfdbd-0bd9-49fe-a0ae-bde1d5cdada6] [user:admin] [role:[]] [op:] INFO  c.uniClub.logging.MDCLoggingFilter - REQUEST
traceId=32abfdbd-0bd9-49fe-a0ae-bde1d5cdada6 | method=GET | uri=/api/event/list | ip=0:0:0:0:0:0:0:1
headers=[host=localhost:8080, connection=keep-alive, sec-ch-ua-platform="Android", authorization=Bearer eyJhbGciOiJIUzI1NiJ9.eyJyb2xlIjoiQURNSU4iLCJzdWIiOiJhZG1pbiIsImlhdCI6MTc2NDA3ODkzMCwiZXhwIjoxNzY0MDg2MTMwfQ.Cj2OzDlXyrl1NHTrGL1vmTGF7YFmlFUjapn5i1RXbys, user-agent=Mozilla/5.0 (Linux; Android 6.0; Nexus 5 Build/MRA58N) AppleWebKit/537.36 (KHTML, like Gecko) Chrome/142.0.0.0 Mobile Safari/537.36, accept=application/json, text/plain, */*, sec-ch-ua="Chromium";v="142", "Google Chrome";v="142", "Not_A Brand";v="99", sec-ch-ua-mobile=?1, origin=http://localhost:5173, sec-fetch-site=same-site, sec-fetch-mode=cors, sec-fetch-dest=empty, referer=http://localhost:5173/, accept-encoding=gzip, deflate, br, zstd, accept-language=tr-TR,tr;q=0.9,en-US;q=0.8,en;q=0.7, ]
body=(empty)

2025-11-25 17:17:00.791 [trace:32abfdbd-0bd9-49fe-a0ae-bde1d5cdada6] [user:admin] [role:[]] [op:FIND_ALL_EVENTS] INFO  com.uniClub.logging.LoggingAspect - START [FIND_ALL_EVENTS] -> Method: EventServiceImpl.findAllEvents(), Args: []
2025-11-25 17:17:00.792 [trace:32abfdbd-0bd9-49fe-a0ae-bde1d5cdada6] [user:admin] [role:[]] [op:FIND_ALL_EVENTS] DEBUG org.hibernate.SQL - 
    select
        e1_0.id,
        e1_0.created_at,
        e1_0.created_by,
        e1_0.description,
        e1_0.event_date,
        e1_0.location,
        e1_0.participant_count,
        e1_0.title,
        e1_0.updated_at,
        e1_0.updated_by,
        e1_0.version 
    from
        uniclub.events e1_0 
    order by
        e1_0.event_date
2025-11-25 17:17:00.794 [trace:32abfdbd-0bd9-49fe-a0ae-bde1d5cdada6] [user:admin] [role:[]] [op:FIND_ALL_EVENTS] INFO  c.u.s.e.impl.EventServiceImpl - [EVENT_LISTED] total=3
2025-11-25 17:17:00.795 [trace:32abfdbd-0bd9-49fe-a0ae-bde1d5cdada6] [user:admin] [role:[]] [op:FIND_ALL_EVENTS] DEBUG org.hibernate.SQL - 
    select
        pi1_0.event_id,
        pi1_0.participant_id 
    from
        uniclub.event_participants pi1_0 
    where
        pi1_0.event_id=?
2025-11-25 17:17:00.796 [trace:32abfdbd-0bd9-49fe-a0ae-bde1d5cdada6] [user:admin] [role:[]] [op:FIND_ALL_EVENTS] DEBUG org.hibernate.SQL - 
    select
        pi1_0.event_id,
        pi1_0.participant_id 
    from
        uniclub.event_participants pi1_0 
    where
        pi1_0.event_id=?
2025-11-25 17:17:00.796 [trace:32abfdbd-0bd9-49fe-a0ae-bde1d5cdada6] [user:admin] [role:[]] [op:FIND_ALL_EVENTS] DEBUG org.hibernate.SQL - 
    select
        pi1_0.event_id,
        pi1_0.participant_id 
    from
        uniclub.event_participants pi1_0 
    where
        pi1_0.event_id=?
2025-11-25 17:17:00.797 [trace:32abfdbd-0bd9-49fe-a0ae-bde1d5cdada6] [user:admin] [role:[]] [op:FIND_ALL_EVENTS] INFO  com.uniClub.logging.LoggingAspect - END [FIND_ALL_EVENTS] -> Duration: 5 ms
2025-11-25 17:17:00.798 [trace:32abfdbd-0bd9-49fe-a0ae-bde1d5cdada6] [user:admin] [role:[]] [op:] INFO  c.uniClub.logging.MDCLoggingFilter - RESPONSE
traceId=32abfdbd-0bd9-49fe-a0ae-bde1d5cdada6 | status=200 | duration=8ms
body={"status":200,"payload":[{"createdAt":"2025-10-29T15:55:31.864495","updatedAt":"2025-10-29T17:41:30.170936","createdBy":"admin","updatedBy":"admin","version":2,"id":9,"title":"huawein","description":"burda çok eğlencez","eventDate":"2025-10-31T12:54:05.315","location":"nemrutdağı","participantCount":-1,"participantIds":[],"clubIds":null},{"createdAt":"2025-10-15T14:51:47.386525","updatedAt":"2025-10-29T17:41:55.953512","createdBy":"admin","updatedBy":"admin","version":1,"id":7,"title":"string","description":"string","eventDate":"2025-11-15T11:51:34.183","location":"string","participantCount":1,"participantIds":["8046b87f-e57c-43f7-a694-bacf480e88b8"],"clubIds":null},{"createdAt":"2025-10-29T15:54:27.589385","updatedAt":"2025-10-29T15:54:27.589385","createdBy":"admin","updatedBy":"admin","version":0,"id":8,"title":"dağkampıo","description":"burda çok eğlencez","eventDate":"2025-11-29T12:54:05.315","location":"ağrı dağı","participantCount":0,"participantIds":[],"clubIds":null}]}

2025-11-25 17:17:05.504 [trace:] [user:] [role:] [op:] DEBUG org.hibernate.SQL - 
    select
        ue1_0.id,
        ue1_0.created_at,
        ue1_0.created_by,
        ue1_0.email,
        ue1_0.password,
        ue1_0.role,
        ue1_0.updated_at,
        ue1_0.updated_by,
        ue1_0.username,
        ue1_0.version 
    from
        uniclub.users ue1_0 
    where
        ue1_0.username=?
2025-11-25 17:17:05.506 [trace:] [user:] [role:] [op:] DEBUG org.hibernate.SQL - 
    select
        ce1_0.id,
        ce1_0.approved,
        ce1_0.club_name,
        ce1_0.created_at,
        ce1_0.created_by,
        ce1_0.description,
        ce1_0.email,
        ce1_0.foundation_date,
        ce1_0.instagram,
        ce1_0.logo_url,
        ce1_0.phone,
        p1_0.id,
        p1_0.created_at,
        p1_0.created_by,
        p1_0.email,
        p1_0.password,
        p1_0.role,
        p1_0.updated_at,
        p1_0.updated_by,
        p1_0.username,
        p1_0.version,
        ce1_0.short_name,
        ce1_0.status,
        ce1_0.updated_at,
        ce1_0.updated_by,
        ce1_0.version 
    from
        uniclub.clubs ce1_0 
    left join
        uniclub.users p1_0 
            on p1_0.id=ce1_0.president_id 
    where
        ce1_0.president_id=?
2025-11-25 17:17:05.512 [trace:247c9cd7-2151-4470-a22d-7ccc07055b0a] [user:admin] [role:[]] [op:] INFO  c.uniClub.logging.MDCLoggingFilter - REQUEST
traceId=247c9cd7-2151-4470-a22d-7ccc07055b0a | method=GET | uri=/api/event/list | ip=0:0:0:0:0:0:0:1
headers=[host=localhost:8080, connection=keep-alive, sec-ch-ua-platform="Android", authorization=Bearer eyJhbGciOiJIUzI1NiJ9.eyJyb2xlIjoiQURNSU4iLCJzdWIiOiJhZG1pbiIsImlhdCI6MTc2NDA3ODkzMCwiZXhwIjoxNzY0MDg2MTMwfQ.Cj2OzDlXyrl1NHTrGL1vmTGF7YFmlFUjapn5i1RXbys, user-agent=Mozilla/5.0 (Linux; Android 6.0; Nexus 5 Build/MRA58N) AppleWebKit/537.36 (KHTML, like Gecko) Chrome/142.0.0.0 Mobile Safari/537.36, accept=application/json, text/plain, */*, sec-ch-ua="Chromium";v="142", "Google Chrome";v="142", "Not_A Brand";v="99", sec-ch-ua-mobile=?1, origin=http://localhost:5173, sec-fetch-site=same-site, sec-fetch-mode=cors, sec-fetch-dest=empty, referer=http://localhost:5173/, accept-encoding=gzip, deflate, br, zstd, accept-language=tr-TR,tr;q=0.9,en-US;q=0.8,en;q=0.7, ]
body=(empty)

2025-11-25 17:17:05.513 [trace:247c9cd7-2151-4470-a22d-7ccc07055b0a] [user:admin] [role:[]] [op:FIND_ALL_EVENTS] INFO  com.uniClub.logging.LoggingAspect - START [FIND_ALL_EVENTS] -> Method: EventServiceImpl.findAllEvents(), Args: []
2025-11-25 17:17:05.515 [trace:247c9cd7-2151-4470-a22d-7ccc07055b0a] [user:admin] [role:[]] [op:FIND_ALL_EVENTS] DEBUG org.hibernate.SQL - 
    select
        e1_0.id,
        e1_0.created_at,
        e1_0.created_by,
        e1_0.description,
        e1_0.event_date,
        e1_0.location,
        e1_0.participant_count,
        e1_0.title,
        e1_0.updated_at,
        e1_0.updated_by,
        e1_0.version 
    from
        uniclub.events e1_0 
    order by
        e1_0.event_date
2025-11-25 17:17:05.516 [trace:247c9cd7-2151-4470-a22d-7ccc07055b0a] [user:admin] [role:[]] [op:FIND_ALL_EVENTS] INFO  c.u.s.e.impl.EventServiceImpl - [EVENT_LISTED] total=3
2025-11-25 17:17:05.517 [trace:247c9cd7-2151-4470-a22d-7ccc07055b0a] [user:admin] [role:[]] [op:FIND_ALL_EVENTS] DEBUG org.hibernate.SQL - 
    select
        pi1_0.event_id,
        pi1_0.participant_id 
    from
        uniclub.event_participants pi1_0 
    where
        pi1_0.event_id=?
2025-11-25 17:17:05.518 [trace:247c9cd7-2151-4470-a22d-7ccc07055b0a] [user:admin] [role:[]] [op:FIND_ALL_EVENTS] DEBUG org.hibernate.SQL - 
    select
        pi1_0.event_id,
        pi1_0.participant_id 
    from
        uniclub.event_participants pi1_0 
    where
        pi1_0.event_id=?
2025-11-25 17:17:05.519 [trace:247c9cd7-2151-4470-a22d-7ccc07055b0a] [user:admin] [role:[]] [op:FIND_ALL_EVENTS] DEBUG org.hibernate.SQL - 
    select
        pi1_0.event_id,
        pi1_0.participant_id 
    from
        uniclub.event_participants pi1_0 
    where
        pi1_0.event_id=?
2025-11-25 17:17:05.519 [trace:247c9cd7-2151-4470-a22d-7ccc07055b0a] [user:admin] [role:[]] [op:FIND_ALL_EVENTS] INFO  com.uniClub.logging.LoggingAspect - END [FIND_ALL_EVENTS] -> Duration: 6 ms
2025-11-25 17:17:05.521 [trace:247c9cd7-2151-4470-a22d-7ccc07055b0a] [user:admin] [role:[]] [op:] INFO  c.uniClub.logging.MDCLoggingFilter - RESPONSE
traceId=247c9cd7-2151-4470-a22d-7ccc07055b0a | status=200 | duration=9ms
body={"status":200,"payload":[{"createdAt":"2025-10-29T15:55:31.864495","updatedAt":"2025-10-29T17:41:30.170936","createdBy":"admin","updatedBy":"admin","version":2,"id":9,"title":"huawein","description":"burda çok eğlencez","eventDate":"2025-10-31T12:54:05.315","location":"nemrutdağı","participantCount":-1,"participantIds":[],"clubIds":null},{"createdAt":"2025-10-15T14:51:47.386525","updatedAt":"2025-10-29T17:41:55.953512","createdBy":"admin","updatedBy":"admin","version":1,"id":7,"title":"string","description":"string","eventDate":"2025-11-15T11:51:34.183","location":"string","participantCount":1,"participantIds":["8046b87f-e57c-43f7-a694-bacf480e88b8"],"clubIds":null},{"createdAt":"2025-10-29T15:54:27.589385","updatedAt":"2025-10-29T15:54:27.589385","createdBy":"admin","updatedBy":"admin","version":0,"id":8,"title":"dağkampıo","description":"burda çok eğlencez","eventDate":"2025-11-29T12:54:05.315","location":"ağrı dağı","participantCount":0,"participantIds":[],"clubIds":null}]}

2025-11-25 17:17:05.528 [trace:] [user:] [role:] [op:] DEBUG org.hibernate.SQL - 
    select
        ue1_0.id,
        ue1_0.created_at,
        ue1_0.created_by,
        ue1_0.email,
        ue1_0.password,
        ue1_0.role,
        ue1_0.updated_at,
        ue1_0.updated_by,
        ue1_0.username,
        ue1_0.version 
    from
        uniclub.users ue1_0 
    where
        ue1_0.username=?
2025-11-25 17:17:05.529 [trace:] [user:] [role:] [op:] DEBUG org.hibernate.SQL - 
    select
        ce1_0.id,
        ce1_0.approved,
        ce1_0.club_name,
        ce1_0.created_at,
        ce1_0.created_by,
        ce1_0.description,
        ce1_0.email,
        ce1_0.foundation_date,
        ce1_0.instagram,
        ce1_0.logo_url,
        ce1_0.phone,
        p1_0.id,
        p1_0.created_at,
        p1_0.created_by,
        p1_0.email,
        p1_0.password,
        p1_0.role,
        p1_0.updated_at,
        p1_0.updated_by,
        p1_0.username,
        p1_0.version,
        ce1_0.short_name,
        ce1_0.status,
        ce1_0.updated_at,
        ce1_0.updated_by,
        ce1_0.version 
    from
        uniclub.clubs ce1_0 
    left join
        uniclub.users p1_0 
            on p1_0.id=ce1_0.president_id 
    where
        ce1_0.president_id=?
2025-11-25 17:17:05.533 [trace:ed9801ad-e441-4504-813b-eff816fc0f86] [user:admin] [role:[]] [op:] INFO  c.uniClub.logging.MDCLoggingFilter - REQUEST
traceId=ed9801ad-e441-4504-813b-eff816fc0f86 | method=GET | uri=/api/event/list | ip=0:0:0:0:0:0:0:1
headers=[host=localhost:8080, connection=keep-alive, sec-ch-ua-platform="Android", authorization=Bearer eyJhbGciOiJIUzI1NiJ9.eyJyb2xlIjoiQURNSU4iLCJzdWIiOiJhZG1pbiIsImlhdCI6MTc2NDA3ODkzMCwiZXhwIjoxNzY0MDg2MTMwfQ.Cj2OzDlXyrl1NHTrGL1vmTGF7YFmlFUjapn5i1RXbys, user-agent=Mozilla/5.0 (Linux; Android 6.0; Nexus 5 Build/MRA58N) AppleWebKit/537.36 (KHTML, like Gecko) Chrome/142.0.0.0 Mobile Safari/537.36, accept=application/json, text/plain, */*, sec-ch-ua="Chromium";v="142", "Google Chrome";v="142", "Not_A Brand";v="99", sec-ch-ua-mobile=?1, origin=http://localhost:5173, sec-fetch-site=same-site, sec-fetch-mode=cors, sec-fetch-dest=empty, referer=http://localhost:5173/, accept-encoding=gzip, deflate, br, zstd, accept-language=tr-TR,tr;q=0.9,en-US;q=0.8,en;q=0.7, ]
body=(empty)

2025-11-25 17:17:05.534 [trace:ed9801ad-e441-4504-813b-eff816fc0f86] [user:admin] [role:[]] [op:FIND_ALL_EVENTS] INFO  com.uniClub.logging.LoggingAspect - START [FIND_ALL_EVENTS] -> Method: EventServiceImpl.findAllEvents(), Args: []
2025-11-25 17:17:05.534 [trace:ed9801ad-e441-4504-813b-eff816fc0f86] [user:admin] [role:[]] [op:FIND_ALL_EVENTS] DEBUG org.hibernate.SQL - 
    select
        e1_0.id,
        e1_0.created_at,
        e1_0.created_by,
        e1_0.description,
        e1_0.event_date,
        e1_0.location,
        e1_0.participant_count,
        e1_0.title,
        e1_0.updated_at,
        e1_0.updated_by,
        e1_0.version 
    from
        uniclub.events e1_0 
    order by
        e1_0.event_date
2025-11-25 17:17:05.536 [trace:ed9801ad-e441-4504-813b-eff816fc0f86] [user:admin] [role:[]] [op:FIND_ALL_EVENTS] INFO  c.u.s.e.impl.EventServiceImpl - [EVENT_LISTED] total=3
2025-11-25 17:17:05.536 [trace:ed9801ad-e441-4504-813b-eff816fc0f86] [user:admin] [role:[]] [op:FIND_ALL_EVENTS] DEBUG org.hibernate.SQL - 
    select
        pi1_0.event_id,
        pi1_0.participant_id 
    from
        uniclub.event_participants pi1_0 
    where
        pi1_0.event_id=?
2025-11-25 17:17:05.537 [trace:ed9801ad-e441-4504-813b-eff816fc0f86] [user:admin] [role:[]] [op:FIND_ALL_EVENTS] DEBUG org.hibernate.SQL - 
    select
        pi1_0.event_id,
        pi1_0.participant_id 
    from
        uniclub.event_participants pi1_0 
    where
        pi1_0.event_id=?
2025-11-25 17:17:05.538 [trace:ed9801ad-e441-4504-813b-eff816fc0f86] [user:admin] [role:[]] [op:FIND_ALL_EVENTS] DEBUG org.hibernate.SQL - 
    select
        pi1_0.event_id,
        pi1_0.participant_id 
    from
        uniclub.event_participants pi1_0 
    where
        pi1_0.event_id=?
2025-11-25 17:17:05.539 [trace:ed9801ad-e441-4504-813b-eff816fc0f86] [user:admin] [role:[]] [op:FIND_ALL_EVENTS] INFO  com.uniClub.logging.LoggingAspect - END [FIND_ALL_EVENTS] -> Duration: 5 ms
2025-11-25 17:17:05.540 [trace:ed9801ad-e441-4504-813b-eff816fc0f86] [user:admin] [role:[]] [op:] INFO  c.uniClub.logging.MDCLoggingFilter - RESPONSE
traceId=ed9801ad-e441-4504-813b-eff816fc0f86 | status=200 | duration=7ms
body={"status":200,"payload":[{"createdAt":"2025-10-29T15:55:31.864495","updatedAt":"2025-10-29T17:41:30.170936","createdBy":"admin","updatedBy":"admin","version":2,"id":9,"title":"huawein","description":"burda çok eğlencez","eventDate":"2025-10-31T12:54:05.315","location":"nemrutdağı","participantCount":-1,"participantIds":[],"clubIds":null},{"createdAt":"2025-10-15T14:51:47.386525","updatedAt":"2025-10-29T17:41:55.953512","createdBy":"admin","updatedBy":"admin","version":1,"id":7,"title":"string","description":"string","eventDate":"2025-11-15T11:51:34.183","location":"string","participantCount":1,"participantIds":["8046b87f-e57c-43f7-a694-bacf480e88b8"],"clubIds":null},{"createdAt":"2025-10-29T15:54:27.589385","updatedAt":"2025-10-29T15:54:27.589385","createdBy":"admin","updatedBy":"admin","version":0,"id":8,"title":"dağkampıo","description":"burda çok eğlencez","eventDate":"2025-11-29T12:54:05.315","location":"ağrı dağı","participantCount":0,"participantIds":[],"clubIds":null}]}

2025-11-25 17:17:07.345 [trace:] [user:] [role:] [op:] DEBUG org.hibernate.SQL - 
    select
        ue1_0.id,
        ue1_0.created_at,
        ue1_0.created_by,
        ue1_0.email,
        ue1_0.password,
        ue1_0.role,
        ue1_0.updated_at,
        ue1_0.updated_by,
        ue1_0.username,
        ue1_0.version 
    from
        uniclub.users ue1_0 
    where
        ue1_0.username=?
2025-11-25 17:17:07.346 [trace:] [user:] [role:] [op:] DEBUG org.hibernate.SQL - 
    select
        ce1_0.id,
        ce1_0.approved,
        ce1_0.club_name,
        ce1_0.created_at,
        ce1_0.created_by,
        ce1_0.description,
        ce1_0.email,
        ce1_0.foundation_date,
        ce1_0.instagram,
        ce1_0.logo_url,
        ce1_0.phone,
        p1_0.id,
        p1_0.created_at,
        p1_0.created_by,
        p1_0.email,
        p1_0.password,
        p1_0.role,
        p1_0.updated_at,
        p1_0.updated_by,
        p1_0.username,
        p1_0.version,
        ce1_0.short_name,
        ce1_0.status,
        ce1_0.updated_at,
        ce1_0.updated_by,
        ce1_0.version 
    from
        uniclub.clubs ce1_0 
    left join
        uniclub.users p1_0 
            on p1_0.id=ce1_0.president_id 
    where
        ce1_0.president_id=?
2025-11-25 17:17:07.350 [trace:2427d068-5653-4101-bd04-feb2b977a631] [user:admin] [role:[]] [op:] INFO  c.uniClub.logging.MDCLoggingFilter - REQUEST
traceId=2427d068-5653-4101-bd04-feb2b977a631 | method=GET | uri=/api/auth/all/users | ip=0:0:0:0:0:0:0:1
headers=[host=localhost:8080, connection=keep-alive, sec-ch-ua-platform="Android", authorization=Bearer eyJhbGciOiJIUzI1NiJ9.eyJyb2xlIjoiQURNSU4iLCJzdWIiOiJhZG1pbiIsImlhdCI6MTc2NDA3ODkzMCwiZXhwIjoxNzY0MDg2MTMwfQ.Cj2OzDlXyrl1NHTrGL1vmTGF7YFmlFUjapn5i1RXbys, user-agent=Mozilla/5.0 (Linux; Android 6.0; Nexus 5 Build/MRA58N) AppleWebKit/537.36 (KHTML, like Gecko) Chrome/142.0.0.0 Mobile Safari/537.36, accept=application/json, text/plain, */*, sec-ch-ua="Chromium";v="142", "Google Chrome";v="142", "Not_A Brand";v="99", sec-ch-ua-mobile=?1, origin=http://localhost:5173, sec-fetch-site=same-site, sec-fetch-mode=cors, sec-fetch-dest=empty, referer=http://localhost:5173/, accept-encoding=gzip, deflate, br, zstd, accept-language=tr-TR,tr;q=0.9,en-US;q=0.8,en;q=0.7, ]
body=(empty)

2025-11-25 17:17:07.352 [trace:2427d068-5653-4101-bd04-feb2b977a631] [user:admin] [role:[]] [op:] DEBUG org.hibernate.SQL - 
    select
        ue1_0.id,
        ue1_0.created_at,
        ue1_0.created_by,
        ue1_0.email,
        ue1_0.password,
        ue1_0.role,
        ue1_0.updated_at,
        ue1_0.updated_by,
        ue1_0.username,
        ue1_0.version 
    from
        uniclub.users ue1_0
2025-11-25 17:17:07.354 [trace:2427d068-5653-4101-bd04-feb2b977a631] [user:admin] [role:[]] [op:] DEBUG org.hibernate.SQL - 
    select
        ce1_0.id,
        ce1_0.approved,
        ce1_0.club_name,
        ce1_0.created_at,
        ce1_0.created_by,
        ce1_0.description,
        ce1_0.email,
        ce1_0.foundation_date,
        ce1_0.instagram,
        ce1_0.logo_url,
        ce1_0.phone,
        p1_0.id,
        p1_0.created_at,
        p1_0.created_by,
        p1_0.email,
        p1_0.password,
        p1_0.role,
        p1_0.updated_at,
        p1_0.updated_by,
        p1_0.username,
        p1_0.version,
        ce1_0.short_name,
        ce1_0.status,
        ce1_0.updated_at,
        ce1_0.updated_by,
        ce1_0.version 
    from
        uniclub.clubs ce1_0 
    left join
        uniclub.users p1_0 
            on p1_0.id=ce1_0.president_id 
    where
        ce1_0.president_id=?
2025-11-25 17:17:07.354 [trace:2427d068-5653-4101-bd04-feb2b977a631] [user:admin] [role:[]] [op:] DEBUG org.hibernate.SQL - 
    select
        ce1_0.id,
        ce1_0.approved,
        ce1_0.club_name,
        ce1_0.created_at,
        ce1_0.created_by,
        ce1_0.description,
        ce1_0.email,
        ce1_0.foundation_date,
        ce1_0.instagram,
        ce1_0.logo_url,
        ce1_0.phone,
        p1_0.id,
        p1_0.created_at,
        p1_0.created_by,
        p1_0.email,
        p1_0.password,
        p1_0.role,
        p1_0.updated_at,
        p1_0.updated_by,
        p1_0.username,
        p1_0.version,
        ce1_0.short_name,
        ce1_0.status,
        ce1_0.updated_at,
        ce1_0.updated_by,
        ce1_0.version 
    from
        uniclub.clubs ce1_0 
    left join
        uniclub.users p1_0 
            on p1_0.id=ce1_0.president_id 
    where
        ce1_0.president_id=?
2025-11-25 17:17:07.354 [trace:2427d068-5653-4101-bd04-feb2b977a631] [user:admin] [role:[]] [op:] DEBUG org.hibernate.SQL - 
    select
        ce1_0.id,
        ce1_0.approved,
        ce1_0.club_name,
        ce1_0.created_at,
        ce1_0.created_by,
        ce1_0.description,
        ce1_0.email,
        ce1_0.foundation_date,
        ce1_0.instagram,
        ce1_0.logo_url,
        ce1_0.phone,
        p1_0.id,
        p1_0.created_at,
        p1_0.created_by,
        p1_0.email,
        p1_0.password,
        p1_0.role,
        p1_0.updated_at,
        p1_0.updated_by,
        p1_0.username,
        p1_0.version,
        ce1_0.short_name,
        ce1_0.status,
        ce1_0.updated_at,
        ce1_0.updated_by,
        ce1_0.version 
    from
        uniclub.clubs ce1_0 
    left join
        uniclub.users p1_0 
            on p1_0.id=ce1_0.president_id 
    where
        ce1_0.president_id=?
2025-11-25 17:17:07.354 [trace:2427d068-5653-4101-bd04-feb2b977a631] [user:admin] [role:[]] [op:] INFO  c.uniClub.logging.MDCLoggingFilter - RESPONSE
traceId=2427d068-5653-4101-bd04-feb2b977a631 | status=200 | duration=4ms
body={"status":200,"payload":[{"createdAt":"2025-10-28T22:21:57.237716","updatedAt":"2025-10-28T22:21:57.237716","createdBy":null,"updatedBy":null,"id":"8046b87f-e57c-43f7-a694-bacf480e88b8","username":"admin","email":"admin@yalova.edu.tr","role":"ADMIN"},{"createdAt":"2025-10-28T23:31:49.408782","updatedAt":"2025-10-28T23:31:49.408782","createdBy":null,"updatedBy":null,"id":"a26288db-c5b5-48b0-9c99-265de61e1cd6","username":"210101062","email":"210101062@ogrenci.yalova.edu.tr","role":"USER"},{"createdAt":"2025-10-28T23:32:41.720353","updatedAt":"2025-10-28T23:32:41.720353","createdBy":null,"updatedBy":null,"id":"c302c399-71e9-43ff-a208-8a99ef44775c","username":"210101061","email":"210101061@ogrenci.yalova.edu.tr","role":"USER"}]}

2025-11-25 17:17:07.364 [trace:] [user:] [role:] [op:] DEBUG org.hibernate.SQL - 
    select
        ue1_0.id,
        ue1_0.created_at,
        ue1_0.created_by,
        ue1_0.email,
        ue1_0.password,
        ue1_0.role,
        ue1_0.updated_at,
        ue1_0.updated_by,
        ue1_0.username,
        ue1_0.version 
    from
        uniclub.users ue1_0 
    where
        ue1_0.username=?
2025-11-25 17:17:07.366 [trace:] [user:] [role:] [op:] DEBUG org.hibernate.SQL - 
    select
        ce1_0.id,
        ce1_0.approved,
        ce1_0.club_name,
        ce1_0.created_at,
        ce1_0.created_by,
        ce1_0.description,
        ce1_0.email,
        ce1_0.foundation_date,
        ce1_0.instagram,
        ce1_0.logo_url,
        ce1_0.phone,
        p1_0.id,
        p1_0.created_at,
        p1_0.created_by,
        p1_0.email,
        p1_0.password,
        p1_0.role,
        p1_0.updated_at,
        p1_0.updated_by,
        p1_0.username,
        p1_0.version,
        ce1_0.short_name,
        ce1_0.status,
        ce1_0.updated_at,
        ce1_0.updated_by,
        ce1_0.version 
    from
        uniclub.clubs ce1_0 
    left join
        uniclub.users p1_0 
            on p1_0.id=ce1_0.president_id 
    where
        ce1_0.president_id=?
2025-11-25 17:17:07.369 [trace:594e2f74-40cc-41d0-a295-f9db65733efb] [user:admin] [role:[]] [op:] INFO  c.uniClub.logging.MDCLoggingFilter - REQUEST
traceId=594e2f74-40cc-41d0-a295-f9db65733efb | method=GET | uri=/api/auth/all/users | ip=0:0:0:0:0:0:0:1
headers=[host=localhost:8080, connection=keep-alive, sec-ch-ua-platform="Android", authorization=Bearer eyJhbGciOiJIUzI1NiJ9.eyJyb2xlIjoiQURNSU4iLCJzdWIiOiJhZG1pbiIsImlhdCI6MTc2NDA3ODkzMCwiZXhwIjoxNzY0MDg2MTMwfQ.Cj2OzDlXyrl1NHTrGL1vmTGF7YFmlFUjapn5i1RXbys, user-agent=Mozilla/5.0 (Linux; Android 6.0; Nexus 5 Build/MRA58N) AppleWebKit/537.36 (KHTML, like Gecko) Chrome/142.0.0.0 Mobile Safari/537.36, accept=application/json, text/plain, */*, sec-ch-ua="Chromium";v="142", "Google Chrome";v="142", "Not_A Brand";v="99", sec-ch-ua-mobile=?1, origin=http://localhost:5173, sec-fetch-site=same-site, sec-fetch-mode=cors, sec-fetch-dest=empty, referer=http://localhost:5173/, accept-encoding=gzip, deflate, br, zstd, accept-language=tr-TR,tr;q=0.9,en-US;q=0.8,en;q=0.7, ]
body=(empty)

2025-11-25 17:17:07.371 [trace:594e2f74-40cc-41d0-a295-f9db65733efb] [user:admin] [role:[]] [op:] DEBUG org.hibernate.SQL - 
    select
        ue1_0.id,
        ue1_0.created_at,
        ue1_0.created_by,
        ue1_0.email,
        ue1_0.password,
        ue1_0.role,
        ue1_0.updated_at,
        ue1_0.updated_by,
        ue1_0.username,
        ue1_0.version 
    from
        uniclub.users ue1_0
2025-11-25 17:17:07.373 [trace:594e2f74-40cc-41d0-a295-f9db65733efb] [user:admin] [role:[]] [op:] DEBUG org.hibernate.SQL - 
    select
        ce1_0.id,
        ce1_0.approved,
        ce1_0.club_name,
        ce1_0.created_at,
        ce1_0.created_by,
        ce1_0.description,
        ce1_0.email,
        ce1_0.foundation_date,
        ce1_0.instagram,
        ce1_0.logo_url,
        ce1_0.phone,
        p1_0.id,
        p1_0.created_at,
        p1_0.created_by,
        p1_0.email,
        p1_0.password,
        p1_0.role,
        p1_0.updated_at,
        p1_0.updated_by,
        p1_0.username,
        p1_0.version,
        ce1_0.short_name,
        ce1_0.status,
        ce1_0.updated_at,
        ce1_0.updated_by,
        ce1_0.version 
    from
        uniclub.clubs ce1_0 
    left join
        uniclub.users p1_0 
            on p1_0.id=ce1_0.president_id 
    where
        ce1_0.president_id=?
2025-11-25 17:17:07.374 [trace:594e2f74-40cc-41d0-a295-f9db65733efb] [user:admin] [role:[]] [op:] DEBUG org.hibernate.SQL - 
    select
        ce1_0.id,
        ce1_0.approved,
        ce1_0.club_name,
        ce1_0.created_at,
        ce1_0.created_by,
        ce1_0.description,
        ce1_0.email,
        ce1_0.foundation_date,
        ce1_0.instagram,
        ce1_0.logo_url,
        ce1_0.phone,
        p1_0.id,
        p1_0.created_at,
        p1_0.created_by,
        p1_0.email,
        p1_0.password,
        p1_0.role,
        p1_0.updated_at,
        p1_0.updated_by,
        p1_0.username,
        p1_0.version,
        ce1_0.short_name,
        ce1_0.status,
        ce1_0.updated_at,
        ce1_0.updated_by,
        ce1_0.version 
    from
        uniclub.clubs ce1_0 
    left join
        uniclub.users p1_0 
            on p1_0.id=ce1_0.president_id 
    where
        ce1_0.president_id=?
2025-11-25 17:17:07.375 [trace:594e2f74-40cc-41d0-a295-f9db65733efb] [user:admin] [role:[]] [op:] DEBUG org.hibernate.SQL - 
    select
        ce1_0.id,
        ce1_0.approved,
        ce1_0.club_name,
        ce1_0.created_at,
        ce1_0.created_by,
        ce1_0.description,
        ce1_0.email,
        ce1_0.foundation_date,
        ce1_0.instagram,
        ce1_0.logo_url,
        ce1_0.phone,
        p1_0.id,
        p1_0.created_at,
        p1_0.created_by,
        p1_0.email,
        p1_0.password,
        p1_0.role,
        p1_0.updated_at,
        p1_0.updated_by,
        p1_0.username,
        p1_0.version,
        ce1_0.short_name,
        ce1_0.status,
        ce1_0.updated_at,
        ce1_0.updated_by,
        ce1_0.version 
    from
        uniclub.clubs ce1_0 
    left join
        uniclub.users p1_0 
            on p1_0.id=ce1_0.president_id 
    where
        ce1_0.president_id=?
2025-11-25 17:17:07.378 [trace:594e2f74-40cc-41d0-a295-f9db65733efb] [user:admin] [role:[]] [op:] INFO  c.uniClub.logging.MDCLoggingFilter - RESPONSE
traceId=594e2f74-40cc-41d0-a295-f9db65733efb | status=200 | duration=9ms
body={"status":200,"payload":[{"createdAt":"2025-10-28T22:21:57.237716","updatedAt":"2025-10-28T22:21:57.237716","createdBy":null,"updatedBy":null,"id":"8046b87f-e57c-43f7-a694-bacf480e88b8","username":"admin","email":"admin@yalova.edu.tr","role":"ADMIN"},{"createdAt":"2025-10-28T23:31:49.408782","updatedAt":"2025-10-28T23:31:49.408782","createdBy":null,"updatedBy":null,"id":"a26288db-c5b5-48b0-9c99-265de61e1cd6","username":"210101062","email":"210101062@ogrenci.yalova.edu.tr","role":"USER"},{"createdAt":"2025-10-28T23:32:41.720353","updatedAt":"2025-10-28T23:32:41.720353","createdBy":null,"updatedBy":null,"id":"c302c399-71e9-43ff-a208-8a99ef44775c","username":"210101061","email":"210101061@ogrenci.yalova.edu.tr","role":"USER"}]}

2025-11-25 17:17:10.017 [trace:] [user:] [role:] [op:] DEBUG org.hibernate.SQL - 
    select
        ue1_0.id,
        ue1_0.created_at,
        ue1_0.created_by,
        ue1_0.email,
        ue1_0.password,
        ue1_0.role,
        ue1_0.updated_at,
        ue1_0.updated_by,
        ue1_0.username,
        ue1_0.version 
    from
        uniclub.users ue1_0 
    where
        ue1_0.username=?
2025-11-25 17:17:10.019 [trace:] [user:] [role:] [op:] DEBUG org.hibernate.SQL - 
    select
        ce1_0.id,
        ce1_0.approved,
        ce1_0.club_name,
        ce1_0.created_at,
        ce1_0.created_by,
        ce1_0.description,
        ce1_0.email,
        ce1_0.foundation_date,
        ce1_0.instagram,
        ce1_0.logo_url,
        ce1_0.phone,
        p1_0.id,
        p1_0.created_at,
        p1_0.created_by,
        p1_0.email,
        p1_0.password,
        p1_0.role,
        p1_0.updated_at,
        p1_0.updated_by,
        p1_0.username,
        p1_0.version,
        ce1_0.short_name,
        ce1_0.status,
        ce1_0.updated_at,
        ce1_0.updated_by,
        ce1_0.version 
    from
        uniclub.clubs ce1_0 
    left join
        uniclub.users p1_0 
            on p1_0.id=ce1_0.president_id 
    where
        ce1_0.president_id=?
2025-11-25 17:17:10.023 [trace:5e0e4ceb-7cda-4a9b-8e70-1cf630791d40] [user:admin] [role:[]] [op:] INFO  c.uniClub.logging.MDCLoggingFilter - REQUEST
traceId=5e0e4ceb-7cda-4a9b-8e70-1cf630791d40 | method=GET | uri=/api/event/list | ip=0:0:0:0:0:0:0:1
headers=[host=localhost:8080, connection=keep-alive, sec-ch-ua-platform="Android", authorization=Bearer eyJhbGciOiJIUzI1NiJ9.eyJyb2xlIjoiQURNSU4iLCJzdWIiOiJhZG1pbiIsImlhdCI6MTc2NDA3ODkzMCwiZXhwIjoxNzY0MDg2MTMwfQ.Cj2OzDlXyrl1NHTrGL1vmTGF7YFmlFUjapn5i1RXbys, user-agent=Mozilla/5.0 (Linux; Android 6.0; Nexus 5 Build/MRA58N) AppleWebKit/537.36 (KHTML, like Gecko) Chrome/142.0.0.0 Mobile Safari/537.36, accept=application/json, text/plain, */*, sec-ch-ua="Chromium";v="142", "Google Chrome";v="142", "Not_A Brand";v="99", sec-ch-ua-mobile=?1, origin=http://localhost:5173, sec-fetch-site=same-site, sec-fetch-mode=cors, sec-fetch-dest=empty, referer=http://localhost:5173/, accept-encoding=gzip, deflate, br, zstd, accept-language=tr-TR,tr;q=0.9,en-US;q=0.8,en;q=0.7, ]
body=(empty)

2025-11-25 17:17:10.024 [trace:5e0e4ceb-7cda-4a9b-8e70-1cf630791d40] [user:admin] [role:[]] [op:FIND_ALL_EVENTS] INFO  com.uniClub.logging.LoggingAspect - START [FIND_ALL_EVENTS] -> Method: EventServiceImpl.findAllEvents(), Args: []
2025-11-25 17:17:10.025 [trace:5e0e4ceb-7cda-4a9b-8e70-1cf630791d40] [user:admin] [role:[]] [op:FIND_ALL_EVENTS] DEBUG org.hibernate.SQL - 
    select
        e1_0.id,
        e1_0.created_at,
        e1_0.created_by,
        e1_0.description,
        e1_0.event_date,
        e1_0.location,
        e1_0.participant_count,
        e1_0.title,
        e1_0.updated_at,
        e1_0.updated_by,
        e1_0.version 
    from
        uniclub.events e1_0 
    order by
        e1_0.event_date
2025-11-25 17:17:10.026 [trace:5e0e4ceb-7cda-4a9b-8e70-1cf630791d40] [user:admin] [role:[]] [op:FIND_ALL_EVENTS] INFO  c.u.s.e.impl.EventServiceImpl - [EVENT_LISTED] total=3
2025-11-25 17:17:10.026 [trace:5e0e4ceb-7cda-4a9b-8e70-1cf630791d40] [user:admin] [role:[]] [op:FIND_ALL_EVENTS] DEBUG org.hibernate.SQL - 
    select
        pi1_0.event_id,
        pi1_0.participant_id 
    from
        uniclub.event_participants pi1_0 
    where
        pi1_0.event_id=?
2025-11-25 17:17:10.027 [trace:5e0e4ceb-7cda-4a9b-8e70-1cf630791d40] [user:admin] [role:[]] [op:FIND_ALL_EVENTS] DEBUG org.hibernate.SQL - 
    select
        pi1_0.event_id,
        pi1_0.participant_id 
    from
        uniclub.event_participants pi1_0 
    where
        pi1_0.event_id=?
2025-11-25 17:17:10.027 [trace:5e0e4ceb-7cda-4a9b-8e70-1cf630791d40] [user:admin] [role:[]] [op:FIND_ALL_EVENTS] DEBUG org.hibernate.SQL - 
    select
        pi1_0.event_id,
        pi1_0.participant_id 
    from
        uniclub.event_participants pi1_0 
    where
        pi1_0.event_id=?
2025-11-25 17:17:10.028 [trace:5e0e4ceb-7cda-4a9b-8e70-1cf630791d40] [user:admin] [role:[]] [op:FIND_ALL_EVENTS] INFO  com.uniClub.logging.LoggingAspect - END [FIND_ALL_EVENTS] -> Duration: 4 ms
2025-11-25 17:17:10.028 [trace:5e0e4ceb-7cda-4a9b-8e70-1cf630791d40] [user:admin] [role:[]] [op:] INFO  c.uniClub.logging.MDCLoggingFilter - RESPONSE
traceId=5e0e4ceb-7cda-4a9b-8e70-1cf630791d40 | status=200 | duration=5ms
body={"status":200,"payload":[{"createdAt":"2025-10-29T15:55:31.864495","updatedAt":"2025-10-29T17:41:30.170936","createdBy":"admin","updatedBy":"admin","version":2,"id":9,"title":"huawein","description":"burda çok eğlencez","eventDate":"2025-10-31T12:54:05.315","location":"nemrutdağı","participantCount":-1,"participantIds":[],"clubIds":null},{"createdAt":"2025-10-15T14:51:47.386525","updatedAt":"2025-10-29T17:41:55.953512","createdBy":"admin","updatedBy":"admin","version":1,"id":7,"title":"string","description":"string","eventDate":"2025-11-15T11:51:34.183","location":"string","participantCount":1,"participantIds":["8046b87f-e57c-43f7-a694-bacf480e88b8"],"clubIds":null},{"createdAt":"2025-10-29T15:54:27.589385","updatedAt":"2025-10-29T15:54:27.589385","createdBy":"admin","updatedBy":"admin","version":0,"id":8,"title":"dağkampıo","description":"burda çok eğlencez","eventDate":"2025-11-29T12:54:05.315","location":"ağrı dağı","participantCount":0,"participantIds":[],"clubIds":null}]}

2025-11-25 17:17:10.038 [trace:] [user:] [role:] [op:] DEBUG org.hibernate.SQL - 
    select
        ue1_0.id,
        ue1_0.created_at,
        ue1_0.created_by,
        ue1_0.email,
        ue1_0.password,
        ue1_0.role,
        ue1_0.updated_at,
        ue1_0.updated_by,
        ue1_0.username,
        ue1_0.version 
    from
        uniclub.users ue1_0 
    where
        ue1_0.username=?
2025-11-25 17:17:10.038 [trace:] [user:] [role:] [op:] DEBUG org.hibernate.SQL - 
    select
        ce1_0.id,
        ce1_0.approved,
        ce1_0.club_name,
        ce1_0.created_at,
        ce1_0.created_by,
        ce1_0.description,
        ce1_0.email,
        ce1_0.foundation_date,
        ce1_0.instagram,
        ce1_0.logo_url,
        ce1_0.phone,
        p1_0.id,
        p1_0.created_at,
        p1_0.created_by,
        p1_0.email,
        p1_0.password,
        p1_0.role,
        p1_0.updated_at,
        p1_0.updated_by,
        p1_0.username,
        p1_0.version,
        ce1_0.short_name,
        ce1_0.status,
        ce1_0.updated_at,
        ce1_0.updated_by,
        ce1_0.version 
    from
        uniclub.clubs ce1_0 
    left join
        uniclub.users p1_0 
            on p1_0.id=ce1_0.president_id 
    where
        ce1_0.president_id=?
2025-11-25 17:17:10.038 [trace:f12f1b1b-f209-4c46-b4ad-65815020402e] [user:admin] [role:[]] [op:] INFO  c.uniClub.logging.MDCLoggingFilter - REQUEST
traceId=f12f1b1b-f209-4c46-b4ad-65815020402e | method=GET | uri=/api/event/list | ip=0:0:0:0:0:0:0:1
headers=[host=localhost:8080, connection=keep-alive, sec-ch-ua-platform="Android", authorization=Bearer eyJhbGciOiJIUzI1NiJ9.eyJyb2xlIjoiQURNSU4iLCJzdWIiOiJhZG1pbiIsImlhdCI6MTc2NDA3ODkzMCwiZXhwIjoxNzY0MDg2MTMwfQ.Cj2OzDlXyrl1NHTrGL1vmTGF7YFmlFUjapn5i1RXbys, user-agent=Mozilla/5.0 (Linux; Android 6.0; Nexus 5 Build/MRA58N) AppleWebKit/537.36 (KHTML, like Gecko) Chrome/142.0.0.0 Mobile Safari/537.36, accept=application/json, text/plain, */*, sec-ch-ua="Chromium";v="142", "Google Chrome";v="142", "Not_A Brand";v="99", sec-ch-ua-mobile=?1, origin=http://localhost:5173, sec-fetch-site=same-site, sec-fetch-mode=cors, sec-fetch-dest=empty, referer=http://localhost:5173/, accept-encoding=gzip, deflate, br, zstd, accept-language=tr-TR,tr;q=0.9,en-US;q=0.8,en;q=0.7, ]
body=(empty)

2025-11-25 17:17:10.038 [trace:f12f1b1b-f209-4c46-b4ad-65815020402e] [user:admin] [role:[]] [op:FIND_ALL_EVENTS] INFO  com.uniClub.logging.LoggingAspect - START [FIND_ALL_EVENTS] -> Method: EventServiceImpl.findAllEvents(), Args: []
2025-11-25 17:17:10.038 [trace:f12f1b1b-f209-4c46-b4ad-65815020402e] [user:admin] [role:[]] [op:FIND_ALL_EVENTS] DEBUG org.hibernate.SQL - 
    select
        e1_0.id,
        e1_0.created_at,
        e1_0.created_by,
        e1_0.description,
        e1_0.event_date,
        e1_0.location,
        e1_0.participant_count,
        e1_0.title,
        e1_0.updated_at,
        e1_0.updated_by,
        e1_0.version 
    from
        uniclub.events e1_0 
    order by
        e1_0.event_date
2025-11-25 17:17:10.038 [trace:f12f1b1b-f209-4c46-b4ad-65815020402e] [user:admin] [role:[]] [op:FIND_ALL_EVENTS] INFO  c.u.s.e.impl.EventServiceImpl - [EVENT_LISTED] total=3
2025-11-25 17:17:10.038 [trace:f12f1b1b-f209-4c46-b4ad-65815020402e] [user:admin] [role:[]] [op:FIND_ALL_EVENTS] DEBUG org.hibernate.SQL - 
    select
        pi1_0.event_id,
        pi1_0.participant_id 
    from
        uniclub.event_participants pi1_0 
    where
        pi1_0.event_id=?
2025-11-25 17:17:10.038 [trace:f12f1b1b-f209-4c46-b4ad-65815020402e] [user:admin] [role:[]] [op:FIND_ALL_EVENTS] DEBUG org.hibernate.SQL - 
    select
        pi1_0.event_id,
        pi1_0.participant_id 
    from
        uniclub.event_participants pi1_0 
    where
        pi1_0.event_id=?
2025-11-25 17:17:10.038 [trace:f12f1b1b-f209-4c46-b4ad-65815020402e] [user:admin] [role:[]] [op:FIND_ALL_EVENTS] DEBUG org.hibernate.SQL - 
    select
        pi1_0.event_id,
        pi1_0.participant_id 
    from
        uniclub.event_participants pi1_0 
    where
        pi1_0.event_id=?
2025-11-25 17:17:10.038 [trace:f12f1b1b-f209-4c46-b4ad-65815020402e] [user:admin] [role:[]] [op:FIND_ALL_EVENTS] INFO  com.uniClub.logging.LoggingAspect - END [FIND_ALL_EVENTS] -> Duration: 3 ms
2025-11-25 17:17:10.038 [trace:f12f1b1b-f209-4c46-b4ad-65815020402e] [user:admin] [role:[]] [op:] INFO  c.uniClub.logging.MDCLoggingFilter - RESPONSE
traceId=f12f1b1b-f209-4c46-b4ad-65815020402e | status=200 | duration=0ms
body={"status":200,"payload":[{"createdAt":"2025-10-29T15:55:31.864495","updatedAt":"2025-10-29T17:41:30.170936","createdBy":"admin","updatedBy":"admin","version":2,"id":9,"title":"huawein","description":"burda çok eğlencez","eventDate":"2025-10-31T12:54:05.315","location":"nemrutdağı","participantCount":-1,"participantIds":[],"clubIds":null},{"createdAt":"2025-10-15T14:51:47.386525","updatedAt":"2025-10-29T17:41:55.953512","createdBy":"admin","updatedBy":"admin","version":1,"id":7,"title":"string","description":"string","eventDate":"2025-11-15T11:51:34.183","location":"string","participantCount":1,"participantIds":["8046b87f-e57c-43f7-a694-bacf480e88b8"],"clubIds":null},{"createdAt":"2025-10-29T15:54:27.589385","updatedAt":"2025-10-29T15:54:27.589385","createdBy":"admin","updatedBy":"admin","version":0,"id":8,"title":"dağkampıo","description":"burda çok eğlencez","eventDate":"2025-11-29T12:54:05.315","location":"ağrı dağı","participantCount":0,"participantIds":[],"clubIds":null}]}

2025-11-25 17:33:14.202 [trace:] [user:] [role:] [op:] DEBUG org.hibernate.SQL - 
    select
        ue1_0.id,
        ue1_0.created_at,
        ue1_0.created_by,
        ue1_0.email,
        ue1_0.password,
        ue1_0.role,
        ue1_0.updated_at,
        ue1_0.updated_by,
        ue1_0.username,
        ue1_0.version 
    from
        uniclub.users ue1_0 
    where
        ue1_0.username=?
2025-11-25 17:33:14.205 [trace:] [user:] [role:] [op:] DEBUG org.hibernate.SQL - 
    select
        ce1_0.id,
        ce1_0.approved,
        ce1_0.club_name,
        ce1_0.created_at,
        ce1_0.created_by,
        ce1_0.description,
        ce1_0.email,
        ce1_0.foundation_date,
        ce1_0.instagram,
        ce1_0.logo_url,
        ce1_0.phone,
        p1_0.id,
        p1_0.created_at,
        p1_0.created_by,
        p1_0.email,
        p1_0.password,
        p1_0.role,
        p1_0.updated_at,
        p1_0.updated_by,
        p1_0.username,
        p1_0.version,
        ce1_0.short_name,
        ce1_0.status,
        ce1_0.updated_at,
        ce1_0.updated_by,
        ce1_0.version 
    from
        uniclub.clubs ce1_0 
    left join
        uniclub.users p1_0 
            on p1_0.id=ce1_0.president_id 
    where
        ce1_0.president_id=?
2025-11-25 17:33:14.209 [trace:75743a80-a584-4387-8653-818479a9d089] [user:admin] [role:[]] [op:] INFO  c.uniClub.logging.MDCLoggingFilter - REQUEST
traceId=75743a80-a584-4387-8653-818479a9d089 | method=GET | uri=/api/clubs | ip=0:0:0:0:0:0:0:1
headers=[host=localhost:8080, connection=keep-alive, sec-ch-ua-platform="Windows", authorization=Bearer eyJhbGciOiJIUzI1NiJ9.eyJyb2xlIjoiQURNSU4iLCJzdWIiOiJhZG1pbiIsImlhdCI6MTc2NDA3ODkzMCwiZXhwIjoxNzY0MDg2MTMwfQ.Cj2OzDlXyrl1NHTrGL1vmTGF7YFmlFUjapn5i1RXbys, user-agent=Mozilla/5.0 (Windows NT 10.0; Win64; x64) AppleWebKit/537.36 (KHTML, like Gecko) Chrome/142.0.0.0 Safari/537.36, accept=application/json, text/plain, */*, sec-ch-ua="Chromium";v="142", "Google Chrome";v="142", "Not_A Brand";v="99", sec-ch-ua-mobile=?0, origin=http://localhost:5173, sec-fetch-site=same-site, sec-fetch-mode=cors, sec-fetch-dest=empty, referer=http://localhost:5173/, accept-encoding=gzip, deflate, br, zstd, accept-language=tr-TR,tr;q=0.9,en-US;q=0.8,en;q=0.7, ]
body=(empty)

2025-11-25 17:33:14.256 [trace:75743a80-a584-4387-8653-818479a9d089] [user:admin] [role:[]] [op:FIND_ALL_CLUBS] INFO  com.uniClub.logging.LoggingAspect - START [FIND_ALL_CLUBS] -> Method: ClubServiceImpl.getAllPaged(..), Args: [Page request [number: 0, size 5, sort: clubName: ASC]]
2025-11-25 17:33:14.266 [trace:75743a80-a584-4387-8653-818479a9d089] [user:admin] [role:[]] [op:FIND_ALL_CLUBS] DEBUG org.hibernate.SQL - 
    select
        ce1_0.id,
        ce1_0.approved,
        ce1_0.club_name,
        ce1_0.created_at,
        ce1_0.created_by,
        ce1_0.description,
        ce1_0.email,
        ce1_0.foundation_date,
        ce1_0.instagram,
        ce1_0.logo_url,
        ce1_0.phone,
        ce1_0.president_id,
        ce1_0.short_name,
        ce1_0.status,
        ce1_0.updated_at,
        ce1_0.updated_by,
        ce1_0.version 
    from
        uniclub.clubs ce1_0 
    order by
        ce1_0.club_name 
    offset
        ? rows 
    fetch
        first ? rows only
2025-11-25 17:33:14.282 [trace:75743a80-a584-4387-8653-818479a9d089] [user:admin] [role:[]] [op:FIND_ALL_CLUBS] INFO  com.uniClub.logging.LoggingAspect - END [FIND_ALL_CLUBS] -> Duration: 26 ms
2025-11-25 17:33:14.292 [trace:75743a80-a584-4387-8653-818479a9d089] [user:admin] [role:[]] [op:] INFO  c.uniClub.logging.MDCLoggingFilter - RESPONSE
traceId=75743a80-a584-4387-8653-818479a9d089 | status=200 | duration=83ms
body={"status":200,"payload":{"content":[{"id":1,"clubName":"Yalova Yazılım ve Teknoloji Kulübü","shortName":"YYTK","logoUrl":"https://uniclub.yalova.edu.tr/logos/yytk.png","foundationDate":"2022-09-15","email":"yytk@yalova.edu.tr","phone":"+905551112233","instagram":"instagram.com/yytk","approved":"true","presidentId":null,"presidentUsername":null,"createdAt":"2025-11-22","status":"Terminated"}],"pageNumber":0,"pageSize":5,"totalElements":1,"totalPages":1,"last":true}}

2025-11-25 17:33:14.298 [trace:] [user:] [role:] [op:] DEBUG org.hibernate.SQL - 
    select
        ue1_0.id,
        ue1_0.created_at,
        ue1_0.created_by,
        ue1_0.email,
        ue1_0.password,
        ue1_0.role,
        ue1_0.updated_at,
        ue1_0.updated_by,
        ue1_0.username,
        ue1_0.version 
    from
        uniclub.users ue1_0 
    where
        ue1_0.username=?
2025-11-25 17:33:14.300 [trace:] [user:] [role:] [op:] DEBUG org.hibernate.SQL - 
    select
        ce1_0.id,
        ce1_0.approved,
        ce1_0.club_name,
        ce1_0.created_at,
        ce1_0.created_by,
        ce1_0.description,
        ce1_0.email,
        ce1_0.foundation_date,
        ce1_0.instagram,
        ce1_0.logo_url,
        ce1_0.phone,
        p1_0.id,
        p1_0.created_at,
        p1_0.created_by,
        p1_0.email,
        p1_0.password,
        p1_0.role,
        p1_0.updated_at,
        p1_0.updated_by,
        p1_0.username,
        p1_0.version,
        ce1_0.short_name,
        ce1_0.status,
        ce1_0.updated_at,
        ce1_0.updated_by,
        ce1_0.version 
    from
        uniclub.clubs ce1_0 
    left join
        uniclub.users p1_0 
            on p1_0.id=ce1_0.president_id 
    where
        ce1_0.president_id=?
2025-11-25 17:33:14.306 [trace:8209c6ff-9712-4256-9c07-f024980ab8f8] [user:admin] [role:[]] [op:] INFO  c.uniClub.logging.MDCLoggingFilter - REQUEST
traceId=8209c6ff-9712-4256-9c07-f024980ab8f8 | method=GET | uri=/api/clubs | ip=0:0:0:0:0:0:0:1
headers=[host=localhost:8080, connection=keep-alive, sec-ch-ua-platform="Windows", authorization=Bearer eyJhbGciOiJIUzI1NiJ9.eyJyb2xlIjoiQURNSU4iLCJzdWIiOiJhZG1pbiIsImlhdCI6MTc2NDA3ODkzMCwiZXhwIjoxNzY0MDg2MTMwfQ.Cj2OzDlXyrl1NHTrGL1vmTGF7YFmlFUjapn5i1RXbys, user-agent=Mozilla/5.0 (Windows NT 10.0; Win64; x64) AppleWebKit/537.36 (KHTML, like Gecko) Chrome/142.0.0.0 Safari/537.36, accept=application/json, text/plain, */*, sec-ch-ua="Chromium";v="142", "Google Chrome";v="142", "Not_A Brand";v="99", sec-ch-ua-mobile=?0, origin=http://localhost:5173, sec-fetch-site=same-site, sec-fetch-mode=cors, sec-fetch-dest=empty, referer=http://localhost:5173/, accept-encoding=gzip, deflate, br, zstd, accept-language=tr-TR,tr;q=0.9,en-US;q=0.8,en;q=0.7, ]
body=(empty)

2025-11-25 17:33:14.307 [trace:8209c6ff-9712-4256-9c07-f024980ab8f8] [user:admin] [role:[]] [op:FIND_ALL_CLUBS] INFO  com.uniClub.logging.LoggingAspect - START [FIND_ALL_CLUBS] -> Method: ClubServiceImpl.getAllPaged(..), Args: [Page request [number: 0, size 5, sort: clubName: ASC]]
2025-11-25 17:33:14.310 [trace:8209c6ff-9712-4256-9c07-f024980ab8f8] [user:admin] [role:[]] [op:FIND_ALL_CLUBS] DEBUG org.hibernate.SQL - 
    select
        ce1_0.id,
        ce1_0.approved,
        ce1_0.club_name,
        ce1_0.created_at,
        ce1_0.created_by,
        ce1_0.description,
        ce1_0.email,
        ce1_0.foundation_date,
        ce1_0.instagram,
        ce1_0.logo_url,
        ce1_0.phone,
        ce1_0.president_id,
        ce1_0.short_name,
        ce1_0.status,
        ce1_0.updated_at,
        ce1_0.updated_by,
        ce1_0.version 
    from
        uniclub.clubs ce1_0 
    order by
        ce1_0.club_name 
    offset
        ? rows 
    fetch
        first ? rows only
2025-11-25 17:33:14.312 [trace:8209c6ff-9712-4256-9c07-f024980ab8f8] [user:admin] [role:[]] [op:FIND_ALL_CLUBS] INFO  com.uniClub.logging.LoggingAspect - END [FIND_ALL_CLUBS] -> Duration: 3 ms
2025-11-25 17:33:14.314 [trace:8209c6ff-9712-4256-9c07-f024980ab8f8] [user:admin] [role:[]] [op:] INFO  c.uniClub.logging.MDCLoggingFilter - RESPONSE
traceId=8209c6ff-9712-4256-9c07-f024980ab8f8 | status=200 | duration=8ms
body={"status":200,"payload":{"content":[{"id":1,"clubName":"Yalova Yazılım ve Teknoloji Kulübü","shortName":"YYTK","logoUrl":"https://uniclub.yalova.edu.tr/logos/yytk.png","foundationDate":"2022-09-15","email":"yytk@yalova.edu.tr","phone":"+905551112233","instagram":"instagram.com/yytk","approved":"true","presidentId":null,"presidentUsername":null,"createdAt":"2025-11-22","status":"Terminated"}],"pageNumber":0,"pageSize":5,"totalElements":1,"totalPages":1,"last":true}}

2025-11-25 17:33:26.508 [trace:] [user:] [role:] [op:] DEBUG org.hibernate.SQL - 
    select
        ue1_0.id,
        ue1_0.created_at,
        ue1_0.created_by,
        ue1_0.email,
        ue1_0.password,
        ue1_0.role,
        ue1_0.updated_at,
        ue1_0.updated_by,
        ue1_0.username,
        ue1_0.version 
    from
        uniclub.users ue1_0 
    where
        ue1_0.username=?
2025-11-25 17:33:26.509 [trace:] [user:] [role:] [op:] DEBUG org.hibernate.SQL - 
    select
        ce1_0.id,
        ce1_0.approved,
        ce1_0.club_name,
        ce1_0.created_at,
        ce1_0.created_by,
        ce1_0.description,
        ce1_0.email,
        ce1_0.foundation_date,
        ce1_0.instagram,
        ce1_0.logo_url,
        ce1_0.phone,
        p1_0.id,
        p1_0.created_at,
        p1_0.created_by,
        p1_0.email,
        p1_0.password,
        p1_0.role,
        p1_0.updated_at,
        p1_0.updated_by,
        p1_0.username,
        p1_0.version,
        ce1_0.short_name,
        ce1_0.status,
        ce1_0.updated_at,
        ce1_0.updated_by,
        ce1_0.version 
    from
        uniclub.clubs ce1_0 
    left join
        uniclub.users p1_0 
            on p1_0.id=ce1_0.president_id 
    where
        ce1_0.president_id=?
2025-11-25 17:33:26.515 [trace:8264f206-05a0-4552-9489-a461f1722100] [user:admin] [role:[]] [op:] INFO  c.uniClub.logging.MDCLoggingFilter - REQUEST
traceId=8264f206-05a0-4552-9489-a461f1722100 | method=GET | uri=/api/clubs | ip=0:0:0:0:0:0:0:1
headers=[host=localhost:8080, connection=keep-alive, sec-ch-ua-platform="Windows", authorization=Bearer eyJhbGciOiJIUzI1NiJ9.eyJyb2xlIjoiQURNSU4iLCJzdWIiOiJhZG1pbiIsImlhdCI6MTc2NDA3ODkzMCwiZXhwIjoxNzY0MDg2MTMwfQ.Cj2OzDlXyrl1NHTrGL1vmTGF7YFmlFUjapn5i1RXbys, user-agent=Mozilla/5.0 (Windows NT 10.0; Win64; x64) AppleWebKit/537.36 (KHTML, like Gecko) Chrome/142.0.0.0 Safari/537.36, accept=application/json, text/plain, */*, sec-ch-ua="Chromium";v="142", "Google Chrome";v="142", "Not_A Brand";v="99", sec-ch-ua-mobile=?0, origin=http://localhost:5173, sec-fetch-site=same-site, sec-fetch-mode=cors, sec-fetch-dest=empty, referer=http://localhost:5173/, accept-encoding=gzip, deflate, br, zstd, accept-language=tr-TR,tr;q=0.9,en-US;q=0.8,en;q=0.7, ]
body=(empty)

2025-11-25 17:33:26.516 [trace:8264f206-05a0-4552-9489-a461f1722100] [user:admin] [role:[]] [op:FIND_ALL_CLUBS] INFO  com.uniClub.logging.LoggingAspect - START [FIND_ALL_CLUBS] -> Method: ClubServiceImpl.getAllPaged(..), Args: [Page request [number: 0, size 5, sort: clubName: ASC]]
2025-11-25 17:33:26.518 [trace:8264f206-05a0-4552-9489-a461f1722100] [user:admin] [role:[]] [op:FIND_ALL_CLUBS] DEBUG org.hibernate.SQL - 
    select
        ce1_0.id,
        ce1_0.approved,
        ce1_0.club_name,
        ce1_0.created_at,
        ce1_0.created_by,
        ce1_0.description,
        ce1_0.email,
        ce1_0.foundation_date,
        ce1_0.instagram,
        ce1_0.logo_url,
        ce1_0.phone,
        ce1_0.president_id,
        ce1_0.short_name,
        ce1_0.status,
        ce1_0.updated_at,
        ce1_0.updated_by,
        ce1_0.version 
    from
        uniclub.clubs ce1_0 
    order by
        ce1_0.club_name 
    offset
        ? rows 
    fetch
        first ? rows only
2025-11-25 17:33:26.521 [trace:8264f206-05a0-4552-9489-a461f1722100] [user:admin] [role:[]] [op:FIND_ALL_CLUBS] INFO  com.uniClub.logging.LoggingAspect - END [FIND_ALL_CLUBS] -> Duration: 4 ms
2025-11-25 17:33:26.522 [trace:8264f206-05a0-4552-9489-a461f1722100] [user:admin] [role:[]] [op:] INFO  c.uniClub.logging.MDCLoggingFilter - RESPONSE
traceId=8264f206-05a0-4552-9489-a461f1722100 | status=200 | duration=8ms
body={"status":200,"payload":{"content":[{"id":1,"clubName":"Yalova Yazılım ve Teknoloji Kulübü","shortName":"YYTK","logoUrl":"https://uniclub.yalova.edu.tr/logos/yytk.png","foundationDate":"2022-09-15","email":"yytk@yalova.edu.tr","phone":"+905551112233","instagram":"instagram.com/yytk","approved":"true","presidentId":null,"presidentUsername":null,"createdAt":"2025-11-22","status":"Terminated"}],"pageNumber":0,"pageSize":5,"totalElements":1,"totalPages":1,"last":true}}

2025-11-25 17:33:26.531 [trace:] [user:] [role:] [op:] DEBUG org.hibernate.SQL - 
    select
        ue1_0.id,
        ue1_0.created_at,
        ue1_0.created_by,
        ue1_0.email,
        ue1_0.password,
        ue1_0.role,
        ue1_0.updated_at,
        ue1_0.updated_by,
        ue1_0.username,
        ue1_0.version 
    from
        uniclub.users ue1_0 
    where
        ue1_0.username=?
2025-11-25 17:33:26.533 [trace:] [user:] [role:] [op:] DEBUG org.hibernate.SQL - 
    select
        ce1_0.id,
        ce1_0.approved,
        ce1_0.club_name,
        ce1_0.created_at,
        ce1_0.created_by,
        ce1_0.description,
        ce1_0.email,
        ce1_0.foundation_date,
        ce1_0.instagram,
        ce1_0.logo_url,
        ce1_0.phone,
        p1_0.id,
        p1_0.created_at,
        p1_0.created_by,
        p1_0.email,
        p1_0.password,
        p1_0.role,
        p1_0.updated_at,
        p1_0.updated_by,
        p1_0.username,
        p1_0.version,
        ce1_0.short_name,
        ce1_0.status,
        ce1_0.updated_at,
        ce1_0.updated_by,
        ce1_0.version 
    from
        uniclub.clubs ce1_0 
    left join
        uniclub.users p1_0 
            on p1_0.id=ce1_0.president_id 
    where
        ce1_0.president_id=?
2025-11-25 17:33:26.537 [trace:4f47e33a-2e2c-4584-816f-edc4090b7769] [user:admin] [role:[]] [op:] INFO  c.uniClub.logging.MDCLoggingFilter - REQUEST
traceId=4f47e33a-2e2c-4584-816f-edc4090b7769 | method=GET | uri=/api/clubs | ip=0:0:0:0:0:0:0:1
headers=[host=localhost:8080, connection=keep-alive, sec-ch-ua-platform="Windows", authorization=Bearer eyJhbGciOiJIUzI1NiJ9.eyJyb2xlIjoiQURNSU4iLCJzdWIiOiJhZG1pbiIsImlhdCI6MTc2NDA3ODkzMCwiZXhwIjoxNzY0MDg2MTMwfQ.Cj2OzDlXyrl1NHTrGL1vmTGF7YFmlFUjapn5i1RXbys, user-agent=Mozilla/5.0 (Windows NT 10.0; Win64; x64) AppleWebKit/537.36 (KHTML, like Gecko) Chrome/142.0.0.0 Safari/537.36, accept=application/json, text/plain, */*, sec-ch-ua="Chromium";v="142", "Google Chrome";v="142", "Not_A Brand";v="99", sec-ch-ua-mobile=?0, origin=http://localhost:5173, sec-fetch-site=same-site, sec-fetch-mode=cors, sec-fetch-dest=empty, referer=http://localhost:5173/, accept-encoding=gzip, deflate, br, zstd, accept-language=tr-TR,tr;q=0.9,en-US;q=0.8,en;q=0.7, ]
body=(empty)

2025-11-25 17:33:26.540 [trace:4f47e33a-2e2c-4584-816f-edc4090b7769] [user:admin] [role:[]] [op:FIND_ALL_CLUBS] INFO  com.uniClub.logging.LoggingAspect - START [FIND_ALL_CLUBS] -> Method: ClubServiceImpl.getAllPaged(..), Args: [Page request [number: 0, size 5, sort: clubName: ASC]]
2025-11-25 17:33:26.541 [trace:4f47e33a-2e2c-4584-816f-edc4090b7769] [user:admin] [role:[]] [op:FIND_ALL_CLUBS] DEBUG org.hibernate.SQL - 
    select
        ce1_0.id,
        ce1_0.approved,
        ce1_0.club_name,
        ce1_0.created_at,
        ce1_0.created_by,
        ce1_0.description,
        ce1_0.email,
        ce1_0.foundation_date,
        ce1_0.instagram,
        ce1_0.logo_url,
        ce1_0.phone,
        ce1_0.president_id,
        ce1_0.short_name,
        ce1_0.status,
        ce1_0.updated_at,
        ce1_0.updated_by,
        ce1_0.version 
    from
        uniclub.clubs ce1_0 
    order by
        ce1_0.club_name 
    offset
        ? rows 
    fetch
        first ? rows only
2025-11-25 17:33:26.543 [trace:4f47e33a-2e2c-4584-816f-edc4090b7769] [user:admin] [role:[]] [op:FIND_ALL_CLUBS] INFO  com.uniClub.logging.LoggingAspect - END [FIND_ALL_CLUBS] -> Duration: 3 ms
2025-11-25 17:33:26.545 [trace:4f47e33a-2e2c-4584-816f-edc4090b7769] [user:admin] [role:[]] [op:] INFO  c.uniClub.logging.MDCLoggingFilter - RESPONSE
traceId=4f47e33a-2e2c-4584-816f-edc4090b7769 | status=200 | duration=8ms
body={"status":200,"payload":{"content":[{"id":1,"clubName":"Yalova Yazılım ve Teknoloji Kulübü","shortName":"YYTK","logoUrl":"https://uniclub.yalova.edu.tr/logos/yytk.png","foundationDate":"2022-09-15","email":"yytk@yalova.edu.tr","phone":"+905551112233","instagram":"instagram.com/yytk","approved":"true","presidentId":null,"presidentUsername":null,"createdAt":"2025-11-22","status":"Terminated"}],"pageNumber":0,"pageSize":5,"totalElements":1,"totalPages":1,"last":true}}

2025-11-25 17:33:38.329 [trace:] [user:] [role:] [op:] DEBUG org.hibernate.SQL - 
    select
        ue1_0.id,
        ue1_0.created_at,
        ue1_0.created_by,
        ue1_0.email,
        ue1_0.password,
        ue1_0.role,
        ue1_0.updated_at,
        ue1_0.updated_by,
        ue1_0.username,
        ue1_0.version 
    from
        uniclub.users ue1_0 
    where
        ue1_0.username=?
2025-11-25 17:33:38.330 [trace:] [user:] [role:] [op:] DEBUG org.hibernate.SQL - 
    select
        ce1_0.id,
        ce1_0.approved,
        ce1_0.club_name,
        ce1_0.created_at,
        ce1_0.created_by,
        ce1_0.description,
        ce1_0.email,
        ce1_0.foundation_date,
        ce1_0.instagram,
        ce1_0.logo_url,
        ce1_0.phone,
        p1_0.id,
        p1_0.created_at,
        p1_0.created_by,
        p1_0.email,
        p1_0.password,
        p1_0.role,
        p1_0.updated_at,
        p1_0.updated_by,
        p1_0.username,
        p1_0.version,
        ce1_0.short_name,
        ce1_0.status,
        ce1_0.updated_at,
        ce1_0.updated_by,
        ce1_0.version 
    from
        uniclub.clubs ce1_0 
    left join
        uniclub.users p1_0 
            on p1_0.id=ce1_0.president_id 
    where
        ce1_0.president_id=?
2025-11-25 17:33:38.336 [trace:3fce744a-8d88-4c84-9b14-4aa101312712] [user:admin] [role:[]] [op:] INFO  c.uniClub.logging.MDCLoggingFilter - REQUEST
traceId=3fce744a-8d88-4c84-9b14-4aa101312712 | method=GET | uri=/api/clubs | ip=0:0:0:0:0:0:0:1
headers=[host=localhost:8080, connection=keep-alive, sec-ch-ua-platform="Windows", authorization=Bearer eyJhbGciOiJIUzI1NiJ9.eyJyb2xlIjoiQURNSU4iLCJzdWIiOiJhZG1pbiIsImlhdCI6MTc2NDA3ODkzMCwiZXhwIjoxNzY0MDg2MTMwfQ.Cj2OzDlXyrl1NHTrGL1vmTGF7YFmlFUjapn5i1RXbys, user-agent=Mozilla/5.0 (Windows NT 10.0; Win64; x64) AppleWebKit/537.36 (KHTML, like Gecko) Chrome/142.0.0.0 Safari/537.36, accept=application/json, text/plain, */*, sec-ch-ua="Chromium";v="142", "Google Chrome";v="142", "Not_A Brand";v="99", sec-ch-ua-mobile=?0, origin=http://localhost:5173, sec-fetch-site=same-site, sec-fetch-mode=cors, sec-fetch-dest=empty, referer=http://localhost:5173/, accept-encoding=gzip, deflate, br, zstd, accept-language=tr-TR,tr;q=0.9,en-US;q=0.8,en;q=0.7, ]
body=(empty)

2025-11-25 17:33:38.339 [trace:3fce744a-8d88-4c84-9b14-4aa101312712] [user:admin] [role:[]] [op:FIND_ALL_CLUBS] INFO  com.uniClub.logging.LoggingAspect - START [FIND_ALL_CLUBS] -> Method: ClubServiceImpl.getAllPaged(..), Args: [Page request [number: 0, size 5, sort: clubName: ASC]]
2025-11-25 17:33:38.340 [trace:3fce744a-8d88-4c84-9b14-4aa101312712] [user:admin] [role:[]] [op:FIND_ALL_CLUBS] DEBUG org.hibernate.SQL - 
    select
        ce1_0.id,
        ce1_0.approved,
        ce1_0.club_name,
        ce1_0.created_at,
        ce1_0.created_by,
        ce1_0.description,
        ce1_0.email,
        ce1_0.foundation_date,
        ce1_0.instagram,
        ce1_0.logo_url,
        ce1_0.phone,
        ce1_0.president_id,
        ce1_0.short_name,
        ce1_0.status,
        ce1_0.updated_at,
        ce1_0.updated_by,
        ce1_0.version 
    from
        uniclub.clubs ce1_0 
    order by
        ce1_0.club_name 
    offset
        ? rows 
    fetch
        first ? rows only
2025-11-25 17:33:38.343 [trace:3fce744a-8d88-4c84-9b14-4aa101312712] [user:admin] [role:[]] [op:FIND_ALL_CLUBS] INFO  com.uniClub.logging.LoggingAspect - END [FIND_ALL_CLUBS] -> Duration: 4 ms
2025-11-25 17:33:38.345 [trace:3fce744a-8d88-4c84-9b14-4aa101312712] [user:admin] [role:[]] [op:] INFO  c.uniClub.logging.MDCLoggingFilter - RESPONSE
traceId=3fce744a-8d88-4c84-9b14-4aa101312712 | status=200 | duration=9ms
body={"status":200,"payload":{"content":[{"id":1,"clubName":"Yalova Yazılım ve Teknoloji Kulübü","shortName":"YYTK","logoUrl":"https://uniclub.yalova.edu.tr/logos/yytk.png","foundationDate":"2022-09-15","email":"yytk@yalova.edu.tr","phone":"+905551112233","instagram":"instagram.com/yytk","approved":"true","presidentId":null,"presidentUsername":null,"createdAt":"2025-11-22","status":"Terminated"}],"pageNumber":0,"pageSize":5,"totalElements":1,"totalPages":1,"last":true}}

2025-11-25 17:33:38.352 [trace:] [user:] [role:] [op:] DEBUG org.hibernate.SQL - 
    select
        ue1_0.id,
        ue1_0.created_at,
        ue1_0.created_by,
        ue1_0.email,
        ue1_0.password,
        ue1_0.role,
        ue1_0.updated_at,
        ue1_0.updated_by,
        ue1_0.username,
        ue1_0.version 
    from
        uniclub.users ue1_0 
    where
        ue1_0.username=?
2025-11-25 17:33:38.353 [trace:] [user:] [role:] [op:] DEBUG org.hibernate.SQL - 
    select
        ce1_0.id,
        ce1_0.approved,
        ce1_0.club_name,
        ce1_0.created_at,
        ce1_0.created_by,
        ce1_0.description,
        ce1_0.email,
        ce1_0.foundation_date,
        ce1_0.instagram,
        ce1_0.logo_url,
        ce1_0.phone,
        p1_0.id,
        p1_0.created_at,
        p1_0.created_by,
        p1_0.email,
        p1_0.password,
        p1_0.role,
        p1_0.updated_at,
        p1_0.updated_by,
        p1_0.username,
        p1_0.version,
        ce1_0.short_name,
        ce1_0.status,
        ce1_0.updated_at,
        ce1_0.updated_by,
        ce1_0.version 
    from
        uniclub.clubs ce1_0 
    left join
        uniclub.users p1_0 
            on p1_0.id=ce1_0.president_id 
    where
        ce1_0.president_id=?
2025-11-25 17:33:38.358 [trace:659cef1e-9a88-4133-98c5-5efdda7380c5] [user:admin] [role:[]] [op:] INFO  c.uniClub.logging.MDCLoggingFilter - REQUEST
traceId=659cef1e-9a88-4133-98c5-5efdda7380c5 | method=GET | uri=/api/clubs | ip=0:0:0:0:0:0:0:1
headers=[host=localhost:8080, connection=keep-alive, sec-ch-ua-platform="Windows", authorization=Bearer eyJhbGciOiJIUzI1NiJ9.eyJyb2xlIjoiQURNSU4iLCJzdWIiOiJhZG1pbiIsImlhdCI6MTc2NDA3ODkzMCwiZXhwIjoxNzY0MDg2MTMwfQ.Cj2OzDlXyrl1NHTrGL1vmTGF7YFmlFUjapn5i1RXbys, user-agent=Mozilla/5.0 (Windows NT 10.0; Win64; x64) AppleWebKit/537.36 (KHTML, like Gecko) Chrome/142.0.0.0 Safari/537.36, accept=application/json, text/plain, */*, sec-ch-ua="Chromium";v="142", "Google Chrome";v="142", "Not_A Brand";v="99", sec-ch-ua-mobile=?0, origin=http://localhost:5173, sec-fetch-site=same-site, sec-fetch-mode=cors, sec-fetch-dest=empty, referer=http://localhost:5173/, accept-encoding=gzip, deflate, br, zstd, accept-language=tr-TR,tr;q=0.9,en-US;q=0.8,en;q=0.7, ]
body=(empty)

2025-11-25 17:33:38.360 [trace:659cef1e-9a88-4133-98c5-5efdda7380c5] [user:admin] [role:[]] [op:FIND_ALL_CLUBS] INFO  com.uniClub.logging.LoggingAspect - START [FIND_ALL_CLUBS] -> Method: ClubServiceImpl.getAllPaged(..), Args: [Page request [number: 0, size 5, sort: clubName: ASC]]
2025-11-25 17:33:38.363 [trace:659cef1e-9a88-4133-98c5-5efdda7380c5] [user:admin] [role:[]] [op:FIND_ALL_CLUBS] DEBUG org.hibernate.SQL - 
    select
        ce1_0.id,
        ce1_0.approved,
        ce1_0.club_name,
        ce1_0.created_at,
        ce1_0.created_by,
        ce1_0.description,
        ce1_0.email,
        ce1_0.foundation_date,
        ce1_0.instagram,
        ce1_0.logo_url,
        ce1_0.phone,
        ce1_0.president_id,
        ce1_0.short_name,
        ce1_0.status,
        ce1_0.updated_at,
        ce1_0.updated_by,
        ce1_0.version 
    from
        uniclub.clubs ce1_0 
    order by
        ce1_0.club_name 
    offset
        ? rows 
    fetch
        first ? rows only
2025-11-25 17:33:38.365 [trace:659cef1e-9a88-4133-98c5-5efdda7380c5] [user:admin] [role:[]] [op:FIND_ALL_CLUBS] INFO  com.uniClub.logging.LoggingAspect - END [FIND_ALL_CLUBS] -> Duration: 5 ms
2025-11-25 17:33:38.366 [trace:659cef1e-9a88-4133-98c5-5efdda7380c5] [user:admin] [role:[]] [op:] INFO  c.uniClub.logging.MDCLoggingFilter - RESPONSE
traceId=659cef1e-9a88-4133-98c5-5efdda7380c5 | status=200 | duration=8ms
body={"status":200,"payload":{"content":[{"id":1,"clubName":"Yalova Yazılım ve Teknoloji Kulübü","shortName":"YYTK","logoUrl":"https://uniclub.yalova.edu.tr/logos/yytk.png","foundationDate":"2022-09-15","email":"yytk@yalova.edu.tr","phone":"+905551112233","instagram":"instagram.com/yytk","approved":"true","presidentId":null,"presidentUsername":null,"createdAt":"2025-11-22","status":"Terminated"}],"pageNumber":0,"pageSize":5,"totalElements":1,"totalPages":1,"last":true}}

2025-11-25 17:33:42.144 [trace:] [user:] [role:] [op:] DEBUG org.hibernate.SQL - 
    select
        ue1_0.id,
        ue1_0.created_at,
        ue1_0.created_by,
        ue1_0.email,
        ue1_0.password,
        ue1_0.role,
        ue1_0.updated_at,
        ue1_0.updated_by,
        ue1_0.username,
        ue1_0.version 
    from
        uniclub.users ue1_0 
    where
        ue1_0.username=?
2025-11-25 17:33:42.145 [trace:] [user:] [role:] [op:] DEBUG org.hibernate.SQL - 
    select
        ce1_0.id,
        ce1_0.approved,
        ce1_0.club_name,
        ce1_0.created_at,
        ce1_0.created_by,
        ce1_0.description,
        ce1_0.email,
        ce1_0.foundation_date,
        ce1_0.instagram,
        ce1_0.logo_url,
        ce1_0.phone,
        p1_0.id,
        p1_0.created_at,
        p1_0.created_by,
        p1_0.email,
        p1_0.password,
        p1_0.role,
        p1_0.updated_at,
        p1_0.updated_by,
        p1_0.username,
        p1_0.version,
        ce1_0.short_name,
        ce1_0.status,
        ce1_0.updated_at,
        ce1_0.updated_by,
        ce1_0.version 
    from
        uniclub.clubs ce1_0 
    left join
        uniclub.users p1_0 
            on p1_0.id=ce1_0.president_id 
    where
        ce1_0.president_id=?
2025-11-25 17:33:42.149 [trace:5901d299-3969-4174-94a5-e0851984c6cb] [user:admin] [role:[]] [op:] INFO  c.uniClub.logging.MDCLoggingFilter - REQUEST
traceId=5901d299-3969-4174-94a5-e0851984c6cb | method=GET | uri=/api/clubs | ip=0:0:0:0:0:0:0:1
headers=[host=localhost:8080, connection=keep-alive, sec-ch-ua-platform="Windows", authorization=Bearer eyJhbGciOiJIUzI1NiJ9.eyJyb2xlIjoiQURNSU4iLCJzdWIiOiJhZG1pbiIsImlhdCI6MTc2NDA3ODkzMCwiZXhwIjoxNzY0MDg2MTMwfQ.Cj2OzDlXyrl1NHTrGL1vmTGF7YFmlFUjapn5i1RXbys, user-agent=Mozilla/5.0 (Windows NT 10.0; Win64; x64) AppleWebKit/537.36 (KHTML, like Gecko) Chrome/142.0.0.0 Safari/537.36, accept=application/json, text/plain, */*, sec-ch-ua="Chromium";v="142", "Google Chrome";v="142", "Not_A Brand";v="99", sec-ch-ua-mobile=?0, origin=http://localhost:5173, sec-fetch-site=same-site, sec-fetch-mode=cors, sec-fetch-dest=empty, referer=http://localhost:5173/, accept-encoding=gzip, deflate, br, zstd, accept-language=tr-TR,tr;q=0.9,en-US;q=0.8,en;q=0.7, ]
body=(empty)

2025-11-25 17:33:42.151 [trace:5901d299-3969-4174-94a5-e0851984c6cb] [user:admin] [role:[]] [op:FIND_ALL_CLUBS] INFO  com.uniClub.logging.LoggingAspect - START [FIND_ALL_CLUBS] -> Method: ClubServiceImpl.getAllPaged(..), Args: [Page request [number: 0, size 5, sort: clubName: ASC]]
2025-11-25 17:33:42.151 [trace:5901d299-3969-4174-94a5-e0851984c6cb] [user:admin] [role:[]] [op:FIND_ALL_CLUBS] DEBUG org.hibernate.SQL - 
    select
        ce1_0.id,
        ce1_0.approved,
        ce1_0.club_name,
        ce1_0.created_at,
        ce1_0.created_by,
        ce1_0.description,
        ce1_0.email,
        ce1_0.foundation_date,
        ce1_0.instagram,
        ce1_0.logo_url,
        ce1_0.phone,
        ce1_0.president_id,
        ce1_0.short_name,
        ce1_0.status,
        ce1_0.updated_at,
        ce1_0.updated_by,
        ce1_0.version 
    from
        uniclub.clubs ce1_0 
    order by
        ce1_0.club_name 
    offset
        ? rows 
    fetch
        first ? rows only
2025-11-25 17:33:42.151 [trace:5901d299-3969-4174-94a5-e0851984c6cb] [user:admin] [role:[]] [op:FIND_ALL_CLUBS] INFO  com.uniClub.logging.LoggingAspect - END [FIND_ALL_CLUBS] -> Duration: 2 ms
2025-11-25 17:33:42.151 [trace:5901d299-3969-4174-94a5-e0851984c6cb] [user:admin] [role:[]] [op:] INFO  c.uniClub.logging.MDCLoggingFilter - RESPONSE
traceId=5901d299-3969-4174-94a5-e0851984c6cb | status=200 | duration=2ms
body={"status":200,"payload":{"content":[{"id":1,"clubName":"Yalova Yazılım ve Teknoloji Kulübü","shortName":"YYTK","logoUrl":"https://uniclub.yalova.edu.tr/logos/yytk.png","foundationDate":"2022-09-15","email":"yytk@yalova.edu.tr","phone":"+905551112233","instagram":"instagram.com/yytk","approved":"true","presidentId":null,"presidentUsername":null,"createdAt":"2025-11-22","status":"Terminated"}],"pageNumber":0,"pageSize":5,"totalElements":1,"totalPages":1,"last":true}}

2025-11-25 17:33:42.160 [trace:] [user:] [role:] [op:] DEBUG org.hibernate.SQL - 
    select
        ue1_0.id,
        ue1_0.created_at,
        ue1_0.created_by,
        ue1_0.email,
        ue1_0.password,
        ue1_0.role,
        ue1_0.updated_at,
        ue1_0.updated_by,
        ue1_0.username,
        ue1_0.version 
    from
        uniclub.users ue1_0 
    where
        ue1_0.username=?
2025-11-25 17:33:42.162 [trace:] [user:] [role:] [op:] DEBUG org.hibernate.SQL - 
    select
        ce1_0.id,
        ce1_0.approved,
        ce1_0.club_name,
        ce1_0.created_at,
        ce1_0.created_by,
        ce1_0.description,
        ce1_0.email,
        ce1_0.foundation_date,
        ce1_0.instagram,
        ce1_0.logo_url,
        ce1_0.phone,
        p1_0.id,
        p1_0.created_at,
        p1_0.created_by,
        p1_0.email,
        p1_0.password,
        p1_0.role,
        p1_0.updated_at,
        p1_0.updated_by,
        p1_0.username,
        p1_0.version,
        ce1_0.short_name,
        ce1_0.status,
        ce1_0.updated_at,
        ce1_0.updated_by,
        ce1_0.version 
    from
        uniclub.clubs ce1_0 
    left join
        uniclub.users p1_0 
            on p1_0.id=ce1_0.president_id 
    where
        ce1_0.president_id=?
2025-11-25 17:33:42.167 [trace:e12c6b16-b1d0-4022-83c6-32533207ff29] [user:admin] [role:[]] [op:] INFO  c.uniClub.logging.MDCLoggingFilter - REQUEST
traceId=e12c6b16-b1d0-4022-83c6-32533207ff29 | method=GET | uri=/api/clubs | ip=0:0:0:0:0:0:0:1
headers=[host=localhost:8080, connection=keep-alive, sec-ch-ua-platform="Windows", authorization=Bearer eyJhbGciOiJIUzI1NiJ9.eyJyb2xlIjoiQURNSU4iLCJzdWIiOiJhZG1pbiIsImlhdCI6MTc2NDA3ODkzMCwiZXhwIjoxNzY0MDg2MTMwfQ.Cj2OzDlXyrl1NHTrGL1vmTGF7YFmlFUjapn5i1RXbys, user-agent=Mozilla/5.0 (Windows NT 10.0; Win64; x64) AppleWebKit/537.36 (KHTML, like Gecko) Chrome/142.0.0.0 Safari/537.36, accept=application/json, text/plain, */*, sec-ch-ua="Chromium";v="142", "Google Chrome";v="142", "Not_A Brand";v="99", sec-ch-ua-mobile=?0, origin=http://localhost:5173, sec-fetch-site=same-site, sec-fetch-mode=cors, sec-fetch-dest=empty, referer=http://localhost:5173/, accept-encoding=gzip, deflate, br, zstd, accept-language=tr-TR,tr;q=0.9,en-US;q=0.8,en;q=0.7, ]
body=(empty)

2025-11-25 17:33:42.168 [trace:e12c6b16-b1d0-4022-83c6-32533207ff29] [user:admin] [role:[]] [op:FIND_ALL_CLUBS] INFO  com.uniClub.logging.LoggingAspect - START [FIND_ALL_CLUBS] -> Method: ClubServiceImpl.getAllPaged(..), Args: [Page request [number: 0, size 5, sort: clubName: ASC]]
2025-11-25 17:33:42.170 [trace:e12c6b16-b1d0-4022-83c6-32533207ff29] [user:admin] [role:[]] [op:FIND_ALL_CLUBS] DEBUG org.hibernate.SQL - 
    select
        ce1_0.id,
        ce1_0.approved,
        ce1_0.club_name,
        ce1_0.created_at,
        ce1_0.created_by,
        ce1_0.description,
        ce1_0.email,
        ce1_0.foundation_date,
        ce1_0.instagram,
        ce1_0.logo_url,
        ce1_0.phone,
        ce1_0.president_id,
        ce1_0.short_name,
        ce1_0.status,
        ce1_0.updated_at,
        ce1_0.updated_by,
        ce1_0.version 
    from
        uniclub.clubs ce1_0 
    order by
        ce1_0.club_name 
    offset
        ? rows 
    fetch
        first ? rows only
2025-11-25 17:33:42.171 [trace:e12c6b16-b1d0-4022-83c6-32533207ff29] [user:admin] [role:[]] [op:FIND_ALL_CLUBS] INFO  com.uniClub.logging.LoggingAspect - END [FIND_ALL_CLUBS] -> Duration: 3 ms
2025-11-25 17:33:42.173 [trace:e12c6b16-b1d0-4022-83c6-32533207ff29] [user:admin] [role:[]] [op:] INFO  c.uniClub.logging.MDCLoggingFilter - RESPONSE
traceId=e12c6b16-b1d0-4022-83c6-32533207ff29 | status=200 | duration=6ms
body={"status":200,"payload":{"content":[{"id":1,"clubName":"Yalova Yazılım ve Teknoloji Kulübü","shortName":"YYTK","logoUrl":"https://uniclub.yalova.edu.tr/logos/yytk.png","foundationDate":"2022-09-15","email":"yytk@yalova.edu.tr","phone":"+905551112233","instagram":"instagram.com/yytk","approved":"true","presidentId":null,"presidentUsername":null,"createdAt":"2025-11-22","status":"Terminated"}],"pageNumber":0,"pageSize":5,"totalElements":1,"totalPages":1,"last":true}}

2025-11-25 17:33:45.625 [trace:] [user:] [role:] [op:] DEBUG org.hibernate.SQL - 
    select
        ue1_0.id,
        ue1_0.created_at,
        ue1_0.created_by,
        ue1_0.email,
        ue1_0.password,
        ue1_0.role,
        ue1_0.updated_at,
        ue1_0.updated_by,
        ue1_0.username,
        ue1_0.version 
    from
        uniclub.users ue1_0 
    where
        ue1_0.username=?
2025-11-25 17:33:45.627 [trace:] [user:] [role:] [op:] DEBUG org.hibernate.SQL - 
    select
        ce1_0.id,
        ce1_0.approved,
        ce1_0.club_name,
        ce1_0.created_at,
        ce1_0.created_by,
        ce1_0.description,
        ce1_0.email,
        ce1_0.foundation_date,
        ce1_0.instagram,
        ce1_0.logo_url,
        ce1_0.phone,
        p1_0.id,
        p1_0.created_at,
        p1_0.created_by,
        p1_0.email,
        p1_0.password,
        p1_0.role,
        p1_0.updated_at,
        p1_0.updated_by,
        p1_0.username,
        p1_0.version,
        ce1_0.short_name,
        ce1_0.status,
        ce1_0.updated_at,
        ce1_0.updated_by,
        ce1_0.version 
    from
        uniclub.clubs ce1_0 
    left join
        uniclub.users p1_0 
            on p1_0.id=ce1_0.president_id 
    where
        ce1_0.president_id=?
2025-11-25 17:33:45.632 [trace:fe379118-9ac6-41b5-a225-0ddc3bbee33d] [user:admin] [role:[]] [op:] INFO  c.uniClub.logging.MDCLoggingFilter - REQUEST
traceId=fe379118-9ac6-41b5-a225-0ddc3bbee33d | method=GET | uri=/api/clubs | ip=0:0:0:0:0:0:0:1
headers=[host=localhost:8080, connection=keep-alive, sec-ch-ua-platform="Android", authorization=Bearer eyJhbGciOiJIUzI1NiJ9.eyJyb2xlIjoiQURNSU4iLCJzdWIiOiJhZG1pbiIsImlhdCI6MTc2NDA3ODkzMCwiZXhwIjoxNzY0MDg2MTMwfQ.Cj2OzDlXyrl1NHTrGL1vmTGF7YFmlFUjapn5i1RXbys, user-agent=Mozilla/5.0 (Linux; Android 6.0; Nexus 5 Build/MRA58N) AppleWebKit/537.36 (KHTML, like Gecko) Chrome/142.0.0.0 Mobile Safari/537.36, accept=application/json, text/plain, */*, sec-ch-ua="Chromium";v="142", "Google Chrome";v="142", "Not_A Brand";v="99", sec-ch-ua-mobile=?1, origin=http://localhost:5173, sec-fetch-site=same-site, sec-fetch-mode=cors, sec-fetch-dest=empty, referer=http://localhost:5173/, accept-encoding=gzip, deflate, br, zstd, accept-language=tr-TR,tr;q=0.9,en-US;q=0.8,en;q=0.7, ]
body=(empty)

2025-11-25 17:33:45.633 [trace:fe379118-9ac6-41b5-a225-0ddc3bbee33d] [user:admin] [role:[]] [op:FIND_ALL_CLUBS] INFO  com.uniClub.logging.LoggingAspect - START [FIND_ALL_CLUBS] -> Method: ClubServiceImpl.getAllPaged(..), Args: [Page request [number: 0, size 5, sort: clubName: ASC]]
2025-11-25 17:33:45.635 [trace:fe379118-9ac6-41b5-a225-0ddc3bbee33d] [user:admin] [role:[]] [op:FIND_ALL_CLUBS] DEBUG org.hibernate.SQL - 
    select
        ce1_0.id,
        ce1_0.approved,
        ce1_0.club_name,
        ce1_0.created_at,
        ce1_0.created_by,
        ce1_0.description,
        ce1_0.email,
        ce1_0.foundation_date,
        ce1_0.instagram,
        ce1_0.logo_url,
        ce1_0.phone,
        ce1_0.president_id,
        ce1_0.short_name,
        ce1_0.status,
        ce1_0.updated_at,
        ce1_0.updated_by,
        ce1_0.version 
    from
        uniclub.clubs ce1_0 
    order by
        ce1_0.club_name 
    offset
        ? rows 
    fetch
        first ? rows only
2025-11-25 17:33:45.636 [trace:fe379118-9ac6-41b5-a225-0ddc3bbee33d] [user:admin] [role:[]] [op:FIND_ALL_CLUBS] INFO  com.uniClub.logging.LoggingAspect - END [FIND_ALL_CLUBS] -> Duration: 3 ms
2025-11-25 17:33:45.638 [trace:fe379118-9ac6-41b5-a225-0ddc3bbee33d] [user:admin] [role:[]] [op:] INFO  c.uniClub.logging.MDCLoggingFilter - RESPONSE
traceId=fe379118-9ac6-41b5-a225-0ddc3bbee33d | status=200 | duration=7ms
body={"status":200,"payload":{"content":[{"id":1,"clubName":"Yalova Yazılım ve Teknoloji Kulübü","shortName":"YYTK","logoUrl":"https://uniclub.yalova.edu.tr/logos/yytk.png","foundationDate":"2022-09-15","email":"yytk@yalova.edu.tr","phone":"+905551112233","instagram":"instagram.com/yytk","approved":"true","presidentId":null,"presidentUsername":null,"createdAt":"2025-11-22","status":"Terminated"}],"pageNumber":0,"pageSize":5,"totalElements":1,"totalPages":1,"last":true}}

2025-11-25 17:33:45.644 [trace:] [user:] [role:] [op:] DEBUG org.hibernate.SQL - 
    select
        ue1_0.id,
        ue1_0.created_at,
        ue1_0.created_by,
        ue1_0.email,
        ue1_0.password,
        ue1_0.role,
        ue1_0.updated_at,
        ue1_0.updated_by,
        ue1_0.username,
        ue1_0.version 
    from
        uniclub.users ue1_0 
    where
        ue1_0.username=?
2025-11-25 17:33:45.645 [trace:] [user:] [role:] [op:] DEBUG org.hibernate.SQL - 
    select
        ce1_0.id,
        ce1_0.approved,
        ce1_0.club_name,
        ce1_0.created_at,
        ce1_0.created_by,
        ce1_0.description,
        ce1_0.email,
        ce1_0.foundation_date,
        ce1_0.instagram,
        ce1_0.logo_url,
        ce1_0.phone,
        p1_0.id,
        p1_0.created_at,
        p1_0.created_by,
        p1_0.email,
        p1_0.password,
        p1_0.role,
        p1_0.updated_at,
        p1_0.updated_by,
        p1_0.username,
        p1_0.version,
        ce1_0.short_name,
        ce1_0.status,
        ce1_0.updated_at,
        ce1_0.updated_by,
        ce1_0.version 
    from
        uniclub.clubs ce1_0 
    left join
        uniclub.users p1_0 
            on p1_0.id=ce1_0.president_id 
    where
        ce1_0.president_id=?
2025-11-25 17:33:45.650 [trace:1f14e3b1-0ec8-4a53-9831-40b8cbc19cac] [user:admin] [role:[]] [op:] INFO  c.uniClub.logging.MDCLoggingFilter - REQUEST
traceId=1f14e3b1-0ec8-4a53-9831-40b8cbc19cac | method=GET | uri=/api/clubs | ip=0:0:0:0:0:0:0:1
headers=[host=localhost:8080, connection=keep-alive, sec-ch-ua-platform="Android", authorization=Bearer eyJhbGciOiJIUzI1NiJ9.eyJyb2xlIjoiQURNSU4iLCJzdWIiOiJhZG1pbiIsImlhdCI6MTc2NDA3ODkzMCwiZXhwIjoxNzY0MDg2MTMwfQ.Cj2OzDlXyrl1NHTrGL1vmTGF7YFmlFUjapn5i1RXbys, user-agent=Mozilla/5.0 (Linux; Android 6.0; Nexus 5 Build/MRA58N) AppleWebKit/537.36 (KHTML, like Gecko) Chrome/142.0.0.0 Mobile Safari/537.36, accept=application/json, text/plain, */*, sec-ch-ua="Chromium";v="142", "Google Chrome";v="142", "Not_A Brand";v="99", sec-ch-ua-mobile=?1, origin=http://localhost:5173, sec-fetch-site=same-site, sec-fetch-mode=cors, sec-fetch-dest=empty, referer=http://localhost:5173/, accept-encoding=gzip, deflate, br, zstd, accept-language=tr-TR,tr;q=0.9,en-US;q=0.8,en;q=0.7, ]
body=(empty)

2025-11-25 17:33:45.652 [trace:1f14e3b1-0ec8-4a53-9831-40b8cbc19cac] [user:admin] [role:[]] [op:FIND_ALL_CLUBS] INFO  com.uniClub.logging.LoggingAspect - START [FIND_ALL_CLUBS] -> Method: ClubServiceImpl.getAllPaged(..), Args: [Page request [number: 0, size 5, sort: clubName: ASC]]
2025-11-25 17:33:45.652 [trace:1f14e3b1-0ec8-4a53-9831-40b8cbc19cac] [user:admin] [role:[]] [op:FIND_ALL_CLUBS] DEBUG org.hibernate.SQL - 
    select
        ce1_0.id,
        ce1_0.approved,
        ce1_0.club_name,
        ce1_0.created_at,
        ce1_0.created_by,
        ce1_0.description,
        ce1_0.email,
        ce1_0.foundation_date,
        ce1_0.instagram,
        ce1_0.logo_url,
        ce1_0.phone,
        ce1_0.president_id,
        ce1_0.short_name,
        ce1_0.status,
        ce1_0.updated_at,
        ce1_0.updated_by,
        ce1_0.version 
    from
        uniclub.clubs ce1_0 
    order by
        ce1_0.club_name 
    offset
        ? rows 
    fetch
        first ? rows only
2025-11-25 17:33:45.657 [trace:1f14e3b1-0ec8-4a53-9831-40b8cbc19cac] [user:admin] [role:[]] [op:FIND_ALL_CLUBS] INFO  com.uniClub.logging.LoggingAspect - END [FIND_ALL_CLUBS] -> Duration: 6 ms
2025-11-25 17:33:45.659 [trace:1f14e3b1-0ec8-4a53-9831-40b8cbc19cac] [user:admin] [role:[]] [op:] INFO  c.uniClub.logging.MDCLoggingFilter - RESPONSE
traceId=1f14e3b1-0ec8-4a53-9831-40b8cbc19cac | status=200 | duration=9ms
body={"status":200,"payload":{"content":[{"id":1,"clubName":"Yalova Yazılım ve Teknoloji Kulübü","shortName":"YYTK","logoUrl":"https://uniclub.yalova.edu.tr/logos/yytk.png","foundationDate":"2022-09-15","email":"yytk@yalova.edu.tr","phone":"+905551112233","instagram":"instagram.com/yytk","approved":"true","presidentId":null,"presidentUsername":null,"createdAt":"2025-11-22","status":"Terminated"}],"pageNumber":0,"pageSize":5,"totalElements":1,"totalPages":1,"last":true}}

2025-11-25 17:39:43.483 [trace:] [user:] [role:] [op:] DEBUG org.hibernate.SQL - 
    select
        ue1_0.id,
        ue1_0.created_at,
        ue1_0.created_by,
        ue1_0.email,
        ue1_0.password,
        ue1_0.role,
        ue1_0.updated_at,
        ue1_0.updated_by,
        ue1_0.username,
        ue1_0.version 
    from
        uniclub.users ue1_0 
    where
        ue1_0.username=?
2025-11-25 17:39:43.485 [trace:] [user:] [role:] [op:] DEBUG org.hibernate.SQL - 
    select
        ce1_0.id,
        ce1_0.approved,
        ce1_0.club_name,
        ce1_0.created_at,
        ce1_0.created_by,
        ce1_0.description,
        ce1_0.email,
        ce1_0.foundation_date,
        ce1_0.instagram,
        ce1_0.logo_url,
        ce1_0.phone,
        p1_0.id,
        p1_0.created_at,
        p1_0.created_by,
        p1_0.email,
        p1_0.password,
        p1_0.role,
        p1_0.updated_at,
        p1_0.updated_by,
        p1_0.username,
        p1_0.version,
        ce1_0.short_name,
        ce1_0.status,
        ce1_0.updated_at,
        ce1_0.updated_by,
        ce1_0.version 
    from
        uniclub.clubs ce1_0 
    left join
        uniclub.users p1_0 
            on p1_0.id=ce1_0.president_id 
    where
        ce1_0.president_id=?
2025-11-25 17:39:43.493 [trace:cea1acbf-faa6-4988-a7b5-800fa448ba37] [user:admin] [role:[]] [op:] INFO  c.uniClub.logging.MDCLoggingFilter - REQUEST
traceId=cea1acbf-faa6-4988-a7b5-800fa448ba37 | method=GET | uri=/api/clubs | ip=0:0:0:0:0:0:0:1
headers=[host=localhost:8080, connection=keep-alive, sec-ch-ua-platform="Windows", authorization=Bearer eyJhbGciOiJIUzI1NiJ9.eyJyb2xlIjoiQURNSU4iLCJzdWIiOiJhZG1pbiIsImlhdCI6MTc2NDA3ODkzMCwiZXhwIjoxNzY0MDg2MTMwfQ.Cj2OzDlXyrl1NHTrGL1vmTGF7YFmlFUjapn5i1RXbys, user-agent=Mozilla/5.0 (Windows NT 10.0; Win64; x64) AppleWebKit/537.36 (KHTML, like Gecko) Chrome/142.0.0.0 Safari/537.36, accept=application/json, text/plain, */*, sec-ch-ua="Chromium";v="142", "Google Chrome";v="142", "Not_A Brand";v="99", sec-ch-ua-mobile=?0, origin=http://localhost:5173, sec-fetch-site=same-site, sec-fetch-mode=cors, sec-fetch-dest=empty, referer=http://localhost:5173/, accept-encoding=gzip, deflate, br, zstd, accept-language=tr-TR,tr;q=0.9,en-US;q=0.8,en;q=0.7, ]
body=(empty)

2025-11-25 17:39:43.496 [trace:cea1acbf-faa6-4988-a7b5-800fa448ba37] [user:admin] [role:[]] [op:FIND_ALL_CLUBS] INFO  com.uniClub.logging.LoggingAspect - START [FIND_ALL_CLUBS] -> Method: ClubServiceImpl.getAllPaged(..), Args: [Page request [number: 0, size 5, sort: clubName: ASC]]
2025-11-25 17:39:43.499 [trace:cea1acbf-faa6-4988-a7b5-800fa448ba37] [user:admin] [role:[]] [op:FIND_ALL_CLUBS] DEBUG org.hibernate.SQL - 
    select
        ce1_0.id,
        ce1_0.approved,
        ce1_0.club_name,
        ce1_0.created_at,
        ce1_0.created_by,
        ce1_0.description,
        ce1_0.email,
        ce1_0.foundation_date,
        ce1_0.instagram,
        ce1_0.logo_url,
        ce1_0.phone,
        ce1_0.president_id,
        ce1_0.short_name,
        ce1_0.status,
        ce1_0.updated_at,
        ce1_0.updated_by,
        ce1_0.version 
    from
        uniclub.clubs ce1_0 
    order by
        ce1_0.club_name 
    offset
        ? rows 
    fetch
        first ? rows only
2025-11-25 17:39:43.501 [trace:cea1acbf-faa6-4988-a7b5-800fa448ba37] [user:admin] [role:[]] [op:FIND_ALL_CLUBS] INFO  com.uniClub.logging.LoggingAspect - END [FIND_ALL_CLUBS] -> Duration: 4 ms
2025-11-25 17:39:43.502 [trace:cea1acbf-faa6-4988-a7b5-800fa448ba37] [user:admin] [role:[]] [op:] INFO  c.uniClub.logging.MDCLoggingFilter - RESPONSE
traceId=cea1acbf-faa6-4988-a7b5-800fa448ba37 | status=200 | duration=9ms
body={"status":200,"payload":{"content":[{"id":1,"clubName":"Yalova Yazılım ve Teknoloji Kulübü","shortName":"YYTK","logoUrl":"https://uniclub.yalova.edu.tr/logos/yytk.png","foundationDate":"2022-09-15","email":"yytk@yalova.edu.tr","phone":"+905551112233","instagram":"instagram.com/yytk","approved":"true","presidentId":null,"presidentUsername":null,"createdAt":"2025-11-22","status":"Terminated"}],"pageNumber":0,"pageSize":5,"totalElements":1,"totalPages":1,"last":true}}

2025-11-25 17:39:43.510 [trace:] [user:] [role:] [op:] DEBUG org.hibernate.SQL - 
    select
        ue1_0.id,
        ue1_0.created_at,
        ue1_0.created_by,
        ue1_0.email,
        ue1_0.password,
        ue1_0.role,
        ue1_0.updated_at,
        ue1_0.updated_by,
        ue1_0.username,
        ue1_0.version 
    from
        uniclub.users ue1_0 
    where
        ue1_0.username=?
2025-11-25 17:39:43.512 [trace:] [user:] [role:] [op:] DEBUG org.hibernate.SQL - 
    select
        ce1_0.id,
        ce1_0.approved,
        ce1_0.club_name,
        ce1_0.created_at,
        ce1_0.created_by,
        ce1_0.description,
        ce1_0.email,
        ce1_0.foundation_date,
        ce1_0.instagram,
        ce1_0.logo_url,
        ce1_0.phone,
        p1_0.id,
        p1_0.created_at,
        p1_0.created_by,
        p1_0.email,
        p1_0.password,
        p1_0.role,
        p1_0.updated_at,
        p1_0.updated_by,
        p1_0.username,
        p1_0.version,
        ce1_0.short_name,
        ce1_0.status,
        ce1_0.updated_at,
        ce1_0.updated_by,
        ce1_0.version 
    from
        uniclub.clubs ce1_0 
    left join
        uniclub.users p1_0 
            on p1_0.id=ce1_0.president_id 
    where
        ce1_0.president_id=?
2025-11-25 17:39:43.516 [trace:78a0a5a5-40d7-43dc-bb80-721cf8a23ec5] [user:admin] [role:[]] [op:] INFO  c.uniClub.logging.MDCLoggingFilter - REQUEST
traceId=78a0a5a5-40d7-43dc-bb80-721cf8a23ec5 | method=GET | uri=/api/clubs | ip=0:0:0:0:0:0:0:1
headers=[host=localhost:8080, connection=keep-alive, sec-ch-ua-platform="Windows", authorization=Bearer eyJhbGciOiJIUzI1NiJ9.eyJyb2xlIjoiQURNSU4iLCJzdWIiOiJhZG1pbiIsImlhdCI6MTc2NDA3ODkzMCwiZXhwIjoxNzY0MDg2MTMwfQ.Cj2OzDlXyrl1NHTrGL1vmTGF7YFmlFUjapn5i1RXbys, user-agent=Mozilla/5.0 (Windows NT 10.0; Win64; x64) AppleWebKit/537.36 (KHTML, like Gecko) Chrome/142.0.0.0 Safari/537.36, accept=application/json, text/plain, */*, sec-ch-ua="Chromium";v="142", "Google Chrome";v="142", "Not_A Brand";v="99", sec-ch-ua-mobile=?0, origin=http://localhost:5173, sec-fetch-site=same-site, sec-fetch-mode=cors, sec-fetch-dest=empty, referer=http://localhost:5173/, accept-encoding=gzip, deflate, br, zstd, accept-language=tr-TR,tr;q=0.9,en-US;q=0.8,en;q=0.7, ]
body=(empty)

2025-11-25 17:39:43.517 [trace:78a0a5a5-40d7-43dc-bb80-721cf8a23ec5] [user:admin] [role:[]] [op:FIND_ALL_CLUBS] INFO  com.uniClub.logging.LoggingAspect - START [FIND_ALL_CLUBS] -> Method: ClubServiceImpl.getAllPaged(..), Args: [Page request [number: 0, size 5, sort: clubName: ASC]]
2025-11-25 17:39:43.519 [trace:78a0a5a5-40d7-43dc-bb80-721cf8a23ec5] [user:admin] [role:[]] [op:FIND_ALL_CLUBS] DEBUG org.hibernate.SQL - 
    select
        ce1_0.id,
        ce1_0.approved,
        ce1_0.club_name,
        ce1_0.created_at,
        ce1_0.created_by,
        ce1_0.description,
        ce1_0.email,
        ce1_0.foundation_date,
        ce1_0.instagram,
        ce1_0.logo_url,
        ce1_0.phone,
        ce1_0.president_id,
        ce1_0.short_name,
        ce1_0.status,
        ce1_0.updated_at,
        ce1_0.updated_by,
        ce1_0.version 
    from
        uniclub.clubs ce1_0 
    order by
        ce1_0.club_name 
    offset
        ? rows 
    fetch
        first ? rows only
2025-11-25 17:39:43.520 [trace:78a0a5a5-40d7-43dc-bb80-721cf8a23ec5] [user:admin] [role:[]] [op:FIND_ALL_CLUBS] INFO  com.uniClub.logging.LoggingAspect - END [FIND_ALL_CLUBS] -> Duration: 3 ms
2025-11-25 17:39:43.522 [trace:78a0a5a5-40d7-43dc-bb80-721cf8a23ec5] [user:admin] [role:[]] [op:] INFO  c.uniClub.logging.MDCLoggingFilter - RESPONSE
traceId=78a0a5a5-40d7-43dc-bb80-721cf8a23ec5 | status=200 | duration=6ms
body={"status":200,"payload":{"content":[{"id":1,"clubName":"Yalova Yazılım ve Teknoloji Kulübü","shortName":"YYTK","logoUrl":"https://uniclub.yalova.edu.tr/logos/yytk.png","foundationDate":"2022-09-15","email":"yytk@yalova.edu.tr","phone":"+905551112233","instagram":"instagram.com/yytk","approved":"true","presidentId":null,"presidentUsername":null,"createdAt":"2025-11-22","status":"Terminated"}],"pageNumber":0,"pageSize":5,"totalElements":1,"totalPages":1,"last":true}}

2025-11-25 17:40:26.152 [trace:] [user:] [role:] [op:] DEBUG org.hibernate.SQL - 
    select
        ue1_0.id,
        ue1_0.created_at,
        ue1_0.created_by,
        ue1_0.email,
        ue1_0.password,
        ue1_0.role,
        ue1_0.updated_at,
        ue1_0.updated_by,
        ue1_0.username,
        ue1_0.version 
    from
        uniclub.users ue1_0 
    where
        ue1_0.username=?
2025-11-25 17:40:26.153 [trace:] [user:] [role:] [op:] DEBUG org.hibernate.SQL - 
    select
        ce1_0.id,
        ce1_0.approved,
        ce1_0.club_name,
        ce1_0.created_at,
        ce1_0.created_by,
        ce1_0.description,
        ce1_0.email,
        ce1_0.foundation_date,
        ce1_0.instagram,
        ce1_0.logo_url,
        ce1_0.phone,
        p1_0.id,
        p1_0.created_at,
        p1_0.created_by,
        p1_0.email,
        p1_0.password,
        p1_0.role,
        p1_0.updated_at,
        p1_0.updated_by,
        p1_0.username,
        p1_0.version,
        ce1_0.short_name,
        ce1_0.status,
        ce1_0.updated_at,
        ce1_0.updated_by,
        ce1_0.version 
    from
        uniclub.clubs ce1_0 
    left join
        uniclub.users p1_0 
            on p1_0.id=ce1_0.president_id 
    where
        ce1_0.president_id=?
2025-11-25 17:40:26.157 [trace:102e1676-0154-411f-91f0-26d89ad0c246] [user:admin] [role:[]] [op:] INFO  c.uniClub.logging.MDCLoggingFilter - REQUEST
traceId=102e1676-0154-411f-91f0-26d89ad0c246 | method=GET | uri=/api/clubs/1 | ip=0:0:0:0:0:0:0:1
headers=[host=localhost:8080, connection=keep-alive, sec-ch-ua-platform="Windows", authorization=Bearer eyJhbGciOiJIUzI1NiJ9.eyJyb2xlIjoiQURNSU4iLCJzdWIiOiJhZG1pbiIsImlhdCI6MTc2NDA3ODkzMCwiZXhwIjoxNzY0MDg2MTMwfQ.Cj2OzDlXyrl1NHTrGL1vmTGF7YFmlFUjapn5i1RXbys, user-agent=Mozilla/5.0 (Windows NT 10.0; Win64; x64) AppleWebKit/537.36 (KHTML, like Gecko) Chrome/142.0.0.0 Safari/537.36, accept=application/json, text/plain, */*, sec-ch-ua="Chromium";v="142", "Google Chrome";v="142", "Not_A Brand";v="99", sec-ch-ua-mobile=?0, origin=http://localhost:5173, sec-fetch-site=same-site, sec-fetch-mode=cors, sec-fetch-dest=empty, referer=http://localhost:5173/, accept-encoding=gzip, deflate, br, zstd, accept-language=tr-TR,tr;q=0.9,en-US;q=0.8,en;q=0.7, ]
body=(empty)

2025-11-25 17:40:26.163 [trace:102e1676-0154-411f-91f0-26d89ad0c246] [user:admin] [role:[]] [op:FIND_CLUB] INFO  com.uniClub.logging.LoggingAspect - START [FIND_CLUB] -> Method: ClubServiceImpl.getClubById(..), Args: [1]
2025-11-25 17:40:26.182 [trace:102e1676-0154-411f-91f0-26d89ad0c246] [user:admin] [role:[]] [op:FIND_CLUB] DEBUG org.hibernate.SQL - 
    select
        ce1_0.id,
        ce1_0.approved,
        ce1_0.club_name,
        ce1_0.created_at,
        ce1_0.created_by,
        ce1_0.description,
        ce1_0.email,
        ce1_0.foundation_date,
        ce1_0.instagram,
        ce1_0.logo_url,
        ce1_0.phone,
        p1_0.id,
        p1_0.created_at,
        p1_0.created_by,
        p1_0.email,
        p1_0.password,
        p1_0.role,
        p1_0.updated_at,
        p1_0.updated_by,
        p1_0.username,
        p1_0.version,
        ce1_0.short_name,
        ce1_0.status,
        ce1_0.updated_at,
        ce1_0.updated_by,
        ce1_0.version 
    from
        uniclub.clubs ce1_0 
    left join
        uniclub.users p1_0 
            on p1_0.id=ce1_0.president_id 
    where
        ce1_0.id=?
2025-11-25 17:40:26.188 [trace:102e1676-0154-411f-91f0-26d89ad0c246] [user:admin] [role:[]] [op:FIND_CLUB] INFO  com.uniClub.logging.LoggingAspect - END [FIND_CLUB] -> Duration: 24 ms
2025-11-25 17:40:26.189 [trace:102e1676-0154-411f-91f0-26d89ad0c246] [user:admin] [role:[]] [op:] INFO  c.uniClub.logging.MDCLoggingFilter - RESPONSE
traceId=102e1676-0154-411f-91f0-26d89ad0c246 | status=200 | duration=32ms
body={"status":200,"payload":{"id":1,"clubName":"Yalova Yazılım ve Teknoloji Kulübü","shortName":"YYTK","logoUrl":"https://uniclub.yalova.edu.tr/logos/yytk.png","foundationDate":"2022-09-15","email":"yytk@yalova.edu.tr","phone":"+905551112233","instagram":"instagram.com/yytk","approved":"true","presidentId":null,"presidentUsername":null,"createdAt":"2025-11-22","status":"Terminated"}}

2025-11-25 17:40:26.195 [trace:] [user:] [role:] [op:] DEBUG org.hibernate.SQL - 
    select
        ue1_0.id,
        ue1_0.created_at,
        ue1_0.created_by,
        ue1_0.email,
        ue1_0.password,
        ue1_0.role,
        ue1_0.updated_at,
        ue1_0.updated_by,
        ue1_0.username,
        ue1_0.version 
    from
        uniclub.users ue1_0 
    where
        ue1_0.username=?
2025-11-25 17:40:26.196 [trace:] [user:] [role:] [op:] DEBUG org.hibernate.SQL - 
    select
        ce1_0.id,
        ce1_0.approved,
        ce1_0.club_name,
        ce1_0.created_at,
        ce1_0.created_by,
        ce1_0.description,
        ce1_0.email,
        ce1_0.foundation_date,
        ce1_0.instagram,
        ce1_0.logo_url,
        ce1_0.phone,
        p1_0.id,
        p1_0.created_at,
        p1_0.created_by,
        p1_0.email,
        p1_0.password,
        p1_0.role,
        p1_0.updated_at,
        p1_0.updated_by,
        p1_0.username,
        p1_0.version,
        ce1_0.short_name,
        ce1_0.status,
        ce1_0.updated_at,
        ce1_0.updated_by,
        ce1_0.version 
    from
        uniclub.clubs ce1_0 
    left join
        uniclub.users p1_0 
            on p1_0.id=ce1_0.president_id 
    where
        ce1_0.president_id=?
2025-11-25 17:40:26.199 [trace:f9e620fa-cc4a-49f4-b544-e48c65befb98] [user:admin] [role:[]] [op:] INFO  c.uniClub.logging.MDCLoggingFilter - REQUEST
traceId=f9e620fa-cc4a-49f4-b544-e48c65befb98 | method=GET | uri=/api/clubs/1 | ip=0:0:0:0:0:0:0:1
headers=[host=localhost:8080, connection=keep-alive, sec-ch-ua-platform="Windows", authorization=Bearer eyJhbGciOiJIUzI1NiJ9.eyJyb2xlIjoiQURNSU4iLCJzdWIiOiJhZG1pbiIsImlhdCI6MTc2NDA3ODkzMCwiZXhwIjoxNzY0MDg2MTMwfQ.Cj2OzDlXyrl1NHTrGL1vmTGF7YFmlFUjapn5i1RXbys, user-agent=Mozilla/5.0 (Windows NT 10.0; Win64; x64) AppleWebKit/537.36 (KHTML, like Gecko) Chrome/142.0.0.0 Safari/537.36, accept=application/json, text/plain, */*, sec-ch-ua="Chromium";v="142", "Google Chrome";v="142", "Not_A Brand";v="99", sec-ch-ua-mobile=?0, origin=http://localhost:5173, sec-fetch-site=same-site, sec-fetch-mode=cors, sec-fetch-dest=empty, referer=http://localhost:5173/, accept-encoding=gzip, deflate, br, zstd, accept-language=tr-TR,tr;q=0.9,en-US;q=0.8,en;q=0.7, ]
body=(empty)

2025-11-25 17:40:26.200 [trace:f9e620fa-cc4a-49f4-b544-e48c65befb98] [user:admin] [role:[]] [op:FIND_CLUB] INFO  com.uniClub.logging.LoggingAspect - START [FIND_CLUB] -> Method: ClubServiceImpl.getClubById(..), Args: [1]
2025-11-25 17:40:26.200 [trace:f9e620fa-cc4a-49f4-b544-e48c65befb98] [user:admin] [role:[]] [op:FIND_CLUB] DEBUG org.hibernate.SQL - 
    select
        ce1_0.id,
        ce1_0.approved,
        ce1_0.club_name,
        ce1_0.created_at,
        ce1_0.created_by,
        ce1_0.description,
        ce1_0.email,
        ce1_0.foundation_date,
        ce1_0.instagram,
        ce1_0.logo_url,
        ce1_0.phone,
        p1_0.id,
        p1_0.created_at,
        p1_0.created_by,
        p1_0.email,
        p1_0.password,
        p1_0.role,
        p1_0.updated_at,
        p1_0.updated_by,
        p1_0.username,
        p1_0.version,
        ce1_0.short_name,
        ce1_0.status,
        ce1_0.updated_at,
        ce1_0.updated_by,
        ce1_0.version 
    from
        uniclub.clubs ce1_0 
    left join
        uniclub.users p1_0 
            on p1_0.id=ce1_0.president_id 
    where
        ce1_0.id=?
2025-11-25 17:40:26.202 [trace:f9e620fa-cc4a-49f4-b544-e48c65befb98] [user:admin] [role:[]] [op:FIND_CLUB] INFO  com.uniClub.logging.LoggingAspect - END [FIND_CLUB] -> Duration: 2 ms
2025-11-25 17:40:26.204 [trace:f9e620fa-cc4a-49f4-b544-e48c65befb98] [user:admin] [role:[]] [op:] INFO  c.uniClub.logging.MDCLoggingFilter - RESPONSE
traceId=f9e620fa-cc4a-49f4-b544-e48c65befb98 | status=200 | duration=5ms
body={"status":200,"payload":{"id":1,"clubName":"Yalova Yazılım ve Teknoloji Kulübü","shortName":"YYTK","logoUrl":"https://uniclub.yalova.edu.tr/logos/yytk.png","foundationDate":"2022-09-15","email":"yytk@yalova.edu.tr","phone":"+905551112233","instagram":"instagram.com/yytk","approved":"true","presidentId":null,"presidentUsername":null,"createdAt":"2025-11-22","status":"Terminated"}}

2025-11-25 17:40:30.935 [trace:] [user:] [role:] [op:] DEBUG org.hibernate.SQL - 
    select
        ue1_0.id,
        ue1_0.created_at,
        ue1_0.created_by,
        ue1_0.email,
        ue1_0.password,
        ue1_0.role,
        ue1_0.updated_at,
        ue1_0.updated_by,
        ue1_0.username,
        ue1_0.version 
    from
        uniclub.users ue1_0 
    where
        ue1_0.username=?
2025-11-25 17:40:30.935 [trace:] [user:] [role:] [op:] DEBUG org.hibernate.SQL - 
    select
        ce1_0.id,
        ce1_0.approved,
        ce1_0.club_name,
        ce1_0.created_at,
        ce1_0.created_by,
        ce1_0.description,
        ce1_0.email,
        ce1_0.foundation_date,
        ce1_0.instagram,
        ce1_0.logo_url,
        ce1_0.phone,
        p1_0.id,
        p1_0.created_at,
        p1_0.created_by,
        p1_0.email,
        p1_0.password,
        p1_0.role,
        p1_0.updated_at,
        p1_0.updated_by,
        p1_0.username,
        p1_0.version,
        ce1_0.short_name,
        ce1_0.status,
        ce1_0.updated_at,
        ce1_0.updated_by,
        ce1_0.version 
    from
        uniclub.clubs ce1_0 
    left join
        uniclub.users p1_0 
            on p1_0.id=ce1_0.president_id 
    where
        ce1_0.president_id=?
2025-11-25 17:40:30.943 [trace:7587f126-2a9d-400c-a026-792343e1e013] [user:admin] [role:[]] [op:] INFO  c.uniClub.logging.MDCLoggingFilter - REQUEST
traceId=7587f126-2a9d-400c-a026-792343e1e013 | method=GET | uri=/api/clubs | ip=0:0:0:0:0:0:0:1
headers=[host=localhost:8080, connection=keep-alive, sec-ch-ua-platform="Windows", authorization=Bearer eyJhbGciOiJIUzI1NiJ9.eyJyb2xlIjoiQURNSU4iLCJzdWIiOiJhZG1pbiIsImlhdCI6MTc2NDA3ODkzMCwiZXhwIjoxNzY0MDg2MTMwfQ.Cj2OzDlXyrl1NHTrGL1vmTGF7YFmlFUjapn5i1RXbys, user-agent=Mozilla/5.0 (Windows NT 10.0; Win64; x64) AppleWebKit/537.36 (KHTML, like Gecko) Chrome/142.0.0.0 Safari/537.36, accept=application/json, text/plain, */*, sec-ch-ua="Chromium";v="142", "Google Chrome";v="142", "Not_A Brand";v="99", sec-ch-ua-mobile=?0, origin=http://localhost:5173, sec-fetch-site=same-site, sec-fetch-mode=cors, sec-fetch-dest=empty, referer=http://localhost:5173/, accept-encoding=gzip, deflate, br, zstd, accept-language=tr-TR,tr;q=0.9,en-US;q=0.8,en;q=0.7, ]
body=(empty)

2025-11-25 17:40:30.945 [trace:7587f126-2a9d-400c-a026-792343e1e013] [user:admin] [role:[]] [op:FIND_ALL_CLUBS] INFO  com.uniClub.logging.LoggingAspect - START [FIND_ALL_CLUBS] -> Method: ClubServiceImpl.getAllPaged(..), Args: [Page request [number: 0, size 5, sort: clubName: ASC]]
2025-11-25 17:40:30.947 [trace:7587f126-2a9d-400c-a026-792343e1e013] [user:admin] [role:[]] [op:FIND_ALL_CLUBS] DEBUG org.hibernate.SQL - 
    select
        ce1_0.id,
        ce1_0.approved,
        ce1_0.club_name,
        ce1_0.created_at,
        ce1_0.created_by,
        ce1_0.description,
        ce1_0.email,
        ce1_0.foundation_date,
        ce1_0.instagram,
        ce1_0.logo_url,
        ce1_0.phone,
        ce1_0.president_id,
        ce1_0.short_name,
        ce1_0.status,
        ce1_0.updated_at,
        ce1_0.updated_by,
        ce1_0.version 
    from
        uniclub.clubs ce1_0 
    order by
        ce1_0.club_name 
    offset
        ? rows 
    fetch
        first ? rows only
2025-11-25 17:40:30.948 [trace:7587f126-2a9d-400c-a026-792343e1e013] [user:admin] [role:[]] [op:FIND_ALL_CLUBS] INFO  com.uniClub.logging.LoggingAspect - END [FIND_ALL_CLUBS] -> Duration: 3 ms
2025-11-25 17:40:30.949 [trace:7587f126-2a9d-400c-a026-792343e1e013] [user:admin] [role:[]] [op:] INFO  c.uniClub.logging.MDCLoggingFilter - RESPONSE
traceId=7587f126-2a9d-400c-a026-792343e1e013 | status=200 | duration=6ms
body={"status":200,"payload":{"content":[{"id":1,"clubName":"Yalova Yazılım ve Teknoloji Kulübü","shortName":"YYTK","logoUrl":"https://uniclub.yalova.edu.tr/logos/yytk.png","foundationDate":"2022-09-15","email":"yytk@yalova.edu.tr","phone":"+905551112233","instagram":"instagram.com/yytk","approved":"true","presidentId":null,"presidentUsername":null,"createdAt":"2025-11-22","status":"Terminated"}],"pageNumber":0,"pageSize":5,"totalElements":1,"totalPages":1,"last":true}}

2025-11-25 17:40:30.955 [trace:] [user:] [role:] [op:] DEBUG org.hibernate.SQL - 
    select
        ue1_0.id,
        ue1_0.created_at,
        ue1_0.created_by,
        ue1_0.email,
        ue1_0.password,
        ue1_0.role,
        ue1_0.updated_at,
        ue1_0.updated_by,
        ue1_0.username,
        ue1_0.version 
    from
        uniclub.users ue1_0 
    where
        ue1_0.username=?
2025-11-25 17:40:30.956 [trace:] [user:] [role:] [op:] DEBUG org.hibernate.SQL - 
    select
        ce1_0.id,
        ce1_0.approved,
        ce1_0.club_name,
        ce1_0.created_at,
        ce1_0.created_by,
        ce1_0.description,
        ce1_0.email,
        ce1_0.foundation_date,
        ce1_0.instagram,
        ce1_0.logo_url,
        ce1_0.phone,
        p1_0.id,
        p1_0.created_at,
        p1_0.created_by,
        p1_0.email,
        p1_0.password,
        p1_0.role,
        p1_0.updated_at,
        p1_0.updated_by,
        p1_0.username,
        p1_0.version,
        ce1_0.short_name,
        ce1_0.status,
        ce1_0.updated_at,
        ce1_0.updated_by,
        ce1_0.version 
    from
        uniclub.clubs ce1_0 
    left join
        uniclub.users p1_0 
            on p1_0.id=ce1_0.president_id 
    where
        ce1_0.president_id=?
2025-11-25 17:40:30.961 [trace:8eebd4a8-f80a-464d-9f0e-dc133cccfc3d] [user:admin] [role:[]] [op:] INFO  c.uniClub.logging.MDCLoggingFilter - REQUEST
traceId=8eebd4a8-f80a-464d-9f0e-dc133cccfc3d | method=GET | uri=/api/clubs | ip=0:0:0:0:0:0:0:1
headers=[host=localhost:8080, connection=keep-alive, sec-ch-ua-platform="Windows", authorization=Bearer eyJhbGciOiJIUzI1NiJ9.eyJyb2xlIjoiQURNSU4iLCJzdWIiOiJhZG1pbiIsImlhdCI6MTc2NDA3ODkzMCwiZXhwIjoxNzY0MDg2MTMwfQ.Cj2OzDlXyrl1NHTrGL1vmTGF7YFmlFUjapn5i1RXbys, user-agent=Mozilla/5.0 (Windows NT 10.0; Win64; x64) AppleWebKit/537.36 (KHTML, like Gecko) Chrome/142.0.0.0 Safari/537.36, accept=application/json, text/plain, */*, sec-ch-ua="Chromium";v="142", "Google Chrome";v="142", "Not_A Brand";v="99", sec-ch-ua-mobile=?0, origin=http://localhost:5173, sec-fetch-site=same-site, sec-fetch-mode=cors, sec-fetch-dest=empty, referer=http://localhost:5173/, accept-encoding=gzip, deflate, br, zstd, accept-language=tr-TR,tr;q=0.9,en-US;q=0.8,en;q=0.7, ]
body=(empty)

2025-11-25 17:40:30.962 [trace:8eebd4a8-f80a-464d-9f0e-dc133cccfc3d] [user:admin] [role:[]] [op:FIND_ALL_CLUBS] INFO  com.uniClub.logging.LoggingAspect - START [FIND_ALL_CLUBS] -> Method: ClubServiceImpl.getAllPaged(..), Args: [Page request [number: 0, size 5, sort: clubName: ASC]]
2025-11-25 17:40:30.964 [trace:8eebd4a8-f80a-464d-9f0e-dc133cccfc3d] [user:admin] [role:[]] [op:FIND_ALL_CLUBS] DEBUG org.hibernate.SQL - 
    select
        ce1_0.id,
        ce1_0.approved,
        ce1_0.club_name,
        ce1_0.created_at,
        ce1_0.created_by,
        ce1_0.description,
        ce1_0.email,
        ce1_0.foundation_date,
        ce1_0.instagram,
        ce1_0.logo_url,
        ce1_0.phone,
        ce1_0.president_id,
        ce1_0.short_name,
        ce1_0.status,
        ce1_0.updated_at,
        ce1_0.updated_by,
        ce1_0.version 
    from
        uniclub.clubs ce1_0 
    order by
        ce1_0.club_name 
    offset
        ? rows 
    fetch
        first ? rows only
2025-11-25 17:40:30.965 [trace:8eebd4a8-f80a-464d-9f0e-dc133cccfc3d] [user:admin] [role:[]] [op:FIND_ALL_CLUBS] INFO  com.uniClub.logging.LoggingAspect - END [FIND_ALL_CLUBS] -> Duration: 2 ms
2025-11-25 17:40:30.966 [trace:8eebd4a8-f80a-464d-9f0e-dc133cccfc3d] [user:admin] [role:[]] [op:] INFO  c.uniClub.logging.MDCLoggingFilter - RESPONSE
traceId=8eebd4a8-f80a-464d-9f0e-dc133cccfc3d | status=200 | duration=5ms
body={"status":200,"payload":{"content":[{"id":1,"clubName":"Yalova Yazılım ve Teknoloji Kulübü","shortName":"YYTK","logoUrl":"https://uniclub.yalova.edu.tr/logos/yytk.png","foundationDate":"2022-09-15","email":"yytk@yalova.edu.tr","phone":"+905551112233","instagram":"instagram.com/yytk","approved":"true","presidentId":null,"presidentUsername":null,"createdAt":"2025-11-22","status":"Terminated"}],"pageNumber":0,"pageSize":5,"totalElements":1,"totalPages":1,"last":true}}

2025-11-25 17:43:14.945 [trace:] [user:] [role:] [op:] DEBUG org.hibernate.SQL - 
    select
        ue1_0.id,
        ue1_0.created_at,
        ue1_0.created_by,
        ue1_0.email,
        ue1_0.password,
        ue1_0.role,
        ue1_0.updated_at,
        ue1_0.updated_by,
        ue1_0.username,
        ue1_0.version 
    from
        uniclub.users ue1_0 
    where
        ue1_0.username=?
2025-11-25 17:43:14.951 [trace:] [user:] [role:] [op:] DEBUG org.hibernate.SQL - 
    select
        ce1_0.id,
        ce1_0.approved,
        ce1_0.club_name,
        ce1_0.created_at,
        ce1_0.created_by,
        ce1_0.description,
        ce1_0.email,
        ce1_0.foundation_date,
        ce1_0.instagram,
        ce1_0.logo_url,
        ce1_0.phone,
        p1_0.id,
        p1_0.created_at,
        p1_0.created_by,
        p1_0.email,
        p1_0.password,
        p1_0.role,
        p1_0.updated_at,
        p1_0.updated_by,
        p1_0.username,
        p1_0.version,
        ce1_0.short_name,
        ce1_0.status,
        ce1_0.updated_at,
        ce1_0.updated_by,
        ce1_0.version 
    from
        uniclub.clubs ce1_0 
    left join
        uniclub.users p1_0 
            on p1_0.id=ce1_0.president_id 
    where
        ce1_0.president_id=?
2025-11-25 17:43:14.958 [trace:c103a38f-5550-456c-a9fb-83707f6a0679] [user:admin] [role:[]] [op:] INFO  c.uniClub.logging.MDCLoggingFilter - REQUEST
traceId=c103a38f-5550-456c-a9fb-83707f6a0679 | method=GET | uri=/api/clubs | ip=0:0:0:0:0:0:0:1
headers=[host=localhost:8080, connection=keep-alive, sec-ch-ua-platform="Windows", authorization=Bearer eyJhbGciOiJIUzI1NiJ9.eyJyb2xlIjoiQURNSU4iLCJzdWIiOiJhZG1pbiIsImlhdCI6MTc2NDA3ODkzMCwiZXhwIjoxNzY0MDg2MTMwfQ.Cj2OzDlXyrl1NHTrGL1vmTGF7YFmlFUjapn5i1RXbys, user-agent=Mozilla/5.0 (Windows NT 10.0; Win64; x64) AppleWebKit/537.36 (KHTML, like Gecko) Chrome/142.0.0.0 Safari/537.36, accept=application/json, text/plain, */*, sec-ch-ua="Chromium";v="142", "Google Chrome";v="142", "Not_A Brand";v="99", sec-ch-ua-mobile=?0, origin=http://localhost:5173, sec-fetch-site=same-site, sec-fetch-mode=cors, sec-fetch-dest=empty, referer=http://localhost:5173/, accept-encoding=gzip, deflate, br, zstd, accept-language=tr-TR,tr;q=0.9,en-US;q=0.8,en;q=0.7, ]
body=(empty)

2025-11-25 17:43:14.962 [trace:c103a38f-5550-456c-a9fb-83707f6a0679] [user:admin] [role:[]] [op:FIND_ALL_CLUBS] INFO  com.uniClub.logging.LoggingAspect - START [FIND_ALL_CLUBS] -> Method: ClubServiceImpl.getAllPaged(..), Args: [Page request [number: 0, size 5, sort: clubName: ASC]]
2025-11-25 17:43:14.965 [trace:c103a38f-5550-456c-a9fb-83707f6a0679] [user:admin] [role:[]] [op:FIND_ALL_CLUBS] DEBUG org.hibernate.SQL - 
    select
        ce1_0.id,
        ce1_0.approved,
        ce1_0.club_name,
        ce1_0.created_at,
        ce1_0.created_by,
        ce1_0.description,
        ce1_0.email,
        ce1_0.foundation_date,
        ce1_0.instagram,
        ce1_0.logo_url,
        ce1_0.phone,
        ce1_0.president_id,
        ce1_0.short_name,
        ce1_0.status,
        ce1_0.updated_at,
        ce1_0.updated_by,
        ce1_0.version 
    from
        uniclub.clubs ce1_0 
    order by
        ce1_0.club_name 
    offset
        ? rows 
    fetch
        first ? rows only
2025-11-25 17:43:14.968 [trace:c103a38f-5550-456c-a9fb-83707f6a0679] [user:admin] [role:[]] [op:FIND_ALL_CLUBS] INFO  com.uniClub.logging.LoggingAspect - END [FIND_ALL_CLUBS] -> Duration: 4 ms
2025-11-25 17:43:14.970 [trace:c103a38f-5550-456c-a9fb-83707f6a0679] [user:admin] [role:[]] [op:] INFO  c.uniClub.logging.MDCLoggingFilter - RESPONSE
traceId=c103a38f-5550-456c-a9fb-83707f6a0679 | status=200 | duration=12ms
body={"status":200,"payload":{"content":[{"id":1,"clubName":"Yalova Yazılım ve Teknoloji Kulübü","shortName":"YYTK","logoUrl":"https://uniclub.yalova.edu.tr/logos/yytk.png","foundationDate":"2022-09-15","email":"yytk@yalova.edu.tr","phone":"+905551112233","instagram":"instagram.com/yytk","approved":"true","presidentId":null,"presidentUsername":null,"createdAt":"2025-11-22","status":"Terminated"}],"pageNumber":0,"pageSize":5,"totalElements":1,"totalPages":1,"last":true}}

2025-11-25 17:43:14.976 [trace:] [user:] [role:] [op:] DEBUG org.hibernate.SQL - 
    select
        ue1_0.id,
        ue1_0.created_at,
        ue1_0.created_by,
        ue1_0.email,
        ue1_0.password,
        ue1_0.role,
        ue1_0.updated_at,
        ue1_0.updated_by,
        ue1_0.username,
        ue1_0.version 
    from
        uniclub.users ue1_0 
    where
        ue1_0.username=?
2025-11-25 17:43:14.977 [trace:] [user:] [role:] [op:] DEBUG org.hibernate.SQL - 
    select
        ce1_0.id,
        ce1_0.approved,
        ce1_0.club_name,
        ce1_0.created_at,
        ce1_0.created_by,
        ce1_0.description,
        ce1_0.email,
        ce1_0.foundation_date,
        ce1_0.instagram,
        ce1_0.logo_url,
        ce1_0.phone,
        p1_0.id,
        p1_0.created_at,
        p1_0.created_by,
        p1_0.email,
        p1_0.password,
        p1_0.role,
        p1_0.updated_at,
        p1_0.updated_by,
        p1_0.username,
        p1_0.version,
        ce1_0.short_name,
        ce1_0.status,
        ce1_0.updated_at,
        ce1_0.updated_by,
        ce1_0.version 
    from
        uniclub.clubs ce1_0 
    left join
        uniclub.users p1_0 
            on p1_0.id=ce1_0.president_id 
    where
        ce1_0.president_id=?
2025-11-25 17:43:14.981 [trace:63dd20ed-8c19-4893-8b15-81d611767113] [user:admin] [role:[]] [op:] INFO  c.uniClub.logging.MDCLoggingFilter - REQUEST
traceId=63dd20ed-8c19-4893-8b15-81d611767113 | method=GET | uri=/api/clubs | ip=0:0:0:0:0:0:0:1
headers=[host=localhost:8080, connection=keep-alive, sec-ch-ua-platform="Windows", authorization=Bearer eyJhbGciOiJIUzI1NiJ9.eyJyb2xlIjoiQURNSU4iLCJzdWIiOiJhZG1pbiIsImlhdCI6MTc2NDA3ODkzMCwiZXhwIjoxNzY0MDg2MTMwfQ.Cj2OzDlXyrl1NHTrGL1vmTGF7YFmlFUjapn5i1RXbys, user-agent=Mozilla/5.0 (Windows NT 10.0; Win64; x64) AppleWebKit/537.36 (KHTML, like Gecko) Chrome/142.0.0.0 Safari/537.36, accept=application/json, text/plain, */*, sec-ch-ua="Chromium";v="142", "Google Chrome";v="142", "Not_A Brand";v="99", sec-ch-ua-mobile=?0, origin=http://localhost:5173, sec-fetch-site=same-site, sec-fetch-mode=cors, sec-fetch-dest=empty, referer=http://localhost:5173/, accept-encoding=gzip, deflate, br, zstd, accept-language=tr-TR,tr;q=0.9,en-US;q=0.8,en;q=0.7, ]
body=(empty)

2025-11-25 17:43:14.983 [trace:63dd20ed-8c19-4893-8b15-81d611767113] [user:admin] [role:[]] [op:FIND_ALL_CLUBS] INFO  com.uniClub.logging.LoggingAspect - START [FIND_ALL_CLUBS] -> Method: ClubServiceImpl.getAllPaged(..), Args: [Page request [number: 0, size 5, sort: clubName: ASC]]
2025-11-25 17:43:14.984 [trace:63dd20ed-8c19-4893-8b15-81d611767113] [user:admin] [role:[]] [op:FIND_ALL_CLUBS] DEBUG org.hibernate.SQL - 
    select
        ce1_0.id,
        ce1_0.approved,
        ce1_0.club_name,
        ce1_0.created_at,
        ce1_0.created_by,
        ce1_0.description,
        ce1_0.email,
        ce1_0.foundation_date,
        ce1_0.instagram,
        ce1_0.logo_url,
        ce1_0.phone,
        ce1_0.president_id,
        ce1_0.short_name,
        ce1_0.status,
        ce1_0.updated_at,
        ce1_0.updated_by,
        ce1_0.version 
    from
        uniclub.clubs ce1_0 
    order by
        ce1_0.club_name 
    offset
        ? rows 
    fetch
        first ? rows only
2025-11-25 17:43:14.985 [trace:63dd20ed-8c19-4893-8b15-81d611767113] [user:admin] [role:[]] [op:FIND_ALL_CLUBS] INFO  com.uniClub.logging.LoggingAspect - END [FIND_ALL_CLUBS] -> Duration: 3 ms
2025-11-25 17:43:14.987 [trace:63dd20ed-8c19-4893-8b15-81d611767113] [user:admin] [role:[]] [op:] INFO  c.uniClub.logging.MDCLoggingFilter - RESPONSE
traceId=63dd20ed-8c19-4893-8b15-81d611767113 | status=200 | duration=6ms
body={"status":200,"payload":{"content":[{"id":1,"clubName":"Yalova Yazılım ve Teknoloji Kulübü","shortName":"YYTK","logoUrl":"https://uniclub.yalova.edu.tr/logos/yytk.png","foundationDate":"2022-09-15","email":"yytk@yalova.edu.tr","phone":"+905551112233","instagram":"instagram.com/yytk","approved":"true","presidentId":null,"presidentUsername":null,"createdAt":"2025-11-22","status":"Terminated"}],"pageNumber":0,"pageSize":5,"totalElements":1,"totalPages":1,"last":true}}

2025-11-25 17:43:16.926 [trace:] [user:] [role:] [op:] DEBUG org.hibernate.SQL - 
    select
        ue1_0.id,
        ue1_0.created_at,
        ue1_0.created_by,
        ue1_0.email,
        ue1_0.password,
        ue1_0.role,
        ue1_0.updated_at,
        ue1_0.updated_by,
        ue1_0.username,
        ue1_0.version 
    from
        uniclub.users ue1_0 
    where
        ue1_0.username=?
2025-11-25 17:43:16.927 [trace:] [user:] [role:] [op:] DEBUG org.hibernate.SQL - 
    select
        ce1_0.id,
        ce1_0.approved,
        ce1_0.club_name,
        ce1_0.created_at,
        ce1_0.created_by,
        ce1_0.description,
        ce1_0.email,
        ce1_0.foundation_date,
        ce1_0.instagram,
        ce1_0.logo_url,
        ce1_0.phone,
        p1_0.id,
        p1_0.created_at,
        p1_0.created_by,
        p1_0.email,
        p1_0.password,
        p1_0.role,
        p1_0.updated_at,
        p1_0.updated_by,
        p1_0.username,
        p1_0.version,
        ce1_0.short_name,
        ce1_0.status,
        ce1_0.updated_at,
        ce1_0.updated_by,
        ce1_0.version 
    from
        uniclub.clubs ce1_0 
    left join
        uniclub.users p1_0 
            on p1_0.id=ce1_0.president_id 
    where
        ce1_0.president_id=?
2025-11-25 17:43:16.931 [trace:c59d764c-f0d5-4cc8-af22-bf52e5e08431] [user:admin] [role:[]] [op:] INFO  c.uniClub.logging.MDCLoggingFilter - REQUEST
traceId=c59d764c-f0d5-4cc8-af22-bf52e5e08431 | method=GET | uri=/api/clubs | ip=0:0:0:0:0:0:0:1
headers=[host=localhost:8080, connection=keep-alive, sec-ch-ua-platform="Windows", authorization=Bearer eyJhbGciOiJIUzI1NiJ9.eyJyb2xlIjoiQURNSU4iLCJzdWIiOiJhZG1pbiIsImlhdCI6MTc2NDA3ODkzMCwiZXhwIjoxNzY0MDg2MTMwfQ.Cj2OzDlXyrl1NHTrGL1vmTGF7YFmlFUjapn5i1RXbys, user-agent=Mozilla/5.0 (Windows NT 10.0; Win64; x64) AppleWebKit/537.36 (KHTML, like Gecko) Chrome/142.0.0.0 Safari/537.36, accept=application/json, text/plain, */*, sec-ch-ua="Chromium";v="142", "Google Chrome";v="142", "Not_A Brand";v="99", sec-ch-ua-mobile=?0, origin=http://localhost:5173, sec-fetch-site=same-site, sec-fetch-mode=cors, sec-fetch-dest=empty, referer=http://localhost:5173/, accept-encoding=gzip, deflate, br, zstd, accept-language=tr-TR,tr;q=0.9,en-US;q=0.8,en;q=0.7, ]
body=(empty)

2025-11-25 17:43:16.932 [trace:c59d764c-f0d5-4cc8-af22-bf52e5e08431] [user:admin] [role:[]] [op:FIND_ALL_CLUBS] INFO  com.uniClub.logging.LoggingAspect - START [FIND_ALL_CLUBS] -> Method: ClubServiceImpl.getAllPaged(..), Args: [Page request [number: 0, size 5, sort: clubName: ASC]]
2025-11-25 17:43:16.935 [trace:c59d764c-f0d5-4cc8-af22-bf52e5e08431] [user:admin] [role:[]] [op:FIND_ALL_CLUBS] DEBUG org.hibernate.SQL - 
    select
        ce1_0.id,
        ce1_0.approved,
        ce1_0.club_name,
        ce1_0.created_at,
        ce1_0.created_by,
        ce1_0.description,
        ce1_0.email,
        ce1_0.foundation_date,
        ce1_0.instagram,
        ce1_0.logo_url,
        ce1_0.phone,
        ce1_0.president_id,
        ce1_0.short_name,
        ce1_0.status,
        ce1_0.updated_at,
        ce1_0.updated_by,
        ce1_0.version 
    from
        uniclub.clubs ce1_0 
    order by
        ce1_0.club_name 
    offset
        ? rows 
    fetch
        first ? rows only
2025-11-25 17:43:16.935 [trace:c59d764c-f0d5-4cc8-af22-bf52e5e08431] [user:admin] [role:[]] [op:FIND_ALL_CLUBS] INFO  com.uniClub.logging.LoggingAspect - END [FIND_ALL_CLUBS] -> Duration: 3 ms
2025-11-25 17:43:16.935 [trace:c59d764c-f0d5-4cc8-af22-bf52e5e08431] [user:admin] [role:[]] [op:] INFO  c.uniClub.logging.MDCLoggingFilter - RESPONSE
traceId=c59d764c-f0d5-4cc8-af22-bf52e5e08431 | status=200 | duration=4ms
body={"status":200,"payload":{"content":[{"id":1,"clubName":"Yalova Yazılım ve Teknoloji Kulübü","shortName":"YYTK","logoUrl":"https://uniclub.yalova.edu.tr/logos/yytk.png","foundationDate":"2022-09-15","email":"yytk@yalova.edu.tr","phone":"+905551112233","instagram":"instagram.com/yytk","approved":"true","presidentId":null,"presidentUsername":null,"createdAt":"2025-11-22","status":"Terminated"}],"pageNumber":0,"pageSize":5,"totalElements":1,"totalPages":1,"last":true}}

2025-11-25 17:43:16.942 [trace:] [user:] [role:] [op:] DEBUG org.hibernate.SQL - 
    select
        ue1_0.id,
        ue1_0.created_at,
        ue1_0.created_by,
        ue1_0.email,
        ue1_0.password,
        ue1_0.role,
        ue1_0.updated_at,
        ue1_0.updated_by,
        ue1_0.username,
        ue1_0.version 
    from
        uniclub.users ue1_0 
    where
        ue1_0.username=?
2025-11-25 17:43:16.942 [trace:] [user:] [role:] [op:] DEBUG org.hibernate.SQL - 
    select
        ce1_0.id,
        ce1_0.approved,
        ce1_0.club_name,
        ce1_0.created_at,
        ce1_0.created_by,
        ce1_0.description,
        ce1_0.email,
        ce1_0.foundation_date,
        ce1_0.instagram,
        ce1_0.logo_url,
        ce1_0.phone,
        p1_0.id,
        p1_0.created_at,
        p1_0.created_by,
        p1_0.email,
        p1_0.password,
        p1_0.role,
        p1_0.updated_at,
        p1_0.updated_by,
        p1_0.username,
        p1_0.version,
        ce1_0.short_name,
        ce1_0.status,
        ce1_0.updated_at,
        ce1_0.updated_by,
        ce1_0.version 
    from
        uniclub.clubs ce1_0 
    left join
        uniclub.users p1_0 
            on p1_0.id=ce1_0.president_id 
    where
        ce1_0.president_id=?
2025-11-25 17:43:16.945 [trace:2b614c10-35e4-48dd-8acc-d0d3738e0d39] [user:admin] [role:[]] [op:] INFO  c.uniClub.logging.MDCLoggingFilter - REQUEST
traceId=2b614c10-35e4-48dd-8acc-d0d3738e0d39 | method=GET | uri=/api/clubs | ip=0:0:0:0:0:0:0:1
headers=[host=localhost:8080, connection=keep-alive, sec-ch-ua-platform="Windows", authorization=Bearer eyJhbGciOiJIUzI1NiJ9.eyJyb2xlIjoiQURNSU4iLCJzdWIiOiJhZG1pbiIsImlhdCI6MTc2NDA3ODkzMCwiZXhwIjoxNzY0MDg2MTMwfQ.Cj2OzDlXyrl1NHTrGL1vmTGF7YFmlFUjapn5i1RXbys, user-agent=Mozilla/5.0 (Windows NT 10.0; Win64; x64) AppleWebKit/537.36 (KHTML, like Gecko) Chrome/142.0.0.0 Safari/537.36, accept=application/json, text/plain, */*, sec-ch-ua="Chromium";v="142", "Google Chrome";v="142", "Not_A Brand";v="99", sec-ch-ua-mobile=?0, origin=http://localhost:5173, sec-fetch-site=same-site, sec-fetch-mode=cors, sec-fetch-dest=empty, referer=http://localhost:5173/, accept-encoding=gzip, deflate, br, zstd, accept-language=tr-TR,tr;q=0.9,en-US;q=0.8,en;q=0.7, ]
body=(empty)

2025-11-25 17:43:16.947 [trace:2b614c10-35e4-48dd-8acc-d0d3738e0d39] [user:admin] [role:[]] [op:FIND_ALL_CLUBS] INFO  com.uniClub.logging.LoggingAspect - START [FIND_ALL_CLUBS] -> Method: ClubServiceImpl.getAllPaged(..), Args: [Page request [number: 0, size 5, sort: clubName: ASC]]
2025-11-25 17:43:16.947 [trace:2b614c10-35e4-48dd-8acc-d0d3738e0d39] [user:admin] [role:[]] [op:FIND_ALL_CLUBS] DEBUG org.hibernate.SQL - 
    select
        ce1_0.id,
        ce1_0.approved,
        ce1_0.club_name,
        ce1_0.created_at,
        ce1_0.created_by,
        ce1_0.description,
        ce1_0.email,
        ce1_0.foundation_date,
        ce1_0.instagram,
        ce1_0.logo_url,
        ce1_0.phone,
        ce1_0.president_id,
        ce1_0.short_name,
        ce1_0.status,
        ce1_0.updated_at,
        ce1_0.updated_by,
        ce1_0.version 
    from
        uniclub.clubs ce1_0 
    order by
        ce1_0.club_name 
    offset
        ? rows 
    fetch
        first ? rows only
2025-11-25 17:43:16.951 [trace:2b614c10-35e4-48dd-8acc-d0d3738e0d39] [user:admin] [role:[]] [op:FIND_ALL_CLUBS] INFO  com.uniClub.logging.LoggingAspect - END [FIND_ALL_CLUBS] -> Duration: 2 ms
2025-11-25 17:43:16.954 [trace:2b614c10-35e4-48dd-8acc-d0d3738e0d39] [user:admin] [role:[]] [op:] INFO  c.uniClub.logging.MDCLoggingFilter - RESPONSE
traceId=2b614c10-35e4-48dd-8acc-d0d3738e0d39 | status=200 | duration=8ms
body={"status":200,"payload":{"content":[{"id":1,"clubName":"Yalova Yazılım ve Teknoloji Kulübü","shortName":"YYTK","logoUrl":"https://uniclub.yalova.edu.tr/logos/yytk.png","foundationDate":"2022-09-15","email":"yytk@yalova.edu.tr","phone":"+905551112233","instagram":"instagram.com/yytk","approved":"true","presidentId":null,"presidentUsername":null,"createdAt":"2025-11-22","status":"Terminated"}],"pageNumber":0,"pageSize":5,"totalElements":1,"totalPages":1,"last":true}}

2025-11-25 17:43:32.504 [trace:] [user:] [role:] [op:] DEBUG org.hibernate.SQL - 
    select
        ue1_0.id,
        ue1_0.created_at,
        ue1_0.created_by,
        ue1_0.email,
        ue1_0.password,
        ue1_0.role,
        ue1_0.updated_at,
        ue1_0.updated_by,
        ue1_0.username,
        ue1_0.version 
    from
        uniclub.users ue1_0 
    where
        ue1_0.username=?
2025-11-25 17:43:32.506 [trace:] [user:] [role:] [op:] DEBUG org.hibernate.SQL - 
    select
        ce1_0.id,
        ce1_0.approved,
        ce1_0.club_name,
        ce1_0.created_at,
        ce1_0.created_by,
        ce1_0.description,
        ce1_0.email,
        ce1_0.foundation_date,
        ce1_0.instagram,
        ce1_0.logo_url,
        ce1_0.phone,
        p1_0.id,
        p1_0.created_at,
        p1_0.created_by,
        p1_0.email,
        p1_0.password,
        p1_0.role,
        p1_0.updated_at,
        p1_0.updated_by,
        p1_0.username,
        p1_0.version,
        ce1_0.short_name,
        ce1_0.status,
        ce1_0.updated_at,
        ce1_0.updated_by,
        ce1_0.version 
    from
        uniclub.clubs ce1_0 
    left join
        uniclub.users p1_0 
            on p1_0.id=ce1_0.president_id 
    where
        ce1_0.president_id=?
2025-11-25 17:43:32.508 [trace:67710c92-0ec7-4d49-b143-bbe3f95156ae] [user:admin] [role:[]] [op:] INFO  c.uniClub.logging.MDCLoggingFilter - REQUEST
traceId=67710c92-0ec7-4d49-b143-bbe3f95156ae | method=GET | uri=/api/clubs | ip=0:0:0:0:0:0:0:1
headers=[host=localhost:8080, connection=keep-alive, sec-ch-ua-platform="Windows", authorization=Bearer eyJhbGciOiJIUzI1NiJ9.eyJyb2xlIjoiQURNSU4iLCJzdWIiOiJhZG1pbiIsImlhdCI6MTc2NDA3ODkzMCwiZXhwIjoxNzY0MDg2MTMwfQ.Cj2OzDlXyrl1NHTrGL1vmTGF7YFmlFUjapn5i1RXbys, user-agent=Mozilla/5.0 (Windows NT 10.0; Win64; x64) AppleWebKit/537.36 (KHTML, like Gecko) Chrome/142.0.0.0 Safari/537.36, accept=application/json, text/plain, */*, sec-ch-ua="Chromium";v="142", "Google Chrome";v="142", "Not_A Brand";v="99", sec-ch-ua-mobile=?0, origin=http://localhost:5173, sec-fetch-site=same-site, sec-fetch-mode=cors, sec-fetch-dest=empty, referer=http://localhost:5173/, accept-encoding=gzip, deflate, br, zstd, accept-language=tr-TR,tr;q=0.9,en-US;q=0.8,en;q=0.7, ]
body=(empty)

2025-11-25 17:43:32.508 [trace:67710c92-0ec7-4d49-b143-bbe3f95156ae] [user:admin] [role:[]] [op:FIND_ALL_CLUBS] INFO  com.uniClub.logging.LoggingAspect - START [FIND_ALL_CLUBS] -> Method: ClubServiceImpl.getAllPaged(..), Args: [Page request [number: 0, size 5, sort: clubName: ASC]]
2025-11-25 17:43:32.508 [trace:67710c92-0ec7-4d49-b143-bbe3f95156ae] [user:admin] [role:[]] [op:FIND_ALL_CLUBS] DEBUG org.hibernate.SQL - 
    select
        ce1_0.id,
        ce1_0.approved,
        ce1_0.club_name,
        ce1_0.created_at,
        ce1_0.created_by,
        ce1_0.description,
        ce1_0.email,
        ce1_0.foundation_date,
        ce1_0.instagram,
        ce1_0.logo_url,
        ce1_0.phone,
        ce1_0.president_id,
        ce1_0.short_name,
        ce1_0.status,
        ce1_0.updated_at,
        ce1_0.updated_by,
        ce1_0.version 
    from
        uniclub.clubs ce1_0 
    order by
        ce1_0.club_name 
    offset
        ? rows 
    fetch
        first ? rows only
2025-11-25 17:43:32.508 [trace:67710c92-0ec7-4d49-b143-bbe3f95156ae] [user:admin] [role:[]] [op:FIND_ALL_CLUBS] INFO  com.uniClub.logging.LoggingAspect - END [FIND_ALL_CLUBS] -> Duration: 2 ms
2025-11-25 17:43:32.508 [trace:67710c92-0ec7-4d49-b143-bbe3f95156ae] [user:admin] [role:[]] [op:] INFO  c.uniClub.logging.MDCLoggingFilter - RESPONSE
traceId=67710c92-0ec7-4d49-b143-bbe3f95156ae | status=200 | duration=0ms
body={"status":200,"payload":{"content":[{"id":1,"clubName":"Yalova Yazılım ve Teknoloji Kulübü","shortName":"YYTK","logoUrl":"https://uniclub.yalova.edu.tr/logos/yytk.png","foundationDate":"2022-09-15","email":"yytk@yalova.edu.tr","phone":"+905551112233","instagram":"instagram.com/yytk","approved":"true","presidentId":null,"presidentUsername":null,"createdAt":"2025-11-22","status":"Terminated"}],"pageNumber":0,"pageSize":5,"totalElements":1,"totalPages":1,"last":true}}

2025-11-25 17:43:32.525 [trace:] [user:] [role:] [op:] DEBUG org.hibernate.SQL - 
    select
        ue1_0.id,
        ue1_0.created_at,
        ue1_0.created_by,
        ue1_0.email,
        ue1_0.password,
        ue1_0.role,
        ue1_0.updated_at,
        ue1_0.updated_by,
        ue1_0.username,
        ue1_0.version 
    from
        uniclub.users ue1_0 
    where
        ue1_0.username=?
2025-11-25 17:43:32.526 [trace:] [user:] [role:] [op:] DEBUG org.hibernate.SQL - 
    select
        ce1_0.id,
        ce1_0.approved,
        ce1_0.club_name,
        ce1_0.created_at,
        ce1_0.created_by,
        ce1_0.description,
        ce1_0.email,
        ce1_0.foundation_date,
        ce1_0.instagram,
        ce1_0.logo_url,
        ce1_0.phone,
        p1_0.id,
        p1_0.created_at,
        p1_0.created_by,
        p1_0.email,
        p1_0.password,
        p1_0.role,
        p1_0.updated_at,
        p1_0.updated_by,
        p1_0.username,
        p1_0.version,
        ce1_0.short_name,
        ce1_0.status,
        ce1_0.updated_at,
        ce1_0.updated_by,
        ce1_0.version 
    from
        uniclub.clubs ce1_0 
    left join
        uniclub.users p1_0 
            on p1_0.id=ce1_0.president_id 
    where
        ce1_0.president_id=?
2025-11-25 17:43:32.531 [trace:ccd0f149-690e-4298-90d4-50cab1d5f0bc] [user:admin] [role:[]] [op:] INFO  c.uniClub.logging.MDCLoggingFilter - REQUEST
traceId=ccd0f149-690e-4298-90d4-50cab1d5f0bc | method=GET | uri=/api/clubs | ip=0:0:0:0:0:0:0:1
headers=[host=localhost:8080, connection=keep-alive, sec-ch-ua-platform="Windows", authorization=Bearer eyJhbGciOiJIUzI1NiJ9.eyJyb2xlIjoiQURNSU4iLCJzdWIiOiJhZG1pbiIsImlhdCI6MTc2NDA3ODkzMCwiZXhwIjoxNzY0MDg2MTMwfQ.Cj2OzDlXyrl1NHTrGL1vmTGF7YFmlFUjapn5i1RXbys, user-agent=Mozilla/5.0 (Windows NT 10.0; Win64; x64) AppleWebKit/537.36 (KHTML, like Gecko) Chrome/142.0.0.0 Safari/537.36, accept=application/json, text/plain, */*, sec-ch-ua="Chromium";v="142", "Google Chrome";v="142", "Not_A Brand";v="99", sec-ch-ua-mobile=?0, origin=http://localhost:5173, sec-fetch-site=same-site, sec-fetch-mode=cors, sec-fetch-dest=empty, referer=http://localhost:5173/, accept-encoding=gzip, deflate, br, zstd, accept-language=tr-TR,tr;q=0.9,en-US;q=0.8,en;q=0.7, ]
body=(empty)

2025-11-25 17:43:32.533 [trace:ccd0f149-690e-4298-90d4-50cab1d5f0bc] [user:admin] [role:[]] [op:FIND_ALL_CLUBS] INFO  com.uniClub.logging.LoggingAspect - START [FIND_ALL_CLUBS] -> Method: ClubServiceImpl.getAllPaged(..), Args: [Page request [number: 0, size 5, sort: clubName: ASC]]
2025-11-25 17:43:32.536 [trace:ccd0f149-690e-4298-90d4-50cab1d5f0bc] [user:admin] [role:[]] [op:FIND_ALL_CLUBS] DEBUG org.hibernate.SQL - 
    select
        ce1_0.id,
        ce1_0.approved,
        ce1_0.club_name,
        ce1_0.created_at,
        ce1_0.created_by,
        ce1_0.description,
        ce1_0.email,
        ce1_0.foundation_date,
        ce1_0.instagram,
        ce1_0.logo_url,
        ce1_0.phone,
        ce1_0.president_id,
        ce1_0.short_name,
        ce1_0.status,
        ce1_0.updated_at,
        ce1_0.updated_by,
        ce1_0.version 
    from
        uniclub.clubs ce1_0 
    order by
        ce1_0.club_name 
    offset
        ? rows 
    fetch
        first ? rows only
2025-11-25 17:43:32.538 [trace:ccd0f149-690e-4298-90d4-50cab1d5f0bc] [user:admin] [role:[]] [op:FIND_ALL_CLUBS] INFO  com.uniClub.logging.LoggingAspect - END [FIND_ALL_CLUBS] -> Duration: 4 ms
2025-11-25 17:43:32.540 [trace:ccd0f149-690e-4298-90d4-50cab1d5f0bc] [user:admin] [role:[]] [op:] INFO  c.uniClub.logging.MDCLoggingFilter - RESPONSE
traceId=ccd0f149-690e-4298-90d4-50cab1d5f0bc | status=200 | duration=9ms
body={"status":200,"payload":{"content":[{"id":1,"clubName":"Yalova Yazılım ve Teknoloji Kulübü","shortName":"YYTK","logoUrl":"https://uniclub.yalova.edu.tr/logos/yytk.png","foundationDate":"2022-09-15","email":"yytk@yalova.edu.tr","phone":"+905551112233","instagram":"instagram.com/yytk","approved":"true","presidentId":null,"presidentUsername":null,"createdAt":"2025-11-22","status":"Terminated"}],"pageNumber":0,"pageSize":5,"totalElements":1,"totalPages":1,"last":true}}

2025-11-25 17:43:33.950 [trace:] [user:] [role:] [op:] DEBUG org.hibernate.SQL - 
    select
        ue1_0.id,
        ue1_0.created_at,
        ue1_0.created_by,
        ue1_0.email,
        ue1_0.password,
        ue1_0.role,
        ue1_0.updated_at,
        ue1_0.updated_by,
        ue1_0.username,
        ue1_0.version 
    from
        uniclub.users ue1_0 
    where
        ue1_0.username=?
2025-11-25 17:43:33.952 [trace:] [user:] [role:] [op:] DEBUG org.hibernate.SQL - 
    select
        ce1_0.id,
        ce1_0.approved,
        ce1_0.club_name,
        ce1_0.created_at,
        ce1_0.created_by,
        ce1_0.description,
        ce1_0.email,
        ce1_0.foundation_date,
        ce1_0.instagram,
        ce1_0.logo_url,
        ce1_0.phone,
        p1_0.id,
        p1_0.created_at,
        p1_0.created_by,
        p1_0.email,
        p1_0.password,
        p1_0.role,
        p1_0.updated_at,
        p1_0.updated_by,
        p1_0.username,
        p1_0.version,
        ce1_0.short_name,
        ce1_0.status,
        ce1_0.updated_at,
        ce1_0.updated_by,
        ce1_0.version 
    from
        uniclub.clubs ce1_0 
    left join
        uniclub.users p1_0 
            on p1_0.id=ce1_0.president_id 
    where
        ce1_0.president_id=?
2025-11-25 17:43:33.956 [trace:42d82437-5221-4491-887a-b267713698a3] [user:admin] [role:[]] [op:] INFO  c.uniClub.logging.MDCLoggingFilter - REQUEST
traceId=42d82437-5221-4491-887a-b267713698a3 | method=GET | uri=/api/clubs/1 | ip=0:0:0:0:0:0:0:1
headers=[host=localhost:8080, connection=keep-alive, sec-ch-ua-platform="Windows", authorization=Bearer eyJhbGciOiJIUzI1NiJ9.eyJyb2xlIjoiQURNSU4iLCJzdWIiOiJhZG1pbiIsImlhdCI6MTc2NDA3ODkzMCwiZXhwIjoxNzY0MDg2MTMwfQ.Cj2OzDlXyrl1NHTrGL1vmTGF7YFmlFUjapn5i1RXbys, user-agent=Mozilla/5.0 (Windows NT 10.0; Win64; x64) AppleWebKit/537.36 (KHTML, like Gecko) Chrome/142.0.0.0 Safari/537.36, accept=application/json, text/plain, */*, sec-ch-ua="Chromium";v="142", "Google Chrome";v="142", "Not_A Brand";v="99", sec-ch-ua-mobile=?0, origin=http://localhost:5173, sec-fetch-site=same-site, sec-fetch-mode=cors, sec-fetch-dest=empty, referer=http://localhost:5173/, accept-encoding=gzip, deflate, br, zstd, accept-language=tr-TR,tr;q=0.9,en-US;q=0.8,en;q=0.7, ]
body=(empty)

2025-11-25 17:43:33.957 [trace:42d82437-5221-4491-887a-b267713698a3] [user:admin] [role:[]] [op:FIND_CLUB] INFO  com.uniClub.logging.LoggingAspect - START [FIND_CLUB] -> Method: ClubServiceImpl.getClubById(..), Args: [1]
2025-11-25 17:43:33.958 [trace:42d82437-5221-4491-887a-b267713698a3] [user:admin] [role:[]] [op:FIND_CLUB] DEBUG org.hibernate.SQL - 
    select
        ce1_0.id,
        ce1_0.approved,
        ce1_0.club_name,
        ce1_0.created_at,
        ce1_0.created_by,
        ce1_0.description,
        ce1_0.email,
        ce1_0.foundation_date,
        ce1_0.instagram,
        ce1_0.logo_url,
        ce1_0.phone,
        p1_0.id,
        p1_0.created_at,
        p1_0.created_by,
        p1_0.email,
        p1_0.password,
        p1_0.role,
        p1_0.updated_at,
        p1_0.updated_by,
        p1_0.username,
        p1_0.version,
        ce1_0.short_name,
        ce1_0.status,
        ce1_0.updated_at,
        ce1_0.updated_by,
        ce1_0.version 
    from
        uniclub.clubs ce1_0 
    left join
        uniclub.users p1_0 
            on p1_0.id=ce1_0.president_id 
    where
        ce1_0.id=?
2025-11-25 17:43:33.960 [trace:42d82437-5221-4491-887a-b267713698a3] [user:admin] [role:[]] [op:FIND_CLUB] INFO  com.uniClub.logging.LoggingAspect - END [FIND_CLUB] -> Duration: 2 ms
2025-11-25 17:43:33.962 [trace:42d82437-5221-4491-887a-b267713698a3] [user:admin] [role:[]] [op:] INFO  c.uniClub.logging.MDCLoggingFilter - RESPONSE
traceId=42d82437-5221-4491-887a-b267713698a3 | status=200 | duration=6ms
body={"status":200,"payload":{"id":1,"clubName":"Yalova Yazılım ve Teknoloji Kulübü","shortName":"YYTK","logoUrl":"https://uniclub.yalova.edu.tr/logos/yytk.png","foundationDate":"2022-09-15","email":"yytk@yalova.edu.tr","phone":"+905551112233","instagram":"instagram.com/yytk","approved":"true","presidentId":null,"presidentUsername":null,"createdAt":"2025-11-22","status":"Terminated"}}

2025-11-25 17:43:33.966 [trace:] [user:] [role:] [op:] DEBUG org.hibernate.SQL - 
    select
        ue1_0.id,
        ue1_0.created_at,
        ue1_0.created_by,
        ue1_0.email,
        ue1_0.password,
        ue1_0.role,
        ue1_0.updated_at,
        ue1_0.updated_by,
        ue1_0.username,
        ue1_0.version 
    from
        uniclub.users ue1_0 
    where
        ue1_0.username=?
2025-11-25 17:43:33.967 [trace:] [user:] [role:] [op:] DEBUG org.hibernate.SQL - 
    select
        ce1_0.id,
        ce1_0.approved,
        ce1_0.club_name,
        ce1_0.created_at,
        ce1_0.created_by,
        ce1_0.description,
        ce1_0.email,
        ce1_0.foundation_date,
        ce1_0.instagram,
        ce1_0.logo_url,
        ce1_0.phone,
        p1_0.id,
        p1_0.created_at,
        p1_0.created_by,
        p1_0.email,
        p1_0.password,
        p1_0.role,
        p1_0.updated_at,
        p1_0.updated_by,
        p1_0.username,
        p1_0.version,
        ce1_0.short_name,
        ce1_0.status,
        ce1_0.updated_at,
        ce1_0.updated_by,
        ce1_0.version 
    from
        uniclub.clubs ce1_0 
    left join
        uniclub.users p1_0 
            on p1_0.id=ce1_0.president_id 
    where
        ce1_0.president_id=?
2025-11-25 17:43:33.971 [trace:e9bd15a9-cd23-4dcf-be6f-d2a6f9ed3b7d] [user:admin] [role:[]] [op:] INFO  c.uniClub.logging.MDCLoggingFilter - REQUEST
traceId=e9bd15a9-cd23-4dcf-be6f-d2a6f9ed3b7d | method=GET | uri=/api/clubs/1 | ip=0:0:0:0:0:0:0:1
headers=[host=localhost:8080, connection=keep-alive, sec-ch-ua-platform="Windows", authorization=Bearer eyJhbGciOiJIUzI1NiJ9.eyJyb2xlIjoiQURNSU4iLCJzdWIiOiJhZG1pbiIsImlhdCI6MTc2NDA3ODkzMCwiZXhwIjoxNzY0MDg2MTMwfQ.Cj2OzDlXyrl1NHTrGL1vmTGF7YFmlFUjapn5i1RXbys, user-agent=Mozilla/5.0 (Windows NT 10.0; Win64; x64) AppleWebKit/537.36 (KHTML, like Gecko) Chrome/142.0.0.0 Safari/537.36, accept=application/json, text/plain, */*, sec-ch-ua="Chromium";v="142", "Google Chrome";v="142", "Not_A Brand";v="99", sec-ch-ua-mobile=?0, origin=http://localhost:5173, sec-fetch-site=same-site, sec-fetch-mode=cors, sec-fetch-dest=empty, referer=http://localhost:5173/, accept-encoding=gzip, deflate, br, zstd, accept-language=tr-TR,tr;q=0.9,en-US;q=0.8,en;q=0.7, ]
body=(empty)

2025-11-25 17:43:33.972 [trace:e9bd15a9-cd23-4dcf-be6f-d2a6f9ed3b7d] [user:admin] [role:[]] [op:FIND_CLUB] INFO  com.uniClub.logging.LoggingAspect - START [FIND_CLUB] -> Method: ClubServiceImpl.getClubById(..), Args: [1]
2025-11-25 17:43:33.972 [trace:e9bd15a9-cd23-4dcf-be6f-d2a6f9ed3b7d] [user:admin] [role:[]] [op:FIND_CLUB] DEBUG org.hibernate.SQL - 
    select
        ce1_0.id,
        ce1_0.approved,
        ce1_0.club_name,
        ce1_0.created_at,
        ce1_0.created_by,
        ce1_0.description,
        ce1_0.email,
        ce1_0.foundation_date,
        ce1_0.instagram,
        ce1_0.logo_url,
        ce1_0.phone,
        p1_0.id,
        p1_0.created_at,
        p1_0.created_by,
        p1_0.email,
        p1_0.password,
        p1_0.role,
        p1_0.updated_at,
        p1_0.updated_by,
        p1_0.username,
        p1_0.version,
        ce1_0.short_name,
        ce1_0.status,
        ce1_0.updated_at,
        ce1_0.updated_by,
        ce1_0.version 
    from
        uniclub.clubs ce1_0 
    left join
        uniclub.users p1_0 
            on p1_0.id=ce1_0.president_id 
    where
        ce1_0.id=?
2025-11-25 17:43:33.974 [trace:e9bd15a9-cd23-4dcf-be6f-d2a6f9ed3b7d] [user:admin] [role:[]] [op:FIND_CLUB] INFO  com.uniClub.logging.LoggingAspect - END [FIND_CLUB] -> Duration: 2 ms
2025-11-25 17:43:33.976 [trace:e9bd15a9-cd23-4dcf-be6f-d2a6f9ed3b7d] [user:admin] [role:[]] [op:] INFO  c.uniClub.logging.MDCLoggingFilter - RESPONSE
traceId=e9bd15a9-cd23-4dcf-be6f-d2a6f9ed3b7d | status=200 | duration=5ms
body={"status":200,"payload":{"id":1,"clubName":"Yalova Yazılım ve Teknoloji Kulübü","shortName":"YYTK","logoUrl":"https://uniclub.yalova.edu.tr/logos/yytk.png","foundationDate":"2022-09-15","email":"yytk@yalova.edu.tr","phone":"+905551112233","instagram":"instagram.com/yytk","approved":"true","presidentId":null,"presidentUsername":null,"createdAt":"2025-11-22","status":"Terminated"}}

2025-11-25 17:43:38.566 [trace:] [user:] [role:] [op:] DEBUG org.hibernate.SQL - 
    select
        ue1_0.id,
        ue1_0.created_at,
        ue1_0.created_by,
        ue1_0.email,
        ue1_0.password,
        ue1_0.role,
        ue1_0.updated_at,
        ue1_0.updated_by,
        ue1_0.username,
        ue1_0.version 
    from
        uniclub.users ue1_0 
    where
        ue1_0.username=?
2025-11-25 17:43:38.567 [trace:] [user:] [role:] [op:] DEBUG org.hibernate.SQL - 
    select
        ce1_0.id,
        ce1_0.approved,
        ce1_0.club_name,
        ce1_0.created_at,
        ce1_0.created_by,
        ce1_0.description,
        ce1_0.email,
        ce1_0.foundation_date,
        ce1_0.instagram,
        ce1_0.logo_url,
        ce1_0.phone,
        p1_0.id,
        p1_0.created_at,
        p1_0.created_by,
        p1_0.email,
        p1_0.password,
        p1_0.role,
        p1_0.updated_at,
        p1_0.updated_by,
        p1_0.username,
        p1_0.version,
        ce1_0.short_name,
        ce1_0.status,
        ce1_0.updated_at,
        ce1_0.updated_by,
        ce1_0.version 
    from
        uniclub.clubs ce1_0 
    left join
        uniclub.users p1_0 
            on p1_0.id=ce1_0.president_id 
    where
        ce1_0.president_id=?
2025-11-25 17:43:38.573 [trace:4af64db8-d6f8-4432-8fd3-b5b6b78bbd1b] [user:admin] [role:[]] [op:] INFO  c.uniClub.logging.MDCLoggingFilter - REQUEST
traceId=4af64db8-d6f8-4432-8fd3-b5b6b78bbd1b | method=GET | uri=/api/event/list | ip=0:0:0:0:0:0:0:1
headers=[host=localhost:8080, connection=keep-alive, sec-ch-ua-platform="Windows", authorization=Bearer eyJhbGciOiJIUzI1NiJ9.eyJyb2xlIjoiQURNSU4iLCJzdWIiOiJhZG1pbiIsImlhdCI6MTc2NDA3ODkzMCwiZXhwIjoxNzY0MDg2MTMwfQ.Cj2OzDlXyrl1NHTrGL1vmTGF7YFmlFUjapn5i1RXbys, user-agent=Mozilla/5.0 (Windows NT 10.0; Win64; x64) AppleWebKit/537.36 (KHTML, like Gecko) Chrome/142.0.0.0 Safari/537.36, accept=application/json, text/plain, */*, sec-ch-ua="Chromium";v="142", "Google Chrome";v="142", "Not_A Brand";v="99", sec-ch-ua-mobile=?0, origin=http://localhost:5173, sec-fetch-site=same-site, sec-fetch-mode=cors, sec-fetch-dest=empty, referer=http://localhost:5173/, accept-encoding=gzip, deflate, br, zstd, accept-language=tr-TR,tr;q=0.9,en-US;q=0.8,en;q=0.7, ]
body=(empty)

2025-11-25 17:43:38.574 [trace:4af64db8-d6f8-4432-8fd3-b5b6b78bbd1b] [user:admin] [role:[]] [op:FIND_ALL_EVENTS] INFO  com.uniClub.logging.LoggingAspect - START [FIND_ALL_EVENTS] -> Method: EventServiceImpl.findAllEvents(), Args: []
2025-11-25 17:43:38.575 [trace:4af64db8-d6f8-4432-8fd3-b5b6b78bbd1b] [user:admin] [role:[]] [op:FIND_ALL_EVENTS] DEBUG org.hibernate.SQL - 
    select
        e1_0.id,
        e1_0.created_at,
        e1_0.created_by,
        e1_0.description,
        e1_0.event_date,
        e1_0.location,
        e1_0.participant_count,
        e1_0.title,
        e1_0.updated_at,
        e1_0.updated_by,
        e1_0.version 
    from
        uniclub.events e1_0 
    order by
        e1_0.event_date
2025-11-25 17:43:38.579 [trace:4af64db8-d6f8-4432-8fd3-b5b6b78bbd1b] [user:admin] [role:[]] [op:FIND_ALL_EVENTS] INFO  c.u.s.e.impl.EventServiceImpl - [EVENT_LISTED] total=3
2025-11-25 17:43:38.580 [trace:4af64db8-d6f8-4432-8fd3-b5b6b78bbd1b] [user:admin] [role:[]] [op:FIND_ALL_EVENTS] DEBUG org.hibernate.SQL - 
    select
        pi1_0.event_id,
        pi1_0.participant_id 
    from
        uniclub.event_participants pi1_0 
    where
        pi1_0.event_id=?
2025-11-25 17:43:38.582 [trace:4af64db8-d6f8-4432-8fd3-b5b6b78bbd1b] [user:admin] [role:[]] [op:FIND_ALL_EVENTS] DEBUG org.hibernate.SQL - 
    select
        pi1_0.event_id,
        pi1_0.participant_id 
    from
        uniclub.event_participants pi1_0 
    where
        pi1_0.event_id=?
2025-11-25 17:43:38.583 [trace:4af64db8-d6f8-4432-8fd3-b5b6b78bbd1b] [user:admin] [role:[]] [op:FIND_ALL_EVENTS] DEBUG org.hibernate.SQL - 
    select
        pi1_0.event_id,
        pi1_0.participant_id 
    from
        uniclub.event_participants pi1_0 
    where
        pi1_0.event_id=?
2025-11-25 17:43:38.583 [trace:4af64db8-d6f8-4432-8fd3-b5b6b78bbd1b] [user:admin] [role:[]] [op:FIND_ALL_EVENTS] INFO  com.uniClub.logging.LoggingAspect - END [FIND_ALL_EVENTS] -> Duration: 9 ms
2025-11-25 17:43:38.585 [trace:4af64db8-d6f8-4432-8fd3-b5b6b78bbd1b] [user:admin] [role:[]] [op:] INFO  c.uniClub.logging.MDCLoggingFilter - RESPONSE
traceId=4af64db8-d6f8-4432-8fd3-b5b6b78bbd1b | status=200 | duration=12ms
body={"status":200,"payload":[{"createdAt":"2025-10-29T15:55:31.864495","updatedAt":"2025-10-29T17:41:30.170936","createdBy":"admin","updatedBy":"admin","version":2,"id":9,"title":"huawein","description":"burda çok eğlencez","eventDate":"2025-10-31T12:54:05.315","location":"nemrutdağı","participantCount":-1,"participantIds":[],"clubIds":null},{"createdAt":"2025-10-15T14:51:47.386525","updatedAt":"2025-10-29T17:41:55.953512","createdBy":"admin","updatedBy":"admin","version":1,"id":7,"title":"string","description":"string","eventDate":"2025-11-15T11:51:34.183","location":"string","participantCount":1,"participantIds":["8046b87f-e57c-43f7-a694-bacf480e88b8"],"clubIds":null},{"createdAt":"2025-10-29T15:54:27.589385","updatedAt":"2025-10-29T15:54:27.589385","createdBy":"admin","updatedBy":"admin","version":0,"id":8,"title":"dağkampıo","description":"burda çok eğlencez","eventDate":"2025-11-29T12:54:05.315","location":"ağrı dağı","participantCount":0,"participantIds":[],"clubIds":null}]}

2025-11-25 17:43:38.592 [trace:] [user:] [role:] [op:] DEBUG org.hibernate.SQL - 
    select
        ue1_0.id,
        ue1_0.created_at,
        ue1_0.created_by,
        ue1_0.email,
        ue1_0.password,
        ue1_0.role,
        ue1_0.updated_at,
        ue1_0.updated_by,
        ue1_0.username,
        ue1_0.version 
    from
        uniclub.users ue1_0 
    where
        ue1_0.username=?
2025-11-25 17:43:38.592 [trace:] [user:] [role:] [op:] DEBUG org.hibernate.SQL - 
    select
        ce1_0.id,
        ce1_0.approved,
        ce1_0.club_name,
        ce1_0.created_at,
        ce1_0.created_by,
        ce1_0.description,
        ce1_0.email,
        ce1_0.foundation_date,
        ce1_0.instagram,
        ce1_0.logo_url,
        ce1_0.phone,
        p1_0.id,
        p1_0.created_at,
        p1_0.created_by,
        p1_0.email,
        p1_0.password,
        p1_0.role,
        p1_0.updated_at,
        p1_0.updated_by,
        p1_0.username,
        p1_0.version,
        ce1_0.short_name,
        ce1_0.status,
        ce1_0.updated_at,
        ce1_0.updated_by,
        ce1_0.version 
    from
        uniclub.clubs ce1_0 
    left join
        uniclub.users p1_0 
            on p1_0.id=ce1_0.president_id 
    where
        ce1_0.president_id=?
2025-11-25 17:43:38.592 [trace:5f2ac89b-20d2-4f0b-9d63-c5d8b368ded2] [user:admin] [role:[]] [op:] INFO  c.uniClub.logging.MDCLoggingFilter - REQUEST
traceId=5f2ac89b-20d2-4f0b-9d63-c5d8b368ded2 | method=GET | uri=/api/event/list | ip=0:0:0:0:0:0:0:1
headers=[host=localhost:8080, connection=keep-alive, sec-ch-ua-platform="Windows", authorization=Bearer eyJhbGciOiJIUzI1NiJ9.eyJyb2xlIjoiQURNSU4iLCJzdWIiOiJhZG1pbiIsImlhdCI6MTc2NDA3ODkzMCwiZXhwIjoxNzY0MDg2MTMwfQ.Cj2OzDlXyrl1NHTrGL1vmTGF7YFmlFUjapn5i1RXbys, user-agent=Mozilla/5.0 (Windows NT 10.0; Win64; x64) AppleWebKit/537.36 (KHTML, like Gecko) Chrome/142.0.0.0 Safari/537.36, accept=application/json, text/plain, */*, sec-ch-ua="Chromium";v="142", "Google Chrome";v="142", "Not_A Brand";v="99", sec-ch-ua-mobile=?0, origin=http://localhost:5173, sec-fetch-site=same-site, sec-fetch-mode=cors, sec-fetch-dest=empty, referer=http://localhost:5173/, accept-encoding=gzip, deflate, br, zstd, accept-language=tr-TR,tr;q=0.9,en-US;q=0.8,en;q=0.7, ]
body=(empty)

2025-11-25 17:43:38.592 [trace:5f2ac89b-20d2-4f0b-9d63-c5d8b368ded2] [user:admin] [role:[]] [op:FIND_ALL_EVENTS] INFO  com.uniClub.logging.LoggingAspect - START [FIND_ALL_EVENTS] -> Method: EventServiceImpl.findAllEvents(), Args: []
2025-11-25 17:43:38.592 [trace:5f2ac89b-20d2-4f0b-9d63-c5d8b368ded2] [user:admin] [role:[]] [op:FIND_ALL_EVENTS] DEBUG org.hibernate.SQL - 
    select
        e1_0.id,
        e1_0.created_at,
        e1_0.created_by,
        e1_0.description,
        e1_0.event_date,
        e1_0.location,
        e1_0.participant_count,
        e1_0.title,
        e1_0.updated_at,
        e1_0.updated_by,
        e1_0.version 
    from
        uniclub.events e1_0 
    order by
        e1_0.event_date
2025-11-25 17:43:38.592 [trace:5f2ac89b-20d2-4f0b-9d63-c5d8b368ded2] [user:admin] [role:[]] [op:FIND_ALL_EVENTS] INFO  c.u.s.e.impl.EventServiceImpl - [EVENT_LISTED] total=3
2025-11-25 17:43:38.592 [trace:5f2ac89b-20d2-4f0b-9d63-c5d8b368ded2] [user:admin] [role:[]] [op:FIND_ALL_EVENTS] DEBUG org.hibernate.SQL - 
    select
        pi1_0.event_id,
        pi1_0.participant_id 
    from
        uniclub.event_participants pi1_0 
    where
        pi1_0.event_id=?
2025-11-25 17:43:38.592 [trace:5f2ac89b-20d2-4f0b-9d63-c5d8b368ded2] [user:admin] [role:[]] [op:FIND_ALL_EVENTS] DEBUG org.hibernate.SQL - 
    select
        pi1_0.event_id,
        pi1_0.participant_id 
    from
        uniclub.event_participants pi1_0 
    where
        pi1_0.event_id=?
2025-11-25 17:43:38.592 [trace:5f2ac89b-20d2-4f0b-9d63-c5d8b368ded2] [user:admin] [role:[]] [op:FIND_ALL_EVENTS] DEBUG org.hibernate.SQL - 
    select
        pi1_0.event_id,
        pi1_0.participant_id 
    from
        uniclub.event_participants pi1_0 
    where
        pi1_0.event_id=?
2025-11-25 17:43:38.592 [trace:5f2ac89b-20d2-4f0b-9d63-c5d8b368ded2] [user:admin] [role:[]] [op:FIND_ALL_EVENTS] INFO  com.uniClub.logging.LoggingAspect - END [FIND_ALL_EVENTS] -> Duration: 5 ms
2025-11-25 17:43:38.592 [trace:5f2ac89b-20d2-4f0b-9d63-c5d8b368ded2] [user:admin] [role:[]] [op:] INFO  c.uniClub.logging.MDCLoggingFilter - RESPONSE
traceId=5f2ac89b-20d2-4f0b-9d63-c5d8b368ded2 | status=200 | duration=0ms
body={"status":200,"payload":[{"createdAt":"2025-10-29T15:55:31.864495","updatedAt":"2025-10-29T17:41:30.170936","createdBy":"admin","updatedBy":"admin","version":2,"id":9,"title":"huawein","description":"burda çok eğlencez","eventDate":"2025-10-31T12:54:05.315","location":"nemrutdağı","participantCount":-1,"participantIds":[],"clubIds":null},{"createdAt":"2025-10-15T14:51:47.386525","updatedAt":"2025-10-29T17:41:55.953512","createdBy":"admin","updatedBy":"admin","version":1,"id":7,"title":"string","description":"string","eventDate":"2025-11-15T11:51:34.183","location":"string","participantCount":1,"participantIds":["8046b87f-e57c-43f7-a694-bacf480e88b8"],"clubIds":null},{"createdAt":"2025-10-29T15:54:27.589385","updatedAt":"2025-10-29T15:54:27.589385","createdBy":"admin","updatedBy":"admin","version":0,"id":8,"title":"dağkampıo","description":"burda çok eğlencez","eventDate":"2025-11-29T12:54:05.315","location":"ağrı dağı","participantCount":0,"participantIds":[],"clubIds":null}]}

2025-11-25 17:43:39.571 [trace:] [user:] [role:] [op:] DEBUG org.hibernate.SQL - 
    select
        ue1_0.id,
        ue1_0.created_at,
        ue1_0.created_by,
        ue1_0.email,
        ue1_0.password,
        ue1_0.role,
        ue1_0.updated_at,
        ue1_0.updated_by,
        ue1_0.username,
        ue1_0.version 
    from
        uniclub.users ue1_0 
    where
        ue1_0.username=?
2025-11-25 17:43:39.572 [trace:] [user:] [role:] [op:] DEBUG org.hibernate.SQL - 
    select
        ce1_0.id,
        ce1_0.approved,
        ce1_0.club_name,
        ce1_0.created_at,
        ce1_0.created_by,
        ce1_0.description,
        ce1_0.email,
        ce1_0.foundation_date,
        ce1_0.instagram,
        ce1_0.logo_url,
        ce1_0.phone,
        p1_0.id,
        p1_0.created_at,
        p1_0.created_by,
        p1_0.email,
        p1_0.password,
        p1_0.role,
        p1_0.updated_at,
        p1_0.updated_by,
        p1_0.username,
        p1_0.version,
        ce1_0.short_name,
        ce1_0.status,
        ce1_0.updated_at,
        ce1_0.updated_by,
        ce1_0.version 
    from
        uniclub.clubs ce1_0 
    left join
        uniclub.users p1_0 
            on p1_0.id=ce1_0.president_id 
    where
        ce1_0.president_id=?
2025-11-25 17:43:39.572 [trace:9634423f-5efd-4215-9407-79e5e7020de4] [user:admin] [role:[]] [op:] INFO  c.uniClub.logging.MDCLoggingFilter - REQUEST
traceId=9634423f-5efd-4215-9407-79e5e7020de4 | method=GET | uri=/api/clubs | ip=0:0:0:0:0:0:0:1
headers=[host=localhost:8080, connection=keep-alive, sec-ch-ua-platform="Windows", authorization=Bearer eyJhbGciOiJIUzI1NiJ9.eyJyb2xlIjoiQURNSU4iLCJzdWIiOiJhZG1pbiIsImlhdCI6MTc2NDA3ODkzMCwiZXhwIjoxNzY0MDg2MTMwfQ.Cj2OzDlXyrl1NHTrGL1vmTGF7YFmlFUjapn5i1RXbys, user-agent=Mozilla/5.0 (Windows NT 10.0; Win64; x64) AppleWebKit/537.36 (KHTML, like Gecko) Chrome/142.0.0.0 Safari/537.36, accept=application/json, text/plain, */*, sec-ch-ua="Chromium";v="142", "Google Chrome";v="142", "Not_A Brand";v="99", sec-ch-ua-mobile=?0, origin=http://localhost:5173, sec-fetch-site=same-site, sec-fetch-mode=cors, sec-fetch-dest=empty, referer=http://localhost:5173/, accept-encoding=gzip, deflate, br, zstd, accept-language=tr-TR,tr;q=0.9,en-US;q=0.8,en;q=0.7, ]
body=(empty)

2025-11-25 17:43:39.572 [trace:9634423f-5efd-4215-9407-79e5e7020de4] [user:admin] [role:[]] [op:FIND_ALL_CLUBS] INFO  com.uniClub.logging.LoggingAspect - START [FIND_ALL_CLUBS] -> Method: ClubServiceImpl.getAllPaged(..), Args: [Page request [number: 0, size 5, sort: clubName: ASC]]
2025-11-25 17:43:39.572 [trace:9634423f-5efd-4215-9407-79e5e7020de4] [user:admin] [role:[]] [op:FIND_ALL_CLUBS] DEBUG org.hibernate.SQL - 
    select
        ce1_0.id,
        ce1_0.approved,
        ce1_0.club_name,
        ce1_0.created_at,
        ce1_0.created_by,
        ce1_0.description,
        ce1_0.email,
        ce1_0.foundation_date,
        ce1_0.instagram,
        ce1_0.logo_url,
        ce1_0.phone,
        ce1_0.president_id,
        ce1_0.short_name,
        ce1_0.status,
        ce1_0.updated_at,
        ce1_0.updated_by,
        ce1_0.version 
    from
        uniclub.clubs ce1_0 
    order by
        ce1_0.club_name 
    offset
        ? rows 
    fetch
        first ? rows only
2025-11-25 17:43:39.572 [trace:9634423f-5efd-4215-9407-79e5e7020de4] [user:admin] [role:[]] [op:FIND_ALL_CLUBS] INFO  com.uniClub.logging.LoggingAspect - END [FIND_ALL_CLUBS] -> Duration: 2 ms
2025-11-25 17:43:39.572 [trace:9634423f-5efd-4215-9407-79e5e7020de4] [user:admin] [role:[]] [op:] INFO  c.uniClub.logging.MDCLoggingFilter - RESPONSE
traceId=9634423f-5efd-4215-9407-79e5e7020de4 | status=200 | duration=0ms
body={"status":200,"payload":{"content":[{"id":1,"clubName":"Yalova Yazılım ve Teknoloji Kulübü","shortName":"YYTK","logoUrl":"https://uniclub.yalova.edu.tr/logos/yytk.png","foundationDate":"2022-09-15","email":"yytk@yalova.edu.tr","phone":"+905551112233","instagram":"instagram.com/yytk","approved":"true","presidentId":null,"presidentUsername":null,"createdAt":"2025-11-22","status":"Terminated"}],"pageNumber":0,"pageSize":5,"totalElements":1,"totalPages":1,"last":true}}

2025-11-25 17:43:39.572 [trace:] [user:] [role:] [op:] DEBUG org.hibernate.SQL - 
    select
        ue1_0.id,
        ue1_0.created_at,
        ue1_0.created_by,
        ue1_0.email,
        ue1_0.password,
        ue1_0.role,
        ue1_0.updated_at,
        ue1_0.updated_by,
        ue1_0.username,
        ue1_0.version 
    from
        uniclub.users ue1_0 
    where
        ue1_0.username=?
2025-11-25 17:43:39.572 [trace:] [user:] [role:] [op:] DEBUG org.hibernate.SQL - 
    select
        ce1_0.id,
        ce1_0.approved,
        ce1_0.club_name,
        ce1_0.created_at,
        ce1_0.created_by,
        ce1_0.description,
        ce1_0.email,
        ce1_0.foundation_date,
        ce1_0.instagram,
        ce1_0.logo_url,
        ce1_0.phone,
        p1_0.id,
        p1_0.created_at,
        p1_0.created_by,
        p1_0.email,
        p1_0.password,
        p1_0.role,
        p1_0.updated_at,
        p1_0.updated_by,
        p1_0.username,
        p1_0.version,
        ce1_0.short_name,
        ce1_0.status,
        ce1_0.updated_at,
        ce1_0.updated_by,
        ce1_0.version 
    from
        uniclub.clubs ce1_0 
    left join
        uniclub.users p1_0 
            on p1_0.id=ce1_0.president_id 
    where
        ce1_0.president_id=?
2025-11-25 17:43:39.590 [trace:c11c7054-6805-49c4-a5da-70e24b4f1856] [user:admin] [role:[]] [op:] INFO  c.uniClub.logging.MDCLoggingFilter - REQUEST
traceId=c11c7054-6805-49c4-a5da-70e24b4f1856 | method=GET | uri=/api/clubs | ip=0:0:0:0:0:0:0:1
headers=[host=localhost:8080, connection=keep-alive, sec-ch-ua-platform="Windows", authorization=Bearer eyJhbGciOiJIUzI1NiJ9.eyJyb2xlIjoiQURNSU4iLCJzdWIiOiJhZG1pbiIsImlhdCI6MTc2NDA3ODkzMCwiZXhwIjoxNzY0MDg2MTMwfQ.Cj2OzDlXyrl1NHTrGL1vmTGF7YFmlFUjapn5i1RXbys, user-agent=Mozilla/5.0 (Windows NT 10.0; Win64; x64) AppleWebKit/537.36 (KHTML, like Gecko) Chrome/142.0.0.0 Safari/537.36, accept=application/json, text/plain, */*, sec-ch-ua="Chromium";v="142", "Google Chrome";v="142", "Not_A Brand";v="99", sec-ch-ua-mobile=?0, origin=http://localhost:5173, sec-fetch-site=same-site, sec-fetch-mode=cors, sec-fetch-dest=empty, referer=http://localhost:5173/, accept-encoding=gzip, deflate, br, zstd, accept-language=tr-TR,tr;q=0.9,en-US;q=0.8,en;q=0.7, ]
body=(empty)

2025-11-25 17:43:39.592 [trace:c11c7054-6805-49c4-a5da-70e24b4f1856] [user:admin] [role:[]] [op:FIND_ALL_CLUBS] INFO  com.uniClub.logging.LoggingAspect - START [FIND_ALL_CLUBS] -> Method: ClubServiceImpl.getAllPaged(..), Args: [Page request [number: 0, size 5, sort: clubName: ASC]]
2025-11-25 17:43:39.594 [trace:c11c7054-6805-49c4-a5da-70e24b4f1856] [user:admin] [role:[]] [op:FIND_ALL_CLUBS] DEBUG org.hibernate.SQL - 
    select
        ce1_0.id,
        ce1_0.approved,
        ce1_0.club_name,
        ce1_0.created_at,
        ce1_0.created_by,
        ce1_0.description,
        ce1_0.email,
        ce1_0.foundation_date,
        ce1_0.instagram,
        ce1_0.logo_url,
        ce1_0.phone,
        ce1_0.president_id,
        ce1_0.short_name,
        ce1_0.status,
        ce1_0.updated_at,
        ce1_0.updated_by,
        ce1_0.version 
    from
        uniclub.clubs ce1_0 
    order by
        ce1_0.club_name 
    offset
        ? rows 
    fetch
        first ? rows only
2025-11-25 17:43:39.596 [trace:c11c7054-6805-49c4-a5da-70e24b4f1856] [user:admin] [role:[]] [op:FIND_ALL_CLUBS] INFO  com.uniClub.logging.LoggingAspect - END [FIND_ALL_CLUBS] -> Duration: 3 ms
2025-11-25 17:43:39.598 [trace:c11c7054-6805-49c4-a5da-70e24b4f1856] [user:admin] [role:[]] [op:] INFO  c.uniClub.logging.MDCLoggingFilter - RESPONSE
traceId=c11c7054-6805-49c4-a5da-70e24b4f1856 | status=200 | duration=8ms
body={"status":200,"payload":{"content":[{"id":1,"clubName":"Yalova Yazılım ve Teknoloji Kulübü","shortName":"YYTK","logoUrl":"https://uniclub.yalova.edu.tr/logos/yytk.png","foundationDate":"2022-09-15","email":"yytk@yalova.edu.tr","phone":"+905551112233","instagram":"instagram.com/yytk","approved":"true","presidentId":null,"presidentUsername":null,"createdAt":"2025-11-22","status":"Terminated"}],"pageNumber":0,"pageSize":5,"totalElements":1,"totalPages":1,"last":true}}

2025-11-25 17:43:57.038 [trace:] [user:] [role:] [op:] DEBUG org.hibernate.SQL - 
    select
        ue1_0.id,
        ue1_0.created_at,
        ue1_0.created_by,
        ue1_0.email,
        ue1_0.password,
        ue1_0.role,
        ue1_0.updated_at,
        ue1_0.updated_by,
        ue1_0.username,
        ue1_0.version 
    from
        uniclub.users ue1_0 
    where
        ue1_0.username=?
2025-11-25 17:43:57.039 [trace:] [user:] [role:] [op:] DEBUG org.hibernate.SQL - 
    select
        ce1_0.id,
        ce1_0.approved,
        ce1_0.club_name,
        ce1_0.created_at,
        ce1_0.created_by,
        ce1_0.description,
        ce1_0.email,
        ce1_0.foundation_date,
        ce1_0.instagram,
        ce1_0.logo_url,
        ce1_0.phone,
        p1_0.id,
        p1_0.created_at,
        p1_0.created_by,
        p1_0.email,
        p1_0.password,
        p1_0.role,
        p1_0.updated_at,
        p1_0.updated_by,
        p1_0.username,
        p1_0.version,
        ce1_0.short_name,
        ce1_0.status,
        ce1_0.updated_at,
        ce1_0.updated_by,
        ce1_0.version 
    from
        uniclub.clubs ce1_0 
    left join
        uniclub.users p1_0 
            on p1_0.id=ce1_0.president_id 
    where
        ce1_0.president_id=?
2025-11-25 17:43:57.042 [trace:2c2aaaab-107f-472c-9f61-afb6d3931d40] [user:admin] [role:[]] [op:] INFO  c.uniClub.logging.MDCLoggingFilter - REQUEST
traceId=2c2aaaab-107f-472c-9f61-afb6d3931d40 | method=GET | uri=/api/auth/all/users | ip=0:0:0:0:0:0:0:1
headers=[host=localhost:8080, connection=keep-alive, sec-ch-ua-platform="Windows", authorization=Bearer eyJhbGciOiJIUzI1NiJ9.eyJyb2xlIjoiQURNSU4iLCJzdWIiOiJhZG1pbiIsImlhdCI6MTc2NDA3ODkzMCwiZXhwIjoxNzY0MDg2MTMwfQ.Cj2OzDlXyrl1NHTrGL1vmTGF7YFmlFUjapn5i1RXbys, user-agent=Mozilla/5.0 (Windows NT 10.0; Win64; x64) AppleWebKit/537.36 (KHTML, like Gecko) Chrome/142.0.0.0 Safari/537.36, accept=application/json, text/plain, */*, sec-ch-ua="Chromium";v="142", "Google Chrome";v="142", "Not_A Brand";v="99", sec-ch-ua-mobile=?0, origin=http://localhost:5173, sec-fetch-site=same-site, sec-fetch-mode=cors, sec-fetch-dest=empty, referer=http://localhost:5173/, accept-encoding=gzip, deflate, br, zstd, accept-language=tr-TR,tr;q=0.9,en-US;q=0.8,en;q=0.7, ]
body=(empty)

2025-11-25 17:43:57.044 [trace:2c2aaaab-107f-472c-9f61-afb6d3931d40] [user:admin] [role:[]] [op:] DEBUG org.hibernate.SQL - 
    select
        ue1_0.id,
        ue1_0.created_at,
        ue1_0.created_by,
        ue1_0.email,
        ue1_0.password,
        ue1_0.role,
        ue1_0.updated_at,
        ue1_0.updated_by,
        ue1_0.username,
        ue1_0.version 
    from
        uniclub.users ue1_0
2025-11-25 17:43:57.045 [trace:2c2aaaab-107f-472c-9f61-afb6d3931d40] [user:admin] [role:[]] [op:] DEBUG org.hibernate.SQL - 
    select
        ce1_0.id,
        ce1_0.approved,
        ce1_0.club_name,
        ce1_0.created_at,
        ce1_0.created_by,
        ce1_0.description,
        ce1_0.email,
        ce1_0.foundation_date,
        ce1_0.instagram,
        ce1_0.logo_url,
        ce1_0.phone,
        p1_0.id,
        p1_0.created_at,
        p1_0.created_by,
        p1_0.email,
        p1_0.password,
        p1_0.role,
        p1_0.updated_at,
        p1_0.updated_by,
        p1_0.username,
        p1_0.version,
        ce1_0.short_name,
        ce1_0.status,
        ce1_0.updated_at,
        ce1_0.updated_by,
        ce1_0.version 
    from
        uniclub.clubs ce1_0 
    left join
        uniclub.users p1_0 
            on p1_0.id=ce1_0.president_id 
    where
        ce1_0.president_id=?
2025-11-25 17:43:57.046 [trace:2c2aaaab-107f-472c-9f61-afb6d3931d40] [user:admin] [role:[]] [op:] DEBUG org.hibernate.SQL - 
    select
        ce1_0.id,
        ce1_0.approved,
        ce1_0.club_name,
        ce1_0.created_at,
        ce1_0.created_by,
        ce1_0.description,
        ce1_0.email,
        ce1_0.foundation_date,
        ce1_0.instagram,
        ce1_0.logo_url,
        ce1_0.phone,
        p1_0.id,
        p1_0.created_at,
        p1_0.created_by,
        p1_0.email,
        p1_0.password,
        p1_0.role,
        p1_0.updated_at,
        p1_0.updated_by,
        p1_0.username,
        p1_0.version,
        ce1_0.short_name,
        ce1_0.status,
        ce1_0.updated_at,
        ce1_0.updated_by,
        ce1_0.version 
    from
        uniclub.clubs ce1_0 
    left join
        uniclub.users p1_0 
            on p1_0.id=ce1_0.president_id 
    where
        ce1_0.president_id=?
2025-11-25 17:43:57.047 [trace:2c2aaaab-107f-472c-9f61-afb6d3931d40] [user:admin] [role:[]] [op:] DEBUG org.hibernate.SQL - 
    select
        ce1_0.id,
        ce1_0.approved,
        ce1_0.club_name,
        ce1_0.created_at,
        ce1_0.created_by,
        ce1_0.description,
        ce1_0.email,
        ce1_0.foundation_date,
        ce1_0.instagram,
        ce1_0.logo_url,
        ce1_0.phone,
        p1_0.id,
        p1_0.created_at,
        p1_0.created_by,
        p1_0.email,
        p1_0.password,
        p1_0.role,
        p1_0.updated_at,
        p1_0.updated_by,
        p1_0.username,
        p1_0.version,
        ce1_0.short_name,
        ce1_0.status,
        ce1_0.updated_at,
        ce1_0.updated_by,
        ce1_0.version 
    from
        uniclub.clubs ce1_0 
    left join
        uniclub.users p1_0 
            on p1_0.id=ce1_0.president_id 
    where
        ce1_0.president_id=?
2025-11-25 17:43:57.049 [trace:2c2aaaab-107f-472c-9f61-afb6d3931d40] [user:admin] [role:[]] [op:] INFO  c.uniClub.logging.MDCLoggingFilter - RESPONSE
traceId=2c2aaaab-107f-472c-9f61-afb6d3931d40 | status=200 | duration=7ms
body={"status":200,"payload":[{"createdAt":"2025-10-28T22:21:57.237716","updatedAt":"2025-10-28T22:21:57.237716","createdBy":null,"updatedBy":null,"id":"8046b87f-e57c-43f7-a694-bacf480e88b8","username":"admin","email":"admin@yalova.edu.tr","role":"ADMIN"},{"createdAt":"2025-10-28T23:31:49.408782","updatedAt":"2025-10-28T23:31:49.408782","createdBy":null,"updatedBy":null,"id":"a26288db-c5b5-48b0-9c99-265de61e1cd6","username":"210101062","email":"210101062@ogrenci.yalova.edu.tr","role":"USER"},{"createdAt":"2025-10-28T23:32:41.720353","updatedAt":"2025-10-28T23:32:41.720353","createdBy":null,"updatedBy":null,"id":"c302c399-71e9-43ff-a208-8a99ef44775c","username":"210101061","email":"210101061@ogrenci.yalova.edu.tr","role":"USER"}]}

2025-11-25 17:43:57.054 [trace:] [user:] [role:] [op:] DEBUG org.hibernate.SQL - 
    select
        ue1_0.id,
        ue1_0.created_at,
        ue1_0.created_by,
        ue1_0.email,
        ue1_0.password,
        ue1_0.role,
        ue1_0.updated_at,
        ue1_0.updated_by,
        ue1_0.username,
        ue1_0.version 
    from
        uniclub.users ue1_0 
    where
        ue1_0.username=?
2025-11-25 17:43:57.055 [trace:] [user:] [role:] [op:] DEBUG org.hibernate.SQL - 
    select
        ce1_0.id,
        ce1_0.approved,
        ce1_0.club_name,
        ce1_0.created_at,
        ce1_0.created_by,
        ce1_0.description,
        ce1_0.email,
        ce1_0.foundation_date,
        ce1_0.instagram,
        ce1_0.logo_url,
        ce1_0.phone,
        p1_0.id,
        p1_0.created_at,
        p1_0.created_by,
        p1_0.email,
        p1_0.password,
        p1_0.role,
        p1_0.updated_at,
        p1_0.updated_by,
        p1_0.username,
        p1_0.version,
        ce1_0.short_name,
        ce1_0.status,
        ce1_0.updated_at,
        ce1_0.updated_by,
        ce1_0.version 
    from
        uniclub.clubs ce1_0 
    left join
        uniclub.users p1_0 
            on p1_0.id=ce1_0.president_id 
    where
        ce1_0.president_id=?
2025-11-25 17:43:57.069 [trace:e34495e8-8c22-4f49-9bb6-5c000fd0eef3] [user:admin] [role:[]] [op:] INFO  c.uniClub.logging.MDCLoggingFilter - REQUEST
traceId=e34495e8-8c22-4f49-9bb6-5c000fd0eef3 | method=GET | uri=/api/auth/all/users | ip=0:0:0:0:0:0:0:1
headers=[host=localhost:8080, connection=keep-alive, sec-ch-ua-platform="Windows", authorization=Bearer eyJhbGciOiJIUzI1NiJ9.eyJyb2xlIjoiQURNSU4iLCJzdWIiOiJhZG1pbiIsImlhdCI6MTc2NDA3ODkzMCwiZXhwIjoxNzY0MDg2MTMwfQ.Cj2OzDlXyrl1NHTrGL1vmTGF7YFmlFUjapn5i1RXbys, user-agent=Mozilla/5.0 (Windows NT 10.0; Win64; x64) AppleWebKit/537.36 (KHTML, like Gecko) Chrome/142.0.0.0 Safari/537.36, accept=application/json, text/plain, */*, sec-ch-ua="Chromium";v="142", "Google Chrome";v="142", "Not_A Brand";v="99", sec-ch-ua-mobile=?0, origin=http://localhost:5173, sec-fetch-site=same-site, sec-fetch-mode=cors, sec-fetch-dest=empty, referer=http://localhost:5173/, accept-encoding=gzip, deflate, br, zstd, accept-language=tr-TR,tr;q=0.9,en-US;q=0.8,en;q=0.7, ]
body=(empty)

2025-11-25 17:43:57.071 [trace:e34495e8-8c22-4f49-9bb6-5c000fd0eef3] [user:admin] [role:[]] [op:] DEBUG org.hibernate.SQL - 
    select
        ue1_0.id,
        ue1_0.created_at,
        ue1_0.created_by,
        ue1_0.email,
        ue1_0.password,
        ue1_0.role,
        ue1_0.updated_at,
        ue1_0.updated_by,
        ue1_0.username,
        ue1_0.version 
    from
        uniclub.users ue1_0
2025-11-25 17:43:57.072 [trace:e34495e8-8c22-4f49-9bb6-5c000fd0eef3] [user:admin] [role:[]] [op:] DEBUG org.hibernate.SQL - 
    select
        ce1_0.id,
        ce1_0.approved,
        ce1_0.club_name,
        ce1_0.created_at,
        ce1_0.created_by,
        ce1_0.description,
        ce1_0.email,
        ce1_0.foundation_date,
        ce1_0.instagram,
        ce1_0.logo_url,
        ce1_0.phone,
        p1_0.id,
        p1_0.created_at,
        p1_0.created_by,
        p1_0.email,
        p1_0.password,
        p1_0.role,
        p1_0.updated_at,
        p1_0.updated_by,
        p1_0.username,
        p1_0.version,
        ce1_0.short_name,
        ce1_0.status,
        ce1_0.updated_at,
        ce1_0.updated_by,
        ce1_0.version 
    from
        uniclub.clubs ce1_0 
    left join
        uniclub.users p1_0 
            on p1_0.id=ce1_0.president_id 
    where
        ce1_0.president_id=?
2025-11-25 17:43:57.073 [trace:e34495e8-8c22-4f49-9bb6-5c000fd0eef3] [user:admin] [role:[]] [op:] DEBUG org.hibernate.SQL - 
    select
        ce1_0.id,
        ce1_0.approved,
        ce1_0.club_name,
        ce1_0.created_at,
        ce1_0.created_by,
        ce1_0.description,
        ce1_0.email,
        ce1_0.foundation_date,
        ce1_0.instagram,
        ce1_0.logo_url,
        ce1_0.phone,
        p1_0.id,
        p1_0.created_at,
        p1_0.created_by,
        p1_0.email,
        p1_0.password,
        p1_0.role,
        p1_0.updated_at,
        p1_0.updated_by,
        p1_0.username,
        p1_0.version,
        ce1_0.short_name,
        ce1_0.status,
        ce1_0.updated_at,
        ce1_0.updated_by,
        ce1_0.version 
    from
        uniclub.clubs ce1_0 
    left join
        uniclub.users p1_0 
            on p1_0.id=ce1_0.president_id 
    where
        ce1_0.president_id=?
2025-11-25 17:43:57.073 [trace:e34495e8-8c22-4f49-9bb6-5c000fd0eef3] [user:admin] [role:[]] [op:] DEBUG org.hibernate.SQL - 
    select
        ce1_0.id,
        ce1_0.approved,
        ce1_0.club_name,
        ce1_0.created_at,
        ce1_0.created_by,
        ce1_0.description,
        ce1_0.email,
        ce1_0.foundation_date,
        ce1_0.instagram,
        ce1_0.logo_url,
        ce1_0.phone,
        p1_0.id,
        p1_0.created_at,
        p1_0.created_by,
        p1_0.email,
        p1_0.password,
        p1_0.role,
        p1_0.updated_at,
        p1_0.updated_by,
        p1_0.username,
        p1_0.version,
        ce1_0.short_name,
        ce1_0.status,
        ce1_0.updated_at,
        ce1_0.updated_by,
        ce1_0.version 
    from
        uniclub.clubs ce1_0 
    left join
        uniclub.users p1_0 
            on p1_0.id=ce1_0.president_id 
    where
        ce1_0.president_id=?
2025-11-25 17:43:57.074 [trace:e34495e8-8c22-4f49-9bb6-5c000fd0eef3] [user:admin] [role:[]] [op:] INFO  c.uniClub.logging.MDCLoggingFilter - RESPONSE
traceId=e34495e8-8c22-4f49-9bb6-5c000fd0eef3 | status=200 | duration=5ms
body={"status":200,"payload":[{"createdAt":"2025-10-28T22:21:57.237716","updatedAt":"2025-10-28T22:21:57.237716","createdBy":null,"updatedBy":null,"id":"8046b87f-e57c-43f7-a694-bacf480e88b8","username":"admin","email":"admin@yalova.edu.tr","role":"ADMIN"},{"createdAt":"2025-10-28T23:31:49.408782","updatedAt":"2025-10-28T23:31:49.408782","createdBy":null,"updatedBy":null,"id":"a26288db-c5b5-48b0-9c99-265de61e1cd6","username":"210101062","email":"210101062@ogrenci.yalova.edu.tr","role":"USER"},{"createdAt":"2025-10-28T23:32:41.720353","updatedAt":"2025-10-28T23:32:41.720353","createdBy":null,"updatedBy":null,"id":"c302c399-71e9-43ff-a208-8a99ef44775c","username":"210101061","email":"210101061@ogrenci.yalova.edu.tr","role":"USER"}]}

2025-11-25 17:43:58.372 [trace:] [user:] [role:] [op:] DEBUG org.hibernate.SQL - 
    select
        ue1_0.id,
        ue1_0.created_at,
        ue1_0.created_by,
        ue1_0.email,
        ue1_0.password,
        ue1_0.role,
        ue1_0.updated_at,
        ue1_0.updated_by,
        ue1_0.username,
        ue1_0.version 
    from
        uniclub.users ue1_0 
    where
        ue1_0.username=?
2025-11-25 17:43:58.374 [trace:] [user:] [role:] [op:] DEBUG org.hibernate.SQL - 
    select
        ce1_0.id,
        ce1_0.approved,
        ce1_0.club_name,
        ce1_0.created_at,
        ce1_0.created_by,
        ce1_0.description,
        ce1_0.email,
        ce1_0.foundation_date,
        ce1_0.instagram,
        ce1_0.logo_url,
        ce1_0.phone,
        p1_0.id,
        p1_0.created_at,
        p1_0.created_by,
        p1_0.email,
        p1_0.password,
        p1_0.role,
        p1_0.updated_at,
        p1_0.updated_by,
        p1_0.username,
        p1_0.version,
        ce1_0.short_name,
        ce1_0.status,
        ce1_0.updated_at,
        ce1_0.updated_by,
        ce1_0.version 
    from
        uniclub.clubs ce1_0 
    left join
        uniclub.users p1_0 
            on p1_0.id=ce1_0.president_id 
    where
        ce1_0.president_id=?
2025-11-25 17:43:58.376 [trace:76e17152-f405-435a-9ad6-9d0c169ec704] [user:admin] [role:[]] [op:] INFO  c.uniClub.logging.MDCLoggingFilter - REQUEST
traceId=76e17152-f405-435a-9ad6-9d0c169ec704 | method=GET | uri=/api/clubs | ip=0:0:0:0:0:0:0:1
headers=[host=localhost:8080, connection=keep-alive, sec-ch-ua-platform="Windows", authorization=Bearer eyJhbGciOiJIUzI1NiJ9.eyJyb2xlIjoiQURNSU4iLCJzdWIiOiJhZG1pbiIsImlhdCI6MTc2NDA3ODkzMCwiZXhwIjoxNzY0MDg2MTMwfQ.Cj2OzDlXyrl1NHTrGL1vmTGF7YFmlFUjapn5i1RXbys, user-agent=Mozilla/5.0 (Windows NT 10.0; Win64; x64) AppleWebKit/537.36 (KHTML, like Gecko) Chrome/142.0.0.0 Safari/537.36, accept=application/json, text/plain, */*, sec-ch-ua="Chromium";v="142", "Google Chrome";v="142", "Not_A Brand";v="99", sec-ch-ua-mobile=?0, origin=http://localhost:5173, sec-fetch-site=same-site, sec-fetch-mode=cors, sec-fetch-dest=empty, referer=http://localhost:5173/, accept-encoding=gzip, deflate, br, zstd, accept-language=tr-TR,tr;q=0.9,en-US;q=0.8,en;q=0.7, ]
body=(empty)

2025-11-25 17:43:58.377 [trace:76e17152-f405-435a-9ad6-9d0c169ec704] [user:admin] [role:[]] [op:FIND_ALL_CLUBS] INFO  com.uniClub.logging.LoggingAspect - START [FIND_ALL_CLUBS] -> Method: ClubServiceImpl.getAllPaged(..), Args: [Page request [number: 0, size 5, sort: clubName: ASC]]
2025-11-25 17:43:58.379 [trace:76e17152-f405-435a-9ad6-9d0c169ec704] [user:admin] [role:[]] [op:FIND_ALL_CLUBS] DEBUG org.hibernate.SQL - 
    select
        ce1_0.id,
        ce1_0.approved,
        ce1_0.club_name,
        ce1_0.created_at,
        ce1_0.created_by,
        ce1_0.description,
        ce1_0.email,
        ce1_0.foundation_date,
        ce1_0.instagram,
        ce1_0.logo_url,
        ce1_0.phone,
        ce1_0.president_id,
        ce1_0.short_name,
        ce1_0.status,
        ce1_0.updated_at,
        ce1_0.updated_by,
        ce1_0.version 
    from
        uniclub.clubs ce1_0 
    order by
        ce1_0.club_name 
    offset
        ? rows 
    fetch
        first ? rows only
2025-11-25 17:43:58.379 [trace:76e17152-f405-435a-9ad6-9d0c169ec704] [user:admin] [role:[]] [op:FIND_ALL_CLUBS] INFO  com.uniClub.logging.LoggingAspect - END [FIND_ALL_CLUBS] -> Duration: 2 ms
2025-11-25 17:43:58.379 [trace:76e17152-f405-435a-9ad6-9d0c169ec704] [user:admin] [role:[]] [op:] INFO  c.uniClub.logging.MDCLoggingFilter - RESPONSE
traceId=76e17152-f405-435a-9ad6-9d0c169ec704 | status=200 | duration=3ms
body={"status":200,"payload":{"content":[{"id":1,"clubName":"Yalova Yazılım ve Teknoloji Kulübü","shortName":"YYTK","logoUrl":"https://uniclub.yalova.edu.tr/logos/yytk.png","foundationDate":"2022-09-15","email":"yytk@yalova.edu.tr","phone":"+905551112233","instagram":"instagram.com/yytk","approved":"true","presidentId":null,"presidentUsername":null,"createdAt":"2025-11-22","status":"Terminated"}],"pageNumber":0,"pageSize":5,"totalElements":1,"totalPages":1,"last":true}}

2025-11-25 17:43:58.387 [trace:] [user:] [role:] [op:] DEBUG org.hibernate.SQL - 
    select
        ue1_0.id,
        ue1_0.created_at,
        ue1_0.created_by,
        ue1_0.email,
        ue1_0.password,
        ue1_0.role,
        ue1_0.updated_at,
        ue1_0.updated_by,
        ue1_0.username,
        ue1_0.version 
    from
        uniclub.users ue1_0 
    where
        ue1_0.username=?
2025-11-25 17:43:58.388 [trace:] [user:] [role:] [op:] DEBUG org.hibernate.SQL - 
    select
        ce1_0.id,
        ce1_0.approved,
        ce1_0.club_name,
        ce1_0.created_at,
        ce1_0.created_by,
        ce1_0.description,
        ce1_0.email,
        ce1_0.foundation_date,
        ce1_0.instagram,
        ce1_0.logo_url,
        ce1_0.phone,
        p1_0.id,
        p1_0.created_at,
        p1_0.created_by,
        p1_0.email,
        p1_0.password,
        p1_0.role,
        p1_0.updated_at,
        p1_0.updated_by,
        p1_0.username,
        p1_0.version,
        ce1_0.short_name,
        ce1_0.status,
        ce1_0.updated_at,
        ce1_0.updated_by,
        ce1_0.version 
    from
        uniclub.clubs ce1_0 
    left join
        uniclub.users p1_0 
            on p1_0.id=ce1_0.president_id 
    where
        ce1_0.president_id=?
2025-11-25 17:43:58.390 [trace:b68e3803-4d0c-4090-b289-4debee95c46b] [user:admin] [role:[]] [op:] INFO  c.uniClub.logging.MDCLoggingFilter - REQUEST
traceId=b68e3803-4d0c-4090-b289-4debee95c46b | method=GET | uri=/api/clubs | ip=0:0:0:0:0:0:0:1
headers=[host=localhost:8080, connection=keep-alive, sec-ch-ua-platform="Windows", authorization=Bearer eyJhbGciOiJIUzI1NiJ9.eyJyb2xlIjoiQURNSU4iLCJzdWIiOiJhZG1pbiIsImlhdCI6MTc2NDA3ODkzMCwiZXhwIjoxNzY0MDg2MTMwfQ.Cj2OzDlXyrl1NHTrGL1vmTGF7YFmlFUjapn5i1RXbys, user-agent=Mozilla/5.0 (Windows NT 10.0; Win64; x64) AppleWebKit/537.36 (KHTML, like Gecko) Chrome/142.0.0.0 Safari/537.36, accept=application/json, text/plain, */*, sec-ch-ua="Chromium";v="142", "Google Chrome";v="142", "Not_A Brand";v="99", sec-ch-ua-mobile=?0, origin=http://localhost:5173, sec-fetch-site=same-site, sec-fetch-mode=cors, sec-fetch-dest=empty, referer=http://localhost:5173/, accept-encoding=gzip, deflate, br, zstd, accept-language=tr-TR,tr;q=0.9,en-US;q=0.8,en;q=0.7, ]
body=(empty)

2025-11-25 17:43:58.391 [trace:b68e3803-4d0c-4090-b289-4debee95c46b] [user:admin] [role:[]] [op:FIND_ALL_CLUBS] INFO  com.uniClub.logging.LoggingAspect - START [FIND_ALL_CLUBS] -> Method: ClubServiceImpl.getAllPaged(..), Args: [Page request [number: 0, size 5, sort: clubName: ASC]]
2025-11-25 17:43:58.392 [trace:b68e3803-4d0c-4090-b289-4debee95c46b] [user:admin] [role:[]] [op:FIND_ALL_CLUBS] DEBUG org.hibernate.SQL - 
    select
        ce1_0.id,
        ce1_0.approved,
        ce1_0.club_name,
        ce1_0.created_at,
        ce1_0.created_by,
        ce1_0.description,
        ce1_0.email,
        ce1_0.foundation_date,
        ce1_0.instagram,
        ce1_0.logo_url,
        ce1_0.phone,
        ce1_0.president_id,
        ce1_0.short_name,
        ce1_0.status,
        ce1_0.updated_at,
        ce1_0.updated_by,
        ce1_0.version 
    from
        uniclub.clubs ce1_0 
    order by
        ce1_0.club_name 
    offset
        ? rows 
    fetch
        first ? rows only
2025-11-25 17:43:58.394 [trace:b68e3803-4d0c-4090-b289-4debee95c46b] [user:admin] [role:[]] [op:FIND_ALL_CLUBS] INFO  com.uniClub.logging.LoggingAspect - END [FIND_ALL_CLUBS] -> Duration: 2 ms
2025-11-25 17:43:58.395 [trace:b68e3803-4d0c-4090-b289-4debee95c46b] [user:admin] [role:[]] [op:] INFO  c.uniClub.logging.MDCLoggingFilter - RESPONSE
traceId=b68e3803-4d0c-4090-b289-4debee95c46b | status=200 | duration=5ms
body={"status":200,"payload":{"content":[{"id":1,"clubName":"Yalova Yazılım ve Teknoloji Kulübü","shortName":"YYTK","logoUrl":"https://uniclub.yalova.edu.tr/logos/yytk.png","foundationDate":"2022-09-15","email":"yytk@yalova.edu.tr","phone":"+905551112233","instagram":"instagram.com/yytk","approved":"true","presidentId":null,"presidentUsername":null,"createdAt":"2025-11-22","status":"Terminated"}],"pageNumber":0,"pageSize":5,"totalElements":1,"totalPages":1,"last":true}}

2025-11-25 17:44:04.527 [trace:] [user:] [role:] [op:] DEBUG org.hibernate.SQL - 
    select
        ue1_0.id,
        ue1_0.created_at,
        ue1_0.created_by,
        ue1_0.email,
        ue1_0.password,
        ue1_0.role,
        ue1_0.updated_at,
        ue1_0.updated_by,
        ue1_0.username,
        ue1_0.version 
    from
        uniclub.users ue1_0 
    where
        ue1_0.username=?
2025-11-25 17:44:04.527 [trace:] [user:] [role:] [op:] DEBUG org.hibernate.SQL - 
    select
        ce1_0.id,
        ce1_0.approved,
        ce1_0.club_name,
        ce1_0.created_at,
        ce1_0.created_by,
        ce1_0.description,
        ce1_0.email,
        ce1_0.foundation_date,
        ce1_0.instagram,
        ce1_0.logo_url,
        ce1_0.phone,
        p1_0.id,
        p1_0.created_at,
        p1_0.created_by,
        p1_0.email,
        p1_0.password,
        p1_0.role,
        p1_0.updated_at,
        p1_0.updated_by,
        p1_0.username,
        p1_0.version,
        ce1_0.short_name,
        ce1_0.status,
        ce1_0.updated_at,
        ce1_0.updated_by,
        ce1_0.version 
    from
        uniclub.clubs ce1_0 
    left join
        uniclub.users p1_0 
            on p1_0.id=ce1_0.president_id 
    where
        ce1_0.president_id=?
2025-11-25 17:44:04.530 [trace:4f01d77e-817f-458e-9a66-012549fb0220] [user:admin] [role:[]] [op:] INFO  c.uniClub.logging.MDCLoggingFilter - REQUEST
traceId=4f01d77e-817f-458e-9a66-012549fb0220 | method=GET | uri=/api/clubs | ip=0:0:0:0:0:0:0:1
headers=[host=localhost:8080, connection=keep-alive, sec-ch-ua-platform="Windows", authorization=Bearer eyJhbGciOiJIUzI1NiJ9.eyJyb2xlIjoiQURNSU4iLCJzdWIiOiJhZG1pbiIsImlhdCI6MTc2NDA3ODkzMCwiZXhwIjoxNzY0MDg2MTMwfQ.Cj2OzDlXyrl1NHTrGL1vmTGF7YFmlFUjapn5i1RXbys, user-agent=Mozilla/5.0 (Windows NT 10.0; Win64; x64) AppleWebKit/537.36 (KHTML, like Gecko) Chrome/142.0.0.0 Safari/537.36, accept=application/json, text/plain, */*, sec-ch-ua="Chromium";v="142", "Google Chrome";v="142", "Not_A Brand";v="99", sec-ch-ua-mobile=?0, origin=http://localhost:5173, sec-fetch-site=same-site, sec-fetch-mode=cors, sec-fetch-dest=empty, referer=http://localhost:5173/, accept-encoding=gzip, deflate, br, zstd, accept-language=tr-TR,tr;q=0.9,en-US;q=0.8,en;q=0.7, ]
body=(empty)

2025-11-25 17:44:04.534 [trace:4f01d77e-817f-458e-9a66-012549fb0220] [user:admin] [role:[]] [op:FIND_ALL_CLUBS] INFO  com.uniClub.logging.LoggingAspect - START [FIND_ALL_CLUBS] -> Method: ClubServiceImpl.getAllPaged(..), Args: [Page request [number: 0, size 5, sort: clubName: ASC]]
2025-11-25 17:44:04.534 [trace:4f01d77e-817f-458e-9a66-012549fb0220] [user:admin] [role:[]] [op:FIND_ALL_CLUBS] DEBUG org.hibernate.SQL - 
    select
        ce1_0.id,
        ce1_0.approved,
        ce1_0.club_name,
        ce1_0.created_at,
        ce1_0.created_by,
        ce1_0.description,
        ce1_0.email,
        ce1_0.foundation_date,
        ce1_0.instagram,
        ce1_0.logo_url,
        ce1_0.phone,
        ce1_0.president_id,
        ce1_0.short_name,
        ce1_0.status,
        ce1_0.updated_at,
        ce1_0.updated_by,
        ce1_0.version 
    from
        uniclub.clubs ce1_0 
    order by
        ce1_0.club_name 
    offset
        ? rows 
    fetch
        first ? rows only
2025-11-25 17:44:04.536 [trace:4f01d77e-817f-458e-9a66-012549fb0220] [user:admin] [role:[]] [op:FIND_ALL_CLUBS] INFO  com.uniClub.logging.LoggingAspect - END [FIND_ALL_CLUBS] -> Duration: 3 ms
2025-11-25 17:44:04.538 [trace:4f01d77e-817f-458e-9a66-012549fb0220] [user:admin] [role:[]] [op:] INFO  c.uniClub.logging.MDCLoggingFilter - RESPONSE
traceId=4f01d77e-817f-458e-9a66-012549fb0220 | status=200 | duration=8ms
body={"status":200,"payload":{"content":[{"id":1,"clubName":"Yalova Yazılım ve Teknoloji Kulübü","shortName":"YYTK","logoUrl":"https://uniclub.yalova.edu.tr/logos/yytk.png","foundationDate":"2022-09-15","email":"yytk@yalova.edu.tr","phone":"+905551112233","instagram":"instagram.com/yytk","approved":"true","presidentId":null,"presidentUsername":null,"createdAt":"2025-11-22","status":"Terminated"}],"pageNumber":0,"pageSize":5,"totalElements":1,"totalPages":1,"last":true}}

2025-11-25 17:44:04.544 [trace:] [user:] [role:] [op:] DEBUG org.hibernate.SQL - 
    select
        ue1_0.id,
        ue1_0.created_at,
        ue1_0.created_by,
        ue1_0.email,
        ue1_0.password,
        ue1_0.role,
        ue1_0.updated_at,
        ue1_0.updated_by,
        ue1_0.username,
        ue1_0.version 
    from
        uniclub.users ue1_0 
    where
        ue1_0.username=?
2025-11-25 17:44:04.546 [trace:] [user:] [role:] [op:] DEBUG org.hibernate.SQL - 
    select
        ce1_0.id,
        ce1_0.approved,
        ce1_0.club_name,
        ce1_0.created_at,
        ce1_0.created_by,
        ce1_0.description,
        ce1_0.email,
        ce1_0.foundation_date,
        ce1_0.instagram,
        ce1_0.logo_url,
        ce1_0.phone,
        p1_0.id,
        p1_0.created_at,
        p1_0.created_by,
        p1_0.email,
        p1_0.password,
        p1_0.role,
        p1_0.updated_at,
        p1_0.updated_by,
        p1_0.username,
        p1_0.version,
        ce1_0.short_name,
        ce1_0.status,
        ce1_0.updated_at,
        ce1_0.updated_by,
        ce1_0.version 
    from
        uniclub.clubs ce1_0 
    left join
        uniclub.users p1_0 
            on p1_0.id=ce1_0.president_id 
    where
        ce1_0.president_id=?
2025-11-25 17:44:04.559 [trace:07360021-433e-46ed-8d0e-922255da505a] [user:admin] [role:[]] [op:] INFO  c.uniClub.logging.MDCLoggingFilter - REQUEST
traceId=07360021-433e-46ed-8d0e-922255da505a | method=GET | uri=/api/clubs | ip=0:0:0:0:0:0:0:1
headers=[host=localhost:8080, connection=keep-alive, sec-ch-ua-platform="Windows", authorization=Bearer eyJhbGciOiJIUzI1NiJ9.eyJyb2xlIjoiQURNSU4iLCJzdWIiOiJhZG1pbiIsImlhdCI6MTc2NDA3ODkzMCwiZXhwIjoxNzY0MDg2MTMwfQ.Cj2OzDlXyrl1NHTrGL1vmTGF7YFmlFUjapn5i1RXbys, user-agent=Mozilla/5.0 (Windows NT 10.0; Win64; x64) AppleWebKit/537.36 (KHTML, like Gecko) Chrome/142.0.0.0 Safari/537.36, accept=application/json, text/plain, */*, sec-ch-ua="Chromium";v="142", "Google Chrome";v="142", "Not_A Brand";v="99", sec-ch-ua-mobile=?0, origin=http://localhost:5173, sec-fetch-site=same-site, sec-fetch-mode=cors, sec-fetch-dest=empty, referer=http://localhost:5173/, accept-encoding=gzip, deflate, br, zstd, accept-language=tr-TR,tr;q=0.9,en-US;q=0.8,en;q=0.7, ]
body=(empty)

2025-11-25 17:44:04.564 [trace:07360021-433e-46ed-8d0e-922255da505a] [user:admin] [role:[]] [op:FIND_ALL_CLUBS] INFO  com.uniClub.logging.LoggingAspect - START [FIND_ALL_CLUBS] -> Method: ClubServiceImpl.getAllPaged(..), Args: [Page request [number: 0, size 5, sort: clubName: ASC]]
2025-11-25 17:44:04.568 [trace:07360021-433e-46ed-8d0e-922255da505a] [user:admin] [role:[]] [op:FIND_ALL_CLUBS] DEBUG org.hibernate.SQL - 
    select
        ce1_0.id,
        ce1_0.approved,
        ce1_0.club_name,
        ce1_0.created_at,
        ce1_0.created_by,
        ce1_0.description,
        ce1_0.email,
        ce1_0.foundation_date,
        ce1_0.instagram,
        ce1_0.logo_url,
        ce1_0.phone,
        ce1_0.president_id,
        ce1_0.short_name,
        ce1_0.status,
        ce1_0.updated_at,
        ce1_0.updated_by,
        ce1_0.version 
    from
        uniclub.clubs ce1_0 
    order by
        ce1_0.club_name 
    offset
        ? rows 
    fetch
        first ? rows only
2025-11-25 17:44:04.570 [trace:07360021-433e-46ed-8d0e-922255da505a] [user:admin] [role:[]] [op:FIND_ALL_CLUBS] INFO  com.uniClub.logging.LoggingAspect - END [FIND_ALL_CLUBS] -> Duration: 7 ms
2025-11-25 17:44:04.572 [trace:07360021-433e-46ed-8d0e-922255da505a] [user:admin] [role:[]] [op:] INFO  c.uniClub.logging.MDCLoggingFilter - RESPONSE
traceId=07360021-433e-46ed-8d0e-922255da505a | status=200 | duration=14ms
body={"status":200,"payload":{"content":[{"id":1,"clubName":"Yalova Yazılım ve Teknoloji Kulübü","shortName":"YYTK","logoUrl":"https://uniclub.yalova.edu.tr/logos/yytk.png","foundationDate":"2022-09-15","email":"yytk@yalova.edu.tr","phone":"+905551112233","instagram":"instagram.com/yytk","approved":"true","presidentId":null,"presidentUsername":null,"createdAt":"2025-11-22","status":"Terminated"}],"pageNumber":0,"pageSize":5,"totalElements":1,"totalPages":1,"last":true}}

2025-11-25 17:44:32.286 [trace:] [user:] [role:] [op:] DEBUG org.hibernate.SQL - 
    select
        ue1_0.id,
        ue1_0.created_at,
        ue1_0.created_by,
        ue1_0.email,
        ue1_0.password,
        ue1_0.role,
        ue1_0.updated_at,
        ue1_0.updated_by,
        ue1_0.username,
        ue1_0.version 
    from
        uniclub.users ue1_0 
    where
        ue1_0.username=?
2025-11-25 17:44:32.298 [trace:] [user:] [role:] [op:] DEBUG org.hibernate.SQL - 
    select
        ce1_0.id,
        ce1_0.approved,
        ce1_0.club_name,
        ce1_0.created_at,
        ce1_0.created_by,
        ce1_0.description,
        ce1_0.email,
        ce1_0.foundation_date,
        ce1_0.instagram,
        ce1_0.logo_url,
        ce1_0.phone,
        p1_0.id,
        p1_0.created_at,
        p1_0.created_by,
        p1_0.email,
        p1_0.password,
        p1_0.role,
        p1_0.updated_at,
        p1_0.updated_by,
        p1_0.username,
        p1_0.version,
        ce1_0.short_name,
        ce1_0.status,
        ce1_0.updated_at,
        ce1_0.updated_by,
        ce1_0.version 
    from
        uniclub.clubs ce1_0 
    left join
        uniclub.users p1_0 
            on p1_0.id=ce1_0.president_id 
    where
        ce1_0.president_id=?
2025-11-25 17:44:32.298 [trace:5c8b91e1-12dd-487a-9bbb-af78285034bf] [user:admin] [role:[]] [op:] INFO  c.uniClub.logging.MDCLoggingFilter - REQUEST
traceId=5c8b91e1-12dd-487a-9bbb-af78285034bf | method=GET | uri=/api/clubs/1 | ip=0:0:0:0:0:0:0:1
headers=[host=localhost:8080, connection=keep-alive, sec-ch-ua-platform="Windows", authorization=Bearer eyJhbGciOiJIUzI1NiJ9.eyJyb2xlIjoiQURNSU4iLCJzdWIiOiJhZG1pbiIsImlhdCI6MTc2NDA3ODkzMCwiZXhwIjoxNzY0MDg2MTMwfQ.Cj2OzDlXyrl1NHTrGL1vmTGF7YFmlFUjapn5i1RXbys, user-agent=Mozilla/5.0 (Windows NT 10.0; Win64; x64) AppleWebKit/537.36 (KHTML, like Gecko) Chrome/142.0.0.0 Safari/537.36, accept=application/json, text/plain, */*, sec-ch-ua="Chromium";v="142", "Google Chrome";v="142", "Not_A Brand";v="99", sec-ch-ua-mobile=?0, origin=http://localhost:5173, sec-fetch-site=same-site, sec-fetch-mode=cors, sec-fetch-dest=empty, referer=http://localhost:5173/, accept-encoding=gzip, deflate, br, zstd, accept-language=tr-TR,tr;q=0.9,en-US;q=0.8,en;q=0.7, ]
body=(empty)

2025-11-25 17:44:32.298 [trace:5c8b91e1-12dd-487a-9bbb-af78285034bf] [user:admin] [role:[]] [op:FIND_CLUB] INFO  com.uniClub.logging.LoggingAspect - START [FIND_CLUB] -> Method: ClubServiceImpl.getClubById(..), Args: [1]
2025-11-25 17:44:32.298 [trace:5c8b91e1-12dd-487a-9bbb-af78285034bf] [user:admin] [role:[]] [op:FIND_CLUB] DEBUG org.hibernate.SQL - 
    select
        ce1_0.id,
        ce1_0.approved,
        ce1_0.club_name,
        ce1_0.created_at,
        ce1_0.created_by,
        ce1_0.description,
        ce1_0.email,
        ce1_0.foundation_date,
        ce1_0.instagram,
        ce1_0.logo_url,
        ce1_0.phone,
        p1_0.id,
        p1_0.created_at,
        p1_0.created_by,
        p1_0.email,
        p1_0.password,
        p1_0.role,
        p1_0.updated_at,
        p1_0.updated_by,
        p1_0.username,
        p1_0.version,
        ce1_0.short_name,
        ce1_0.status,
        ce1_0.updated_at,
        ce1_0.updated_by,
        ce1_0.version 
    from
        uniclub.clubs ce1_0 
    left join
        uniclub.users p1_0 
            on p1_0.id=ce1_0.president_id 
    where
        ce1_0.id=?
2025-11-25 17:44:32.298 [trace:5c8b91e1-12dd-487a-9bbb-af78285034bf] [user:admin] [role:[]] [op:FIND_CLUB] INFO  com.uniClub.logging.LoggingAspect - END [FIND_CLUB] -> Duration: 3 ms
2025-11-25 17:44:32.298 [trace:5c8b91e1-12dd-487a-9bbb-af78285034bf] [user:admin] [role:[]] [op:] INFO  c.uniClub.logging.MDCLoggingFilter - RESPONSE
traceId=5c8b91e1-12dd-487a-9bbb-af78285034bf | status=200 | duration=0ms
body={"status":200,"payload":{"id":1,"clubName":"Yalova Yazılım ve Teknoloji Kulübü","shortName":"YYTK","logoUrl":"https://uniclub.yalova.edu.tr/logos/yytk.png","foundationDate":"2022-09-15","email":"yytk@yalova.edu.tr","phone":"+905551112233","instagram":"instagram.com/yytk","approved":"true","presidentId":null,"presidentUsername":null,"createdAt":"2025-11-22","status":"Terminated"}}

2025-11-25 17:44:32.314 [trace:] [user:] [role:] [op:] DEBUG org.hibernate.SQL - 
    select
        ue1_0.id,
        ue1_0.created_at,
        ue1_0.created_by,
        ue1_0.email,
        ue1_0.password,
        ue1_0.role,
        ue1_0.updated_at,
        ue1_0.updated_by,
        ue1_0.username,
        ue1_0.version 
    from
        uniclub.users ue1_0 
    where
        ue1_0.username=?
2025-11-25 17:44:32.314 [trace:] [user:] [role:] [op:] DEBUG org.hibernate.SQL - 
    select
        ce1_0.id,
        ce1_0.approved,
        ce1_0.club_name,
        ce1_0.created_at,
        ce1_0.created_by,
        ce1_0.description,
        ce1_0.email,
        ce1_0.foundation_date,
        ce1_0.instagram,
        ce1_0.logo_url,
        ce1_0.phone,
        p1_0.id,
        p1_0.created_at,
        p1_0.created_by,
        p1_0.email,
        p1_0.password,
        p1_0.role,
        p1_0.updated_at,
        p1_0.updated_by,
        p1_0.username,
        p1_0.version,
        ce1_0.short_name,
        ce1_0.status,
        ce1_0.updated_at,
        ce1_0.updated_by,
        ce1_0.version 
    from
        uniclub.clubs ce1_0 
    left join
        uniclub.users p1_0 
            on p1_0.id=ce1_0.president_id 
    where
        ce1_0.president_id=?
2025-11-25 17:44:32.318 [trace:998fad71-cc48-45b5-9a4c-0c86596e4deb] [user:admin] [role:[]] [op:] INFO  c.uniClub.logging.MDCLoggingFilter - REQUEST
traceId=998fad71-cc48-45b5-9a4c-0c86596e4deb | method=GET | uri=/api/clubs/1 | ip=0:0:0:0:0:0:0:1
headers=[host=localhost:8080, connection=keep-alive, sec-ch-ua-platform="Windows", authorization=Bearer eyJhbGciOiJIUzI1NiJ9.eyJyb2xlIjoiQURNSU4iLCJzdWIiOiJhZG1pbiIsImlhdCI6MTc2NDA3ODkzMCwiZXhwIjoxNzY0MDg2MTMwfQ.Cj2OzDlXyrl1NHTrGL1vmTGF7YFmlFUjapn5i1RXbys, user-agent=Mozilla/5.0 (Windows NT 10.0; Win64; x64) AppleWebKit/537.36 (KHTML, like Gecko) Chrome/142.0.0.0 Safari/537.36, accept=application/json, text/plain, */*, sec-ch-ua="Chromium";v="142", "Google Chrome";v="142", "Not_A Brand";v="99", sec-ch-ua-mobile=?0, origin=http://localhost:5173, sec-fetch-site=same-site, sec-fetch-mode=cors, sec-fetch-dest=empty, referer=http://localhost:5173/, accept-encoding=gzip, deflate, br, zstd, accept-language=tr-TR,tr;q=0.9,en-US;q=0.8,en;q=0.7, ]
body=(empty)

2025-11-25 17:44:32.319 [trace:998fad71-cc48-45b5-9a4c-0c86596e4deb] [user:admin] [role:[]] [op:FIND_CLUB] INFO  com.uniClub.logging.LoggingAspect - START [FIND_CLUB] -> Method: ClubServiceImpl.getClubById(..), Args: [1]
2025-11-25 17:44:32.320 [trace:998fad71-cc48-45b5-9a4c-0c86596e4deb] [user:admin] [role:[]] [op:FIND_CLUB] DEBUG org.hibernate.SQL - 
    select
        ce1_0.id,
        ce1_0.approved,
        ce1_0.club_name,
        ce1_0.created_at,
        ce1_0.created_by,
        ce1_0.description,
        ce1_0.email,
        ce1_0.foundation_date,
        ce1_0.instagram,
        ce1_0.logo_url,
        ce1_0.phone,
        p1_0.id,
        p1_0.created_at,
        p1_0.created_by,
        p1_0.email,
        p1_0.password,
        p1_0.role,
        p1_0.updated_at,
        p1_0.updated_by,
        p1_0.username,
        p1_0.version,
        ce1_0.short_name,
        ce1_0.status,
        ce1_0.updated_at,
        ce1_0.updated_by,
        ce1_0.version 
    from
        uniclub.clubs ce1_0 
    left join
        uniclub.users p1_0 
            on p1_0.id=ce1_0.president_id 
    where
        ce1_0.id=?
2025-11-25 17:44:32.321 [trace:998fad71-cc48-45b5-9a4c-0c86596e4deb] [user:admin] [role:[]] [op:FIND_CLUB] INFO  com.uniClub.logging.LoggingAspect - END [FIND_CLUB] -> Duration: 1 ms
2025-11-25 17:44:32.321 [trace:998fad71-cc48-45b5-9a4c-0c86596e4deb] [user:admin] [role:[]] [op:] INFO  c.uniClub.logging.MDCLoggingFilter - RESPONSE
traceId=998fad71-cc48-45b5-9a4c-0c86596e4deb | status=200 | duration=3ms
body={"status":200,"payload":{"id":1,"clubName":"Yalova Yazılım ve Teknoloji Kulübü","shortName":"YYTK","logoUrl":"https://uniclub.yalova.edu.tr/logos/yytk.png","foundationDate":"2022-09-15","email":"yytk@yalova.edu.tr","phone":"+905551112233","instagram":"instagram.com/yytk","approved":"true","presidentId":null,"presidentUsername":null,"createdAt":"2025-11-22","status":"Terminated"}}

2025-11-25 17:46:32.784 [trace:] [user:] [role:] [op:] DEBUG org.hibernate.SQL - 
    select
        ue1_0.id,
        ue1_0.created_at,
        ue1_0.created_by,
        ue1_0.email,
        ue1_0.password,
        ue1_0.role,
        ue1_0.updated_at,
        ue1_0.updated_by,
        ue1_0.username,
        ue1_0.version 
    from
        uniclub.users ue1_0 
    where
        ue1_0.username=?
2025-11-25 17:46:32.786 [trace:] [user:] [role:] [op:] DEBUG org.hibernate.SQL - 
    select
        ce1_0.id,
        ce1_0.approved,
        ce1_0.club_name,
        ce1_0.created_at,
        ce1_0.created_by,
        ce1_0.description,
        ce1_0.email,
        ce1_0.foundation_date,
        ce1_0.instagram,
        ce1_0.logo_url,
        ce1_0.phone,
        p1_0.id,
        p1_0.created_at,
        p1_0.created_by,
        p1_0.email,
        p1_0.password,
        p1_0.role,
        p1_0.updated_at,
        p1_0.updated_by,
        p1_0.username,
        p1_0.version,
        ce1_0.short_name,
        ce1_0.status,
        ce1_0.updated_at,
        ce1_0.updated_by,
        ce1_0.version 
    from
        uniclub.clubs ce1_0 
    left join
        uniclub.users p1_0 
            on p1_0.id=ce1_0.president_id 
    where
        ce1_0.president_id=?
2025-11-25 17:46:32.788 [trace:ea16dd42-b473-46b9-8293-d56da87370fc] [user:admin] [role:[]] [op:] INFO  c.uniClub.logging.MDCLoggingFilter - REQUEST
traceId=ea16dd42-b473-46b9-8293-d56da87370fc | method=GET | uri=/api/clubs/1 | ip=0:0:0:0:0:0:0:1
headers=[host=localhost:8080, connection=keep-alive, sec-ch-ua-platform="Windows", authorization=Bearer eyJhbGciOiJIUzI1NiJ9.eyJyb2xlIjoiQURNSU4iLCJzdWIiOiJhZG1pbiIsImlhdCI6MTc2NDA3ODkzMCwiZXhwIjoxNzY0MDg2MTMwfQ.Cj2OzDlXyrl1NHTrGL1vmTGF7YFmlFUjapn5i1RXbys, user-agent=Mozilla/5.0 (Windows NT 10.0; Win64; x64) AppleWebKit/537.36 (KHTML, like Gecko) Chrome/142.0.0.0 Safari/537.36, accept=application/json, text/plain, */*, sec-ch-ua="Chromium";v="142", "Google Chrome";v="142", "Not_A Brand";v="99", sec-ch-ua-mobile=?0, origin=http://localhost:5173, sec-fetch-site=same-site, sec-fetch-mode=cors, sec-fetch-dest=empty, referer=http://localhost:5173/, accept-encoding=gzip, deflate, br, zstd, accept-language=tr-TR,tr;q=0.9,en-US;q=0.8,en;q=0.7, ]
body=(empty)

2025-11-25 17:46:32.788 [trace:ea16dd42-b473-46b9-8293-d56da87370fc] [user:admin] [role:[]] [op:FIND_CLUB] INFO  com.uniClub.logging.LoggingAspect - START [FIND_CLUB] -> Method: ClubServiceImpl.getClubById(..), Args: [1]
2025-11-25 17:46:32.788 [trace:ea16dd42-b473-46b9-8293-d56da87370fc] [user:admin] [role:[]] [op:FIND_CLUB] DEBUG org.hibernate.SQL - 
    select
        ce1_0.id,
        ce1_0.approved,
        ce1_0.club_name,
        ce1_0.created_at,
        ce1_0.created_by,
        ce1_0.description,
        ce1_0.email,
        ce1_0.foundation_date,
        ce1_0.instagram,
        ce1_0.logo_url,
        ce1_0.phone,
        p1_0.id,
        p1_0.created_at,
        p1_0.created_by,
        p1_0.email,
        p1_0.password,
        p1_0.role,
        p1_0.updated_at,
        p1_0.updated_by,
        p1_0.username,
        p1_0.version,
        ce1_0.short_name,
        ce1_0.status,
        ce1_0.updated_at,
        ce1_0.updated_by,
        ce1_0.version 
    from
        uniclub.clubs ce1_0 
    left join
        uniclub.users p1_0 
            on p1_0.id=ce1_0.president_id 
    where
        ce1_0.id=?
2025-11-25 17:46:32.788 [trace:ea16dd42-b473-46b9-8293-d56da87370fc] [user:admin] [role:[]] [op:FIND_CLUB] INFO  com.uniClub.logging.LoggingAspect - END [FIND_CLUB] -> Duration: 2 ms
2025-11-25 17:46:32.788 [trace:ea16dd42-b473-46b9-8293-d56da87370fc] [user:admin] [role:[]] [op:] INFO  c.uniClub.logging.MDCLoggingFilter - RESPONSE
traceId=ea16dd42-b473-46b9-8293-d56da87370fc | status=200 | duration=0ms
body={"status":200,"payload":{"id":1,"clubName":"Yalova Yazılım ve Teknoloji Kulübü","shortName":"YYTK","logoUrl":"https://uniclub.yalova.edu.tr/logos/yytk.png","foundationDate":"2022-09-15","email":"yytk@yalova.edu.tr","phone":"+905551112233","instagram":"instagram.com/yytk","approved":"true","presidentId":null,"presidentUsername":null,"createdAt":"2025-11-22","status":"Terminated"}}

2025-11-25 17:46:32.801 [trace:] [user:] [role:] [op:] DEBUG org.hibernate.SQL - 
    select
        ue1_0.id,
        ue1_0.created_at,
        ue1_0.created_by,
        ue1_0.email,
        ue1_0.password,
        ue1_0.role,
        ue1_0.updated_at,
        ue1_0.updated_by,
        ue1_0.username,
        ue1_0.version 
    from
        uniclub.users ue1_0 
    where
        ue1_0.username=?
2025-11-25 17:46:32.802 [trace:] [user:] [role:] [op:] DEBUG org.hibernate.SQL - 
    select
        ce1_0.id,
        ce1_0.approved,
        ce1_0.club_name,
        ce1_0.created_at,
        ce1_0.created_by,
        ce1_0.description,
        ce1_0.email,
        ce1_0.foundation_date,
        ce1_0.instagram,
        ce1_0.logo_url,
        ce1_0.phone,
        p1_0.id,
        p1_0.created_at,
        p1_0.created_by,
        p1_0.email,
        p1_0.password,
        p1_0.role,
        p1_0.updated_at,
        p1_0.updated_by,
        p1_0.username,
        p1_0.version,
        ce1_0.short_name,
        ce1_0.status,
        ce1_0.updated_at,
        ce1_0.updated_by,
        ce1_0.version 
    from
        uniclub.clubs ce1_0 
    left join
        uniclub.users p1_0 
            on p1_0.id=ce1_0.president_id 
    where
        ce1_0.president_id=?
2025-11-25 17:46:32.805 [trace:fef8ec6a-e46c-436c-9b9b-e0eaf3600405] [user:admin] [role:[]] [op:] INFO  c.uniClub.logging.MDCLoggingFilter - REQUEST
traceId=fef8ec6a-e46c-436c-9b9b-e0eaf3600405 | method=GET | uri=/api/clubs/1 | ip=0:0:0:0:0:0:0:1
headers=[host=localhost:8080, connection=keep-alive, sec-ch-ua-platform="Windows", authorization=Bearer eyJhbGciOiJIUzI1NiJ9.eyJyb2xlIjoiQURNSU4iLCJzdWIiOiJhZG1pbiIsImlhdCI6MTc2NDA3ODkzMCwiZXhwIjoxNzY0MDg2MTMwfQ.Cj2OzDlXyrl1NHTrGL1vmTGF7YFmlFUjapn5i1RXbys, user-agent=Mozilla/5.0 (Windows NT 10.0; Win64; x64) AppleWebKit/537.36 (KHTML, like Gecko) Chrome/142.0.0.0 Safari/537.36, accept=application/json, text/plain, */*, sec-ch-ua="Chromium";v="142", "Google Chrome";v="142", "Not_A Brand";v="99", sec-ch-ua-mobile=?0, origin=http://localhost:5173, sec-fetch-site=same-site, sec-fetch-mode=cors, sec-fetch-dest=empty, referer=http://localhost:5173/, accept-encoding=gzip, deflate, br, zstd, accept-language=tr-TR,tr;q=0.9,en-US;q=0.8,en;q=0.7, ]
body=(empty)

2025-11-25 17:46:32.806 [trace:fef8ec6a-e46c-436c-9b9b-e0eaf3600405] [user:admin] [role:[]] [op:FIND_CLUB] INFO  com.uniClub.logging.LoggingAspect - START [FIND_CLUB] -> Method: ClubServiceImpl.getClubById(..), Args: [1]
2025-11-25 17:46:32.807 [trace:fef8ec6a-e46c-436c-9b9b-e0eaf3600405] [user:admin] [role:[]] [op:FIND_CLUB] DEBUG org.hibernate.SQL - 
    select
        ce1_0.id,
        ce1_0.approved,
        ce1_0.club_name,
        ce1_0.created_at,
        ce1_0.created_by,
        ce1_0.description,
        ce1_0.email,
        ce1_0.foundation_date,
        ce1_0.instagram,
        ce1_0.logo_url,
        ce1_0.phone,
        p1_0.id,
        p1_0.created_at,
        p1_0.created_by,
        p1_0.email,
        p1_0.password,
        p1_0.role,
        p1_0.updated_at,
        p1_0.updated_by,
        p1_0.username,
        p1_0.version,
        ce1_0.short_name,
        ce1_0.status,
        ce1_0.updated_at,
        ce1_0.updated_by,
        ce1_0.version 
    from
        uniclub.clubs ce1_0 
    left join
        uniclub.users p1_0 
            on p1_0.id=ce1_0.president_id 
    where
        ce1_0.id=?
2025-11-25 17:46:32.808 [trace:fef8ec6a-e46c-436c-9b9b-e0eaf3600405] [user:admin] [role:[]] [op:FIND_CLUB] INFO  com.uniClub.logging.LoggingAspect - END [FIND_CLUB] -> Duration: 2 ms
2025-11-25 17:46:32.810 [trace:fef8ec6a-e46c-436c-9b9b-e0eaf3600405] [user:admin] [role:[]] [op:] INFO  c.uniClub.logging.MDCLoggingFilter - RESPONSE
traceId=fef8ec6a-e46c-436c-9b9b-e0eaf3600405 | status=200 | duration=5ms
body={"status":200,"payload":{"id":1,"clubName":"Yalova Yazılım ve Teknoloji Kulübü","shortName":"YYTK","logoUrl":"https://uniclub.yalova.edu.tr/logos/yytk.png","foundationDate":"2022-09-15","email":"yytk@yalova.edu.tr","phone":"+905551112233","instagram":"instagram.com/yytk","approved":"true","presidentId":null,"presidentUsername":null,"createdAt":"2025-11-22","status":"Terminated"}}

2025-11-25 17:46:45.308 [trace:] [user:] [role:] [op:] DEBUG org.hibernate.SQL - 
    select
        ue1_0.id,
        ue1_0.created_at,
        ue1_0.created_by,
        ue1_0.email,
        ue1_0.password,
        ue1_0.role,
        ue1_0.updated_at,
        ue1_0.updated_by,
        ue1_0.username,
        ue1_0.version 
    from
        uniclub.users ue1_0 
    where
        ue1_0.username=?
2025-11-25 17:46:45.308 [trace:] [user:] [role:] [op:] DEBUG org.hibernate.SQL - 
    select
        ce1_0.id,
        ce1_0.approved,
        ce1_0.club_name,
        ce1_0.created_at,
        ce1_0.created_by,
        ce1_0.description,
        ce1_0.email,
        ce1_0.foundation_date,
        ce1_0.instagram,
        ce1_0.logo_url,
        ce1_0.phone,
        p1_0.id,
        p1_0.created_at,
        p1_0.created_by,
        p1_0.email,
        p1_0.password,
        p1_0.role,
        p1_0.updated_at,
        p1_0.updated_by,
        p1_0.username,
        p1_0.version,
        ce1_0.short_name,
        ce1_0.status,
        ce1_0.updated_at,
        ce1_0.updated_by,
        ce1_0.version 
    from
        uniclub.clubs ce1_0 
    left join
        uniclub.users p1_0 
            on p1_0.id=ce1_0.president_id 
    where
        ce1_0.president_id=?
2025-11-25 17:46:45.324 [trace:4fdef3c6-2271-47b4-815b-ab000d8e31ad] [user:admin] [role:[]] [op:] INFO  c.uniClub.logging.MDCLoggingFilter - REQUEST
traceId=4fdef3c6-2271-47b4-815b-ab000d8e31ad | method=GET | uri=/api/auth/all/users | ip=0:0:0:0:0:0:0:1
headers=[host=localhost:8080, connection=keep-alive, sec-ch-ua-platform="Windows", authorization=Bearer eyJhbGciOiJIUzI1NiJ9.eyJyb2xlIjoiQURNSU4iLCJzdWIiOiJhZG1pbiIsImlhdCI6MTc2NDA3ODkzMCwiZXhwIjoxNzY0MDg2MTMwfQ.Cj2OzDlXyrl1NHTrGL1vmTGF7YFmlFUjapn5i1RXbys, user-agent=Mozilla/5.0 (Windows NT 10.0; Win64; x64) AppleWebKit/537.36 (KHTML, like Gecko) Chrome/142.0.0.0 Safari/537.36, accept=application/json, text/plain, */*, sec-ch-ua="Chromium";v="142", "Google Chrome";v="142", "Not_A Brand";v="99", sec-ch-ua-mobile=?0, origin=http://localhost:5173, sec-fetch-site=same-site, sec-fetch-mode=cors, sec-fetch-dest=empty, referer=http://localhost:5173/, accept-encoding=gzip, deflate, br, zstd, accept-language=tr-TR,tr;q=0.9,en-US;q=0.8,en;q=0.7, ]
body=(empty)

2025-11-25 17:46:45.324 [trace:4fdef3c6-2271-47b4-815b-ab000d8e31ad] [user:admin] [role:[]] [op:] DEBUG org.hibernate.SQL - 
    select
        ue1_0.id,
        ue1_0.created_at,
        ue1_0.created_by,
        ue1_0.email,
        ue1_0.password,
        ue1_0.role,
        ue1_0.updated_at,
        ue1_0.updated_by,
        ue1_0.username,
        ue1_0.version 
    from
        uniclub.users ue1_0
2025-11-25 17:46:45.324 [trace:4fdef3c6-2271-47b4-815b-ab000d8e31ad] [user:admin] [role:[]] [op:] DEBUG org.hibernate.SQL - 
    select
        ce1_0.id,
        ce1_0.approved,
        ce1_0.club_name,
        ce1_0.created_at,
        ce1_0.created_by,
        ce1_0.description,
        ce1_0.email,
        ce1_0.foundation_date,
        ce1_0.instagram,
        ce1_0.logo_url,
        ce1_0.phone,
        p1_0.id,
        p1_0.created_at,
        p1_0.created_by,
        p1_0.email,
        p1_0.password,
        p1_0.role,
        p1_0.updated_at,
        p1_0.updated_by,
        p1_0.username,
        p1_0.version,
        ce1_0.short_name,
        ce1_0.status,
        ce1_0.updated_at,
        ce1_0.updated_by,
        ce1_0.version 
    from
        uniclub.clubs ce1_0 
    left join
        uniclub.users p1_0 
            on p1_0.id=ce1_0.president_id 
    where
        ce1_0.president_id=?
2025-11-25 17:46:45.324 [trace:4fdef3c6-2271-47b4-815b-ab000d8e31ad] [user:admin] [role:[]] [op:] DEBUG org.hibernate.SQL - 
    select
        ce1_0.id,
        ce1_0.approved,
        ce1_0.club_name,
        ce1_0.created_at,
        ce1_0.created_by,
        ce1_0.description,
        ce1_0.email,
        ce1_0.foundation_date,
        ce1_0.instagram,
        ce1_0.logo_url,
        ce1_0.phone,
        p1_0.id,
        p1_0.created_at,
        p1_0.created_by,
        p1_0.email,
        p1_0.password,
        p1_0.role,
        p1_0.updated_at,
        p1_0.updated_by,
        p1_0.username,
        p1_0.version,
        ce1_0.short_name,
        ce1_0.status,
        ce1_0.updated_at,
        ce1_0.updated_by,
        ce1_0.version 
    from
        uniclub.clubs ce1_0 
    left join
        uniclub.users p1_0 
            on p1_0.id=ce1_0.president_id 
    where
        ce1_0.president_id=?
2025-11-25 17:46:45.324 [trace:4fdef3c6-2271-47b4-815b-ab000d8e31ad] [user:admin] [role:[]] [op:] DEBUG org.hibernate.SQL - 
    select
        ce1_0.id,
        ce1_0.approved,
        ce1_0.club_name,
        ce1_0.created_at,
        ce1_0.created_by,
        ce1_0.description,
        ce1_0.email,
        ce1_0.foundation_date,
        ce1_0.instagram,
        ce1_0.logo_url,
        ce1_0.phone,
        p1_0.id,
        p1_0.created_at,
        p1_0.created_by,
        p1_0.email,
        p1_0.password,
        p1_0.role,
        p1_0.updated_at,
        p1_0.updated_by,
        p1_0.username,
        p1_0.version,
        ce1_0.short_name,
        ce1_0.status,
        ce1_0.updated_at,
        ce1_0.updated_by,
        ce1_0.version 
    from
        uniclub.clubs ce1_0 
    left join
        uniclub.users p1_0 
            on p1_0.id=ce1_0.president_id 
    where
        ce1_0.president_id=?
2025-11-25 17:46:45.324 [trace:4fdef3c6-2271-47b4-815b-ab000d8e31ad] [user:admin] [role:[]] [op:] INFO  c.uniClub.logging.MDCLoggingFilter - RESPONSE
traceId=4fdef3c6-2271-47b4-815b-ab000d8e31ad | status=200 | duration=0ms
body={"status":200,"payload":[{"createdAt":"2025-10-28T22:21:57.237716","updatedAt":"2025-10-28T22:21:57.237716","createdBy":null,"updatedBy":null,"id":"8046b87f-e57c-43f7-a694-bacf480e88b8","username":"admin","email":"admin@yalova.edu.tr","role":"ADMIN"},{"createdAt":"2025-10-28T23:31:49.408782","updatedAt":"2025-10-28T23:31:49.408782","createdBy":null,"updatedBy":null,"id":"a26288db-c5b5-48b0-9c99-265de61e1cd6","username":"210101062","email":"210101062@ogrenci.yalova.edu.tr","role":"USER"},{"createdAt":"2025-10-28T23:32:41.720353","updatedAt":"2025-10-28T23:32:41.720353","createdBy":null,"updatedBy":null,"id":"c302c399-71e9-43ff-a208-8a99ef44775c","username":"210101061","email":"210101061@ogrenci.yalova.edu.tr","role":"USER"}]}

2025-11-25 17:46:45.324 [trace:] [user:] [role:] [op:] DEBUG org.hibernate.SQL - 
    select
        ue1_0.id,
        ue1_0.created_at,
        ue1_0.created_by,
        ue1_0.email,
        ue1_0.password,
        ue1_0.role,
        ue1_0.updated_at,
        ue1_0.updated_by,
        ue1_0.username,
        ue1_0.version 
    from
        uniclub.users ue1_0 
    where
        ue1_0.username=?
2025-11-25 17:46:45.324 [trace:] [user:] [role:] [op:] DEBUG org.hibernate.SQL - 
    select
        ce1_0.id,
        ce1_0.approved,
        ce1_0.club_name,
        ce1_0.created_at,
        ce1_0.created_by,
        ce1_0.description,
        ce1_0.email,
        ce1_0.foundation_date,
        ce1_0.instagram,
        ce1_0.logo_url,
        ce1_0.phone,
        p1_0.id,
        p1_0.created_at,
        p1_0.created_by,
        p1_0.email,
        p1_0.password,
        p1_0.role,
        p1_0.updated_at,
        p1_0.updated_by,
        p1_0.username,
        p1_0.version,
        ce1_0.short_name,
        ce1_0.status,
        ce1_0.updated_at,
        ce1_0.updated_by,
        ce1_0.version 
    from
        uniclub.clubs ce1_0 
    left join
        uniclub.users p1_0 
            on p1_0.id=ce1_0.president_id 
    where
        ce1_0.president_id=?
2025-11-25 17:46:45.339 [trace:48eba384-fa21-4822-ad4b-9a97cb4fc0b0] [user:admin] [role:[]] [op:] INFO  c.uniClub.logging.MDCLoggingFilter - REQUEST
traceId=48eba384-fa21-4822-ad4b-9a97cb4fc0b0 | method=GET | uri=/api/auth/all/users | ip=0:0:0:0:0:0:0:1
headers=[host=localhost:8080, connection=keep-alive, sec-ch-ua-platform="Windows", authorization=Bearer eyJhbGciOiJIUzI1NiJ9.eyJyb2xlIjoiQURNSU4iLCJzdWIiOiJhZG1pbiIsImlhdCI6MTc2NDA3ODkzMCwiZXhwIjoxNzY0MDg2MTMwfQ.Cj2OzDlXyrl1NHTrGL1vmTGF7YFmlFUjapn5i1RXbys, user-agent=Mozilla/5.0 (Windows NT 10.0; Win64; x64) AppleWebKit/537.36 (KHTML, like Gecko) Chrome/142.0.0.0 Safari/537.36, accept=application/json, text/plain, */*, sec-ch-ua="Chromium";v="142", "Google Chrome";v="142", "Not_A Brand";v="99", sec-ch-ua-mobile=?0, origin=http://localhost:5173, sec-fetch-site=same-site, sec-fetch-mode=cors, sec-fetch-dest=empty, referer=http://localhost:5173/, accept-encoding=gzip, deflate, br, zstd, accept-language=tr-TR,tr;q=0.9,en-US;q=0.8,en;q=0.7, ]
body=(empty)

2025-11-25 17:46:45.342 [trace:48eba384-fa21-4822-ad4b-9a97cb4fc0b0] [user:admin] [role:[]] [op:] DEBUG org.hibernate.SQL - 
    select
        ue1_0.id,
        ue1_0.created_at,
        ue1_0.created_by,
        ue1_0.email,
        ue1_0.password,
        ue1_0.role,
        ue1_0.updated_at,
        ue1_0.updated_by,
        ue1_0.username,
        ue1_0.version 
    from
        uniclub.users ue1_0
2025-11-25 17:46:45.342 [trace:48eba384-fa21-4822-ad4b-9a97cb4fc0b0] [user:admin] [role:[]] [op:] DEBUG org.hibernate.SQL - 
    select
        ce1_0.id,
        ce1_0.approved,
        ce1_0.club_name,
        ce1_0.created_at,
        ce1_0.created_by,
        ce1_0.description,
        ce1_0.email,
        ce1_0.foundation_date,
        ce1_0.instagram,
        ce1_0.logo_url,
        ce1_0.phone,
        p1_0.id,
        p1_0.created_at,
        p1_0.created_by,
        p1_0.email,
        p1_0.password,
        p1_0.role,
        p1_0.updated_at,
        p1_0.updated_by,
        p1_0.username,
        p1_0.version,
        ce1_0.short_name,
        ce1_0.status,
        ce1_0.updated_at,
        ce1_0.updated_by,
        ce1_0.version 
    from
        uniclub.clubs ce1_0 
    left join
        uniclub.users p1_0 
            on p1_0.id=ce1_0.president_id 
    where
        ce1_0.president_id=?
2025-11-25 17:46:45.342 [trace:48eba384-fa21-4822-ad4b-9a97cb4fc0b0] [user:admin] [role:[]] [op:] DEBUG org.hibernate.SQL - 
    select
        ce1_0.id,
        ce1_0.approved,
        ce1_0.club_name,
        ce1_0.created_at,
        ce1_0.created_by,
        ce1_0.description,
        ce1_0.email,
        ce1_0.foundation_date,
        ce1_0.instagram,
        ce1_0.logo_url,
        ce1_0.phone,
        p1_0.id,
        p1_0.created_at,
        p1_0.created_by,
        p1_0.email,
        p1_0.password,
        p1_0.role,
        p1_0.updated_at,
        p1_0.updated_by,
        p1_0.username,
        p1_0.version,
        ce1_0.short_name,
        ce1_0.status,
        ce1_0.updated_at,
        ce1_0.updated_by,
        ce1_0.version 
    from
        uniclub.clubs ce1_0 
    left join
        uniclub.users p1_0 
            on p1_0.id=ce1_0.president_id 
    where
        ce1_0.president_id=?
2025-11-25 17:46:45.342 [trace:48eba384-fa21-4822-ad4b-9a97cb4fc0b0] [user:admin] [role:[]] [op:] DEBUG org.hibernate.SQL - 
    select
        ce1_0.id,
        ce1_0.approved,
        ce1_0.club_name,
        ce1_0.created_at,
        ce1_0.created_by,
        ce1_0.description,
        ce1_0.email,
        ce1_0.foundation_date,
        ce1_0.instagram,
        ce1_0.logo_url,
        ce1_0.phone,
        p1_0.id,
        p1_0.created_at,
        p1_0.created_by,
        p1_0.email,
        p1_0.password,
        p1_0.role,
        p1_0.updated_at,
        p1_0.updated_by,
        p1_0.username,
        p1_0.version,
        ce1_0.short_name,
        ce1_0.status,
        ce1_0.updated_at,
        ce1_0.updated_by,
        ce1_0.version 
    from
        uniclub.clubs ce1_0 
    left join
        uniclub.users p1_0 
            on p1_0.id=ce1_0.president_id 
    where
        ce1_0.president_id=?
2025-11-25 17:46:45.342 [trace:48eba384-fa21-4822-ad4b-9a97cb4fc0b0] [user:admin] [role:[]] [op:] INFO  c.uniClub.logging.MDCLoggingFilter - RESPONSE
traceId=48eba384-fa21-4822-ad4b-9a97cb4fc0b0 | status=200 | duration=3ms
body={"status":200,"payload":[{"createdAt":"2025-10-28T22:21:57.237716","updatedAt":"2025-10-28T22:21:57.237716","createdBy":null,"updatedBy":null,"id":"8046b87f-e57c-43f7-a694-bacf480e88b8","username":"admin","email":"admin@yalova.edu.tr","role":"ADMIN"},{"createdAt":"2025-10-28T23:31:49.408782","updatedAt":"2025-10-28T23:31:49.408782","createdBy":null,"updatedBy":null,"id":"a26288db-c5b5-48b0-9c99-265de61e1cd6","username":"210101062","email":"210101062@ogrenci.yalova.edu.tr","role":"USER"},{"createdAt":"2025-10-28T23:32:41.720353","updatedAt":"2025-10-28T23:32:41.720353","createdBy":null,"updatedBy":null,"id":"c302c399-71e9-43ff-a208-8a99ef44775c","username":"210101061","email":"210101061@ogrenci.yalova.edu.tr","role":"USER"}]}

2025-11-25 17:46:46.893 [trace:] [user:] [role:] [op:] DEBUG org.hibernate.SQL - 
    select
        ue1_0.id,
        ue1_0.created_at,
        ue1_0.created_by,
        ue1_0.email,
        ue1_0.password,
        ue1_0.role,
        ue1_0.updated_at,
        ue1_0.updated_by,
        ue1_0.username,
        ue1_0.version 
    from
        uniclub.users ue1_0 
    where
        ue1_0.username=?
2025-11-25 17:46:46.894 [trace:] [user:] [role:] [op:] DEBUG org.hibernate.SQL - 
    select
        ce1_0.id,
        ce1_0.approved,
        ce1_0.club_name,
        ce1_0.created_at,
        ce1_0.created_by,
        ce1_0.description,
        ce1_0.email,
        ce1_0.foundation_date,
        ce1_0.instagram,
        ce1_0.logo_url,
        ce1_0.phone,
        p1_0.id,
        p1_0.created_at,
        p1_0.created_by,
        p1_0.email,
        p1_0.password,
        p1_0.role,
        p1_0.updated_at,
        p1_0.updated_by,
        p1_0.username,
        p1_0.version,
        ce1_0.short_name,
        ce1_0.status,
        ce1_0.updated_at,
        ce1_0.updated_by,
        ce1_0.version 
    from
        uniclub.clubs ce1_0 
    left join
        uniclub.users p1_0 
            on p1_0.id=ce1_0.president_id 
    where
        ce1_0.president_id=?
2025-11-25 17:46:46.894 [trace:c4bf9132-0962-400d-afaa-b73c8ae24cb8] [user:admin] [role:[]] [op:] INFO  c.uniClub.logging.MDCLoggingFilter - REQUEST
traceId=c4bf9132-0962-400d-afaa-b73c8ae24cb8 | method=GET | uri=/api/clubs | ip=0:0:0:0:0:0:0:1
headers=[host=localhost:8080, connection=keep-alive, sec-ch-ua-platform="Windows", authorization=Bearer eyJhbGciOiJIUzI1NiJ9.eyJyb2xlIjoiQURNSU4iLCJzdWIiOiJhZG1pbiIsImlhdCI6MTc2NDA3ODkzMCwiZXhwIjoxNzY0MDg2MTMwfQ.Cj2OzDlXyrl1NHTrGL1vmTGF7YFmlFUjapn5i1RXbys, user-agent=Mozilla/5.0 (Windows NT 10.0; Win64; x64) AppleWebKit/537.36 (KHTML, like Gecko) Chrome/142.0.0.0 Safari/537.36, accept=application/json, text/plain, */*, sec-ch-ua="Chromium";v="142", "Google Chrome";v="142", "Not_A Brand";v="99", sec-ch-ua-mobile=?0, origin=http://localhost:5173, sec-fetch-site=same-site, sec-fetch-mode=cors, sec-fetch-dest=empty, referer=http://localhost:5173/, accept-encoding=gzip, deflate, br, zstd, accept-language=tr-TR,tr;q=0.9,en-US;q=0.8,en;q=0.7, ]
body=(empty)

2025-11-25 17:46:46.894 [trace:c4bf9132-0962-400d-afaa-b73c8ae24cb8] [user:admin] [role:[]] [op:FIND_ALL_CLUBS] INFO  com.uniClub.logging.LoggingAspect - START [FIND_ALL_CLUBS] -> Method: ClubServiceImpl.getAllPaged(..), Args: [Page request [number: 0, size 5, sort: clubName: ASC]]
2025-11-25 17:46:46.894 [trace:c4bf9132-0962-400d-afaa-b73c8ae24cb8] [user:admin] [role:[]] [op:FIND_ALL_CLUBS] DEBUG org.hibernate.SQL - 
    select
        ce1_0.id,
        ce1_0.approved,
        ce1_0.club_name,
        ce1_0.created_at,
        ce1_0.created_by,
        ce1_0.description,
        ce1_0.email,
        ce1_0.foundation_date,
        ce1_0.instagram,
        ce1_0.logo_url,
        ce1_0.phone,
        ce1_0.president_id,
        ce1_0.short_name,
        ce1_0.status,
        ce1_0.updated_at,
        ce1_0.updated_by,
        ce1_0.version 
    from
        uniclub.clubs ce1_0 
    order by
        ce1_0.club_name 
    offset
        ? rows 
    fetch
        first ? rows only
2025-11-25 17:46:46.894 [trace:c4bf9132-0962-400d-afaa-b73c8ae24cb8] [user:admin] [role:[]] [op:FIND_ALL_CLUBS] INFO  com.uniClub.logging.LoggingAspect - END [FIND_ALL_CLUBS] -> Duration: 2 ms
2025-11-25 17:46:46.894 [trace:c4bf9132-0962-400d-afaa-b73c8ae24cb8] [user:admin] [role:[]] [op:] INFO  c.uniClub.logging.MDCLoggingFilter - RESPONSE
traceId=c4bf9132-0962-400d-afaa-b73c8ae24cb8 | status=200 | duration=0ms
body={"status":200,"payload":{"content":[{"id":1,"clubName":"Yalova Yazılım ve Teknoloji Kulübü","shortName":"YYTK","logoUrl":"https://uniclub.yalova.edu.tr/logos/yytk.png","foundationDate":"2022-09-15","email":"yytk@yalova.edu.tr","phone":"+905551112233","instagram":"instagram.com/yytk","approved":"true","presidentId":null,"presidentUsername":null,"createdAt":"2025-11-22","status":"Terminated"}],"pageNumber":0,"pageSize":5,"totalElements":1,"totalPages":1,"last":true}}

2025-11-25 17:46:46.911 [trace:] [user:] [role:] [op:] DEBUG org.hibernate.SQL - 
    select
        ue1_0.id,
        ue1_0.created_at,
        ue1_0.created_by,
        ue1_0.email,
        ue1_0.password,
        ue1_0.role,
        ue1_0.updated_at,
        ue1_0.updated_by,
        ue1_0.username,
        ue1_0.version 
    from
        uniclub.users ue1_0 
    where
        ue1_0.username=?
2025-11-25 17:46:46.912 [trace:] [user:] [role:] [op:] DEBUG org.hibernate.SQL - 
    select
        ce1_0.id,
        ce1_0.approved,
        ce1_0.club_name,
        ce1_0.created_at,
        ce1_0.created_by,
        ce1_0.description,
        ce1_0.email,
        ce1_0.foundation_date,
        ce1_0.instagram,
        ce1_0.logo_url,
        ce1_0.phone,
        p1_0.id,
        p1_0.created_at,
        p1_0.created_by,
        p1_0.email,
        p1_0.password,
        p1_0.role,
        p1_0.updated_at,
        p1_0.updated_by,
        p1_0.username,
        p1_0.version,
        ce1_0.short_name,
        ce1_0.status,
        ce1_0.updated_at,
        ce1_0.updated_by,
        ce1_0.version 
    from
        uniclub.clubs ce1_0 
    left join
        uniclub.users p1_0 
            on p1_0.id=ce1_0.president_id 
    where
        ce1_0.president_id=?
2025-11-25 17:46:46.914 [trace:3b5f2da7-4aa9-4daa-9a31-ff61d318109c] [user:admin] [role:[]] [op:] INFO  c.uniClub.logging.MDCLoggingFilter - REQUEST
traceId=3b5f2da7-4aa9-4daa-9a31-ff61d318109c | method=GET | uri=/api/clubs | ip=0:0:0:0:0:0:0:1
headers=[host=localhost:8080, connection=keep-alive, sec-ch-ua-platform="Windows", authorization=Bearer eyJhbGciOiJIUzI1NiJ9.eyJyb2xlIjoiQURNSU4iLCJzdWIiOiJhZG1pbiIsImlhdCI6MTc2NDA3ODkzMCwiZXhwIjoxNzY0MDg2MTMwfQ.Cj2OzDlXyrl1NHTrGL1vmTGF7YFmlFUjapn5i1RXbys, user-agent=Mozilla/5.0 (Windows NT 10.0; Win64; x64) AppleWebKit/537.36 (KHTML, like Gecko) Chrome/142.0.0.0 Safari/537.36, accept=application/json, text/plain, */*, sec-ch-ua="Chromium";v="142", "Google Chrome";v="142", "Not_A Brand";v="99", sec-ch-ua-mobile=?0, origin=http://localhost:5173, sec-fetch-site=same-site, sec-fetch-mode=cors, sec-fetch-dest=empty, referer=http://localhost:5173/, accept-encoding=gzip, deflate, br, zstd, accept-language=tr-TR,tr;q=0.9,en-US;q=0.8,en;q=0.7, ]
body=(empty)

2025-11-25 17:46:46.915 [trace:3b5f2da7-4aa9-4daa-9a31-ff61d318109c] [user:admin] [role:[]] [op:FIND_ALL_CLUBS] INFO  com.uniClub.logging.LoggingAspect - START [FIND_ALL_CLUBS] -> Method: ClubServiceImpl.getAllPaged(..), Args: [Page request [number: 0, size 5, sort: clubName: ASC]]
2025-11-25 17:46:46.917 [trace:3b5f2da7-4aa9-4daa-9a31-ff61d318109c] [user:admin] [role:[]] [op:FIND_ALL_CLUBS] DEBUG org.hibernate.SQL - 
    select
        ce1_0.id,
        ce1_0.approved,
        ce1_0.club_name,
        ce1_0.created_at,
        ce1_0.created_by,
        ce1_0.description,
        ce1_0.email,
        ce1_0.foundation_date,
        ce1_0.instagram,
        ce1_0.logo_url,
        ce1_0.phone,
        ce1_0.president_id,
        ce1_0.short_name,
        ce1_0.status,
        ce1_0.updated_at,
        ce1_0.updated_by,
        ce1_0.version 
    from
        uniclub.clubs ce1_0 
    order by
        ce1_0.club_name 
    offset
        ? rows 
    fetch
        first ? rows only
2025-11-25 17:46:46.918 [trace:3b5f2da7-4aa9-4daa-9a31-ff61d318109c] [user:admin] [role:[]] [op:FIND_ALL_CLUBS] INFO  com.uniClub.logging.LoggingAspect - END [FIND_ALL_CLUBS] -> Duration: 2 ms
2025-11-25 17:46:46.918 [trace:3b5f2da7-4aa9-4daa-9a31-ff61d318109c] [user:admin] [role:[]] [op:] INFO  c.uniClub.logging.MDCLoggingFilter - RESPONSE
traceId=3b5f2da7-4aa9-4daa-9a31-ff61d318109c | status=200 | duration=4ms
body={"status":200,"payload":{"content":[{"id":1,"clubName":"Yalova Yazılım ve Teknoloji Kulübü","shortName":"YYTK","logoUrl":"https://uniclub.yalova.edu.tr/logos/yytk.png","foundationDate":"2022-09-15","email":"yytk@yalova.edu.tr","phone":"+905551112233","instagram":"instagram.com/yytk","approved":"true","presidentId":null,"presidentUsername":null,"createdAt":"2025-11-22","status":"Terminated"}],"pageNumber":0,"pageSize":5,"totalElements":1,"totalPages":1,"last":true}}

2025-11-25 18:27:17.049 [trace:] [user:] [role:] [op:] WARN  com.zaxxer.hikari.pool.HikariPool - HikariPool-1 - Thread starvation or clock leap detected (housekeeper delta=40m50s634ms53µs300ns).
2025-11-25 18:27:20.571 [trace:] [user:] [role:] [op:] DEBUG org.hibernate.SQL - 
    select
        ue1_0.id,
        ue1_0.created_at,
        ue1_0.created_by,
        ue1_0.email,
        ue1_0.password,
        ue1_0.role,
        ue1_0.updated_at,
        ue1_0.updated_by,
        ue1_0.username,
        ue1_0.version 
    from
        uniclub.users ue1_0 
    where
        ue1_0.username=?
2025-11-25 18:27:20.582 [trace:] [user:] [role:] [op:] DEBUG org.hibernate.SQL - 
    select
        ce1_0.id,
        ce1_0.approved,
        ce1_0.club_name,
        ce1_0.created_at,
        ce1_0.created_by,
        ce1_0.description,
        ce1_0.email,
        ce1_0.foundation_date,
        ce1_0.instagram,
        ce1_0.logo_url,
        ce1_0.phone,
        p1_0.id,
        p1_0.created_at,
        p1_0.created_by,
        p1_0.email,
        p1_0.password,
        p1_0.role,
        p1_0.updated_at,
        p1_0.updated_by,
        p1_0.username,
        p1_0.version,
        ce1_0.short_name,
        ce1_0.status,
        ce1_0.updated_at,
        ce1_0.updated_by,
        ce1_0.version 
    from
        uniclub.clubs ce1_0 
    left join
        uniclub.users p1_0 
            on p1_0.id=ce1_0.president_id 
    where
        ce1_0.president_id=?
2025-11-25 18:27:20.595 [trace:21897bb0-b286-4f79-b061-3e26552ede34] [user:admin] [role:[]] [op:] INFO  c.uniClub.logging.MDCLoggingFilter - REQUEST
traceId=21897bb0-b286-4f79-b061-3e26552ede34 | method=GET | uri=/api/clubs | ip=0:0:0:0:0:0:0:1
headers=[host=localhost:8080, connection=keep-alive, sec-ch-ua-platform="Windows", authorization=Bearer eyJhbGciOiJIUzI1NiJ9.eyJyb2xlIjoiQURNSU4iLCJzdWIiOiJhZG1pbiIsImlhdCI6MTc2NDA3ODkzMCwiZXhwIjoxNzY0MDg2MTMwfQ.Cj2OzDlXyrl1NHTrGL1vmTGF7YFmlFUjapn5i1RXbys, user-agent=Mozilla/5.0 (Windows NT 10.0; Win64; x64) AppleWebKit/537.36 (KHTML, like Gecko) Chrome/142.0.0.0 Safari/537.36, accept=application/json, text/plain, */*, sec-ch-ua="Chromium";v="142", "Google Chrome";v="142", "Not_A Brand";v="99", sec-ch-ua-mobile=?0, origin=http://localhost:5173, sec-fetch-site=same-site, sec-fetch-mode=cors, sec-fetch-dest=empty, referer=http://localhost:5173/, accept-encoding=gzip, deflate, br, zstd, accept-language=tr-TR,tr;q=0.9,en-US;q=0.8,en;q=0.7, ]
body=(empty)

2025-11-25 18:27:20.599 [trace:21897bb0-b286-4f79-b061-3e26552ede34] [user:admin] [role:[]] [op:FIND_ALL_CLUBS] INFO  com.uniClub.logging.LoggingAspect - START [FIND_ALL_CLUBS] -> Method: ClubServiceImpl.getAllPaged(..), Args: [Page request [number: 0, size 5, sort: clubName: ASC]]
2025-11-25 18:27:20.601 [trace:21897bb0-b286-4f79-b061-3e26552ede34] [user:admin] [role:[]] [op:FIND_ALL_CLUBS] DEBUG org.hibernate.SQL - 
    select
        ce1_0.id,
        ce1_0.approved,
        ce1_0.club_name,
        ce1_0.created_at,
        ce1_0.created_by,
        ce1_0.description,
        ce1_0.email,
        ce1_0.foundation_date,
        ce1_0.instagram,
        ce1_0.logo_url,
        ce1_0.phone,
        ce1_0.president_id,
        ce1_0.short_name,
        ce1_0.status,
        ce1_0.updated_at,
        ce1_0.updated_by,
        ce1_0.version 
    from
        uniclub.clubs ce1_0 
    order by
        ce1_0.club_name 
    offset
        ? rows 
    fetch
        first ? rows only
2025-11-25 18:27:20.604 [trace:21897bb0-b286-4f79-b061-3e26552ede34] [user:admin] [role:[]] [op:FIND_ALL_CLUBS] INFO  com.uniClub.logging.LoggingAspect - END [FIND_ALL_CLUBS] -> Duration: 5 ms
2025-11-25 18:27:20.604 [trace:21897bb0-b286-4f79-b061-3e26552ede34] [user:admin] [role:[]] [op:] INFO  c.uniClub.logging.MDCLoggingFilter - RESPONSE
traceId=21897bb0-b286-4f79-b061-3e26552ede34 | status=200 | duration=9ms
body={"status":200,"payload":{"content":[{"id":1,"clubName":"Yalova Yazılım ve Teknoloji Kulübü","shortName":"YYTK","logoUrl":"https://uniclub.yalova.edu.tr/logos/yytk.png","foundationDate":"2022-09-15","email":"yytk@yalova.edu.tr","phone":"+905551112233","instagram":"instagram.com/yytk","approved":"true","presidentId":null,"presidentUsername":null,"createdAt":"2025-11-22","status":"Terminated"}],"pageNumber":0,"pageSize":5,"totalElements":1,"totalPages":1,"last":true}}

2025-11-25 18:27:20.618 [trace:] [user:] [role:] [op:] DEBUG org.hibernate.SQL - 
    select
        ue1_0.id,
        ue1_0.created_at,
        ue1_0.created_by,
        ue1_0.email,
        ue1_0.password,
        ue1_0.role,
        ue1_0.updated_at,
        ue1_0.updated_by,
        ue1_0.username,
        ue1_0.version 
    from
        uniclub.users ue1_0 
    where
        ue1_0.username=?
2025-11-25 18:27:20.620 [trace:] [user:] [role:] [op:] DEBUG org.hibernate.SQL - 
    select
        ce1_0.id,
        ce1_0.approved,
        ce1_0.club_name,
        ce1_0.created_at,
        ce1_0.created_by,
        ce1_0.description,
        ce1_0.email,
        ce1_0.foundation_date,
        ce1_0.instagram,
        ce1_0.logo_url,
        ce1_0.phone,
        p1_0.id,
        p1_0.created_at,
        p1_0.created_by,
        p1_0.email,
        p1_0.password,
        p1_0.role,
        p1_0.updated_at,
        p1_0.updated_by,
        p1_0.username,
        p1_0.version,
        ce1_0.short_name,
        ce1_0.status,
        ce1_0.updated_at,
        ce1_0.updated_by,
        ce1_0.version 
    from
        uniclub.clubs ce1_0 
    left join
        uniclub.users p1_0 
            on p1_0.id=ce1_0.president_id 
    where
        ce1_0.president_id=?
2025-11-25 18:27:20.620 [trace:5f50f4f0-9d32-4736-b0ce-c65f7567f642] [user:admin] [role:[]] [op:] INFO  c.uniClub.logging.MDCLoggingFilter - REQUEST
traceId=5f50f4f0-9d32-4736-b0ce-c65f7567f642 | method=GET | uri=/api/clubs | ip=0:0:0:0:0:0:0:1
headers=[host=localhost:8080, connection=keep-alive, sec-ch-ua-platform="Windows", authorization=Bearer eyJhbGciOiJIUzI1NiJ9.eyJyb2xlIjoiQURNSU4iLCJzdWIiOiJhZG1pbiIsImlhdCI6MTc2NDA3ODkzMCwiZXhwIjoxNzY0MDg2MTMwfQ.Cj2OzDlXyrl1NHTrGL1vmTGF7YFmlFUjapn5i1RXbys, user-agent=Mozilla/5.0 (Windows NT 10.0; Win64; x64) AppleWebKit/537.36 (KHTML, like Gecko) Chrome/142.0.0.0 Safari/537.36, accept=application/json, text/plain, */*, sec-ch-ua="Chromium";v="142", "Google Chrome";v="142", "Not_A Brand";v="99", sec-ch-ua-mobile=?0, origin=http://localhost:5173, sec-fetch-site=same-site, sec-fetch-mode=cors, sec-fetch-dest=empty, referer=http://localhost:5173/, accept-encoding=gzip, deflate, br, zstd, accept-language=tr-TR,tr;q=0.9,en-US;q=0.8,en;q=0.7, ]
body=(empty)

2025-11-25 18:27:20.620 [trace:5f50f4f0-9d32-4736-b0ce-c65f7567f642] [user:admin] [role:[]] [op:FIND_ALL_CLUBS] INFO  com.uniClub.logging.LoggingAspect - START [FIND_ALL_CLUBS] -> Method: ClubServiceImpl.getAllPaged(..), Args: [Page request [number: 0, size 5, sort: clubName: ASC]]
2025-11-25 18:27:20.636 [trace:5f50f4f0-9d32-4736-b0ce-c65f7567f642] [user:admin] [role:[]] [op:FIND_ALL_CLUBS] DEBUG org.hibernate.SQL - 
    select
        ce1_0.id,
        ce1_0.approved,
        ce1_0.club_name,
        ce1_0.created_at,
        ce1_0.created_by,
        ce1_0.description,
        ce1_0.email,
        ce1_0.foundation_date,
        ce1_0.instagram,
        ce1_0.logo_url,
        ce1_0.phone,
        ce1_0.president_id,
        ce1_0.short_name,
        ce1_0.status,
        ce1_0.updated_at,
        ce1_0.updated_by,
        ce1_0.version 
    from
        uniclub.clubs ce1_0 
    order by
        ce1_0.club_name 
    offset
        ? rows 
    fetch
        first ? rows only
2025-11-25 18:27:20.638 [trace:5f50f4f0-9d32-4736-b0ce-c65f7567f642] [user:admin] [role:[]] [op:FIND_ALL_CLUBS] INFO  com.uniClub.logging.LoggingAspect - END [FIND_ALL_CLUBS] -> Duration: 6 ms
2025-11-25 18:27:20.638 [trace:5f50f4f0-9d32-4736-b0ce-c65f7567f642] [user:admin] [role:[]] [op:] INFO  c.uniClub.logging.MDCLoggingFilter - RESPONSE
traceId=5f50f4f0-9d32-4736-b0ce-c65f7567f642 | status=200 | duration=18ms
body={"status":200,"payload":{"content":[{"id":1,"clubName":"Yalova Yazılım ve Teknoloji Kulübü","shortName":"YYTK","logoUrl":"https://uniclub.yalova.edu.tr/logos/yytk.png","foundationDate":"2022-09-15","email":"yytk@yalova.edu.tr","phone":"+905551112233","instagram":"instagram.com/yytk","approved":"true","presidentId":null,"presidentUsername":null,"createdAt":"2025-11-22","status":"Terminated"}],"pageNumber":0,"pageSize":5,"totalElements":1,"totalPages":1,"last":true}}

2025-11-25 23:00:03.714 [trace:] [user:] [role:] [op:] WARN  com.zaxxer.hikari.pool.HikariPool - HikariPool-1 - Thread starvation or clock leap detected (housekeeper delta=4h32m46s664ms560µs200ns).
